94 153 211 271 327 388 447 507 568 631 694 758 826 890 958 1028 1097 1169 1240 1317 1395 1479 1552 1641 1718 1800 1893 1966 2062
94 153 211 271 327 387 447 507 568 631 694 758 826 890 958 1028 1097 1169 1240 1317 1395 1479 1552 1641 1718 1800 1893 1966 2062
94 153 211 271 327 387 447 507 568 631 694 758 825 890 958 1028 1097 1169 1240 1317 1395 1479 1552 1641 1718 1800 1893 1966 2062
94 153 211 271 327 387 447 507 568 631 694 758 825 890 958 1028 1097 1169 1240 1317 1395 1479 1552 1641 1718 1800 1893 1966 2062
94 153 211 271 327 387 447 507 568 631 694 757 825 890 958 1028 1097 1169 1240 1317 1395 1478 1552 1641 1718 1800 1893 1966 2062
94 152 211 270 327 387 447 507 568 631 694 757 825 890 958 1028 1097 1169 1240 1317 1395 1478 1552 1641 1718 1800 1893 1966 2062
94 152 211 270 327 387 447 507 568 631 694 757 825 890 958 1028 1097 1169 1240 1317 1395 1478 1552 1641 1718 1800 1893 1966 2062
94 152 211 270 327 387 447 507 568 631 694 757 825 890 958 1028 1097 1169 1240 1317 1395 1478 1552 1641 1718 1800 1893 1966 2062
94 152 211 270 327 387 447 506 568 631 694 757 825 890 958 1028 1097 1169 1240 1317 1395 1478 1552 1641 1718 1800 1893 1966 2062
94 152 211 270 327 387 447 506 568 631 694 757 825 889 958 1028 1097 1169 1240 1317 1395 1478 1552 1641 1718 1800 1893 1966 2062
93 152 211 270 327 387 447 506 568 631 694 757 825 889 958 1028 1097 1169 1239 1317 1395 1478 1552 1641 1718 1800 1893 1966 2062
93 152 211 270 327 387 447 506 568 631 694 757 825 889 958 1028 1097 1169 1239 1317 1395 1478 1552 1641 1718 1800 1893 1966 2062
93 152 211 270 327 387 447 506 567 631 694 757 825 889 958 1028 1097 1169 1239 1317 1395 1478 1552 1641 1718 1800 1893 1966 2062
93 152 211 270 327 387 446 506 567 631 694 757 825 889 958 1027 1096 1169 1239 1317 1395 1478 1552 1641 1718 1800 1893 1966 2062
93 152 211 270 327 387 446 506 567 630 694 757 825 889 958 1027 1096 1169 1239 1317 1395 1478 1552 1641 1718 1800 1893 1966 2062
93 152 211 270 327 387 446 506 567 630 694 757 825 889 958 1027 1096 1169 1239 1317 1395 1478 1552 1641 1718 1800 1893 1966 2062
93 152 211 270 326 387 446 506 567 630 694 757 825 889 958 1027 1096 1169 1239 1317 1395 1478 1552 1641 1717 1800 1893 1966 2062
93 152 211 270 326 387 446 506 567 630 694 757 825 889 957 1027 1096 1169 1239 1317 1395 1478 1552 1641 1717 1800 1893 1966 2062
93 152 211 270 326 387 446 506 567 630 694 757 825 889 957 1027 1096 1169 1239 1317 1395 1478 1552 1641 1717 1800 1893 1966 2062
93 152 210 270 326 387 446 506 567 630 694 757 825 889 957 1027 1096 1169 1239 1317 1395 1478 1552 1641 1717 1800 1893 1966 2062
93 152 210 270 326 387 446 506 567 630 694 757 825 889 957 1027 1096 1169 1239 1317 1395 1478 1552 1641 1717 1800 1893 1966 2062
93 152 210 270 326 387 446 506 567 630 694 757 825 889 957 1027 1096 1169 1239 1317 1395 1478 1552 1641 1717 1800 1893 1966 2062
93 152 210 270 326 387 446 506 567 630 694 757 825 889 957 1027 1096 1169 1239 1317 1395 1478 1552 1641 1717 1800 1893 1966 2062
93 152 210 270 326 387 446 506 567 630 694 757 825 889 957 1027 1096 1169 1239 1317 1395 1478 1552 1641 1717 1800 1893 1966 2062
93 152 210 270 326 387 446 506 567 630 694 757 825 889 957 1027 1096 1169 1239 1317 1395 1478 1552 1641 1717 1800 1893 1966 2062
93 152 210 270 326 387 446 506 567 630 693 757 825 889 957 1027 1096 1169 1239 1317 1395 1478 1552 1641 1717 1800 1893 1966 2062
93 152 210 270 326 386 446 506 567 630 693 757 825 889 957 1027 1096 1169 1239 1317 1395 1478 1552 1641 1717 1800 1893 1966 2062
93 152 210 269 326 386 446 506 567 630 693 757 825 889 957 1027 1096 1169 1239 1317 1395 1478 1552 1641 1717 1800 1893 1966 2062
93 151 210 269 326 386 446 506 567 630 693 757 825 889 957 1027 1096 1169 1239 1317 1395 1478 1552 1641 1717 1800 1893 1966 2062
93 151 210 269 326 386 446 506 567 630 693 757 825 889 957 1027 1096 1169 1239 1317 1395 1478 1552 1641 1717 1800 1893 1966 2062
93 151 210 269 326 386 446 506 567 630 693 757 825 889 957 1027 1096 1169 1239 1317 1395 1478 1552 1641 1717 1800 1893 1966 2062
93 151 210 269 326 386 446 506 567 630 693 757 825 889 957 1027 1096 1169 1239 1317 1395 1478 1552 1641 1717 1800 1893 1966 2062
93 151 210 269 326 386 446 506 567 630 693 757 824 889 957 1027 1096 1169 1239 1317 1395 1478 1552 1641 1717 1800 1893 1966 2062
92 151 210 269 326 386 446 506 567 630 693 757 824 889 957 1027 1096 1169 1239 1317 1395 1478 1552 1641 1717 1800 1893 1966 2062
92 151 210 269 326 386 446 506 567 630 693 757 824 889 957 1027 1096 1169 1239 1317 1395 1478 1552 1641 1717 1800 1893 1966 2062
92 151 210 269 326 386 446 505 567 630 693 757 824 889 957 1027 1096 1168 1239 1317 1395 1478 1552 1641 1717 1800 1893 1966 2062
92 151 210 269 326 386 446 505 567 630 693 756 824 889 957 1027 1096 1168 1239 1317 1394 1478 1552 1641 1717 1800 1893 1966 2062
92 151 210 269 326 386 446 505 567 630 693 756 824 889 957 1027 1096 1168 1239 1317 1394 1478 1552 1641 1717 1800 1893 1966 2062
92 151 210 269 326 386 445 505 567 630 693 756 824 889 957 1027 1096 1168 1239 1317 1394 1478 1552 1641 1717 1800 1893 1966 2062
92 151 210 269 326 386 445 505 567 630 693 756 824 889 957 1027 1096 1168 1239 1317 1394 1478 1552 1640 1717 1800 1892 1966 2062
92 151 210 269 326 386 445 505 567 630 693 756 824 889 957 1027 1096 1168 1239 1317 1394 1478 1552 1640 1717 1800 1892 1966 2062
92 151 210 269 325 386 445 505 566 630 693 756 824 889 957 1027 1096 1168 1239 1317 1394 1478 1552 1640 1717 1800 1892 1966 2062
92 151 209 269 325 386 445 505 566 630 693 756 824 889 957 1027 1096 1168 1239 1317 1394 1478 1552 1640 1717 1800 1892 1966 2062
92 151 209 269 325 386 445 505 566 629 693 756 824 889 957 1027 1096 1168 1239 1317 1394 1478 1552 1640 1717 1800 1892 1967 2062
92 151 209 269 325 386 445 505 566 629 693 756 824 888 957 1027 1096 1168 1239 1317 1394 1478 1552 1640 1717 1800 1892 1967 2062
92 151 209 269 325 386 445 505 566 629 693 756 824 888 957 1027 1096 1168 1239 1317 1394 1478 1551 1640 1717 1800 1892 1967 2062
92 151 209 269 325 386 445 505 566 629 693 756 824 888 957 1027 1096 1168 1239 1317 1394 1478 1551 1640 1717 1800 1892 1967 2062
92 151 209 269 325 386 445 505 566 629 693 756 824 888 957 1027 1096 1168 1239 1317 1394 1478 1551 1640 1717 1800 1892 1967 2062
92 151 209 269 325 386 445 505 566 629 693 756 824 888 957 1027 1096 1168 1239 1317 1394 1477 1551 1640 1717 1800 1892 1967 2062
92 151 209 269 325 386 445 505 566 629 693 756 824 888 957 1027 1096 1168 1239 1317 1394 1477 1551 1640 1717 1800 1892 1967 2062
92 150 209 268 325 385 445 505 566 629 693 756 824 888 957 1027 1096 1168 1239 1317 1394 1477 1551 1640 1717 1800 1892 1967 2062
92 150 209 268 325 385 445 505 566 629 693 756 824 888 957 1026 1096 1168 1239 1317 1394 1477 1551 1640 1717 1800 1892 1967 2062
92 150 209 268 325 385 445 505 566 629 693 756 824 888 957 1026 1096 1168 1239 1317 1394 1477 1551 1640 1717 1800 1892 1967 2062
92 150 209 268 325 385 445 505 566 629 693 756 824 888 957 1026 1096 1168 1239 1317 1394 1477 1551 1640 1717 1800 1892 1967 2062
92 150 209 268 325 385 445 505 566 629 693 756 824 888 957 1026 1096 1168 1239 1317 1394 1477 1551 1640 1717 1800 1892 1967 2062
92 150 209 268 325 385 445 505 566 629 692 756 824 888 957 1026 1096 1168 1239 1317 1394 1477 1551 1640 1717 1800 1892 1967 2062
91 150 209 268 325 385 445 505 566 629 692 756 824 888 956 1026 1096 1168 1239 1317 1394 1477 1551 1640 1717 1800 1892 1967 2062
91 150 209 268 325 385 445 505 566 629 692 756 824 888 956 1026 1096 1168 1239 1317 1394 1477 1551 1640 1717 1800 1892 1967 2062
91 150 209 268 325 385 445 505 566 629 692 756 824 888 956 1026 1096 1168 1239 1317 1394 1477 1551 1640 1717 1800 1892 1967 2062
91 150 209 268 325 385 445 505 566 629 692 756 824 888 956 1026 1095 1168 1239 1316 1394 1477 1551 1640 1717 1800 1892 1967 2062
91 150 209 268 325 385 445 505 566 629 692 756 824 888 956 1026 1095 1168 1239 1316 1394 1477 1551 1640 1717 1800 1892 1967 2062
91 150 209 268 325 385 445 505 566 629 692 756 824 888 956 1026 1095 1168 1239 1316 1394 1477 1551 1640 1717 1800 1892 1967 2062
91 150 209 268 325 385 445 504 566 629 692 756 823 888 956 1026 1095 1168 1239 1316 1394 1477 1551 1640 1717 1800 1892 1967 2062
91 150 209 268 325 385 445 504 566 629 692 756 823 888 956 1026 1095 1168 1239 1316 1394 1477 1551 1640 1717 1800 1892 1967 2062
91 150 209 268 325 385 445 504 566 629 692 756 823 888 956 1026 1095 1168 1239 1316 1394 1477 1551 1640 1717 1800 1892 1967 2063
91 150 208 268 325 385 444 504 566 629 692 756 823 888 956 1026 1095 1168 1239 1316 1394 1477 1551 1640 1717 1800 1892 1967 2063
91 150 208 268 325 385 444 504 566 629 692 756 823 888 956 1026 1095 1168 1239 1316 1394 1477 1551 1640 1717 1800 1892 1967 2063
91 150 208 268 324 385 444 504 566 629 692 756 823 888 956 1026 1095 1168 1239 1316 1394 1477 1551 1640 1717 1800 1892 1967 2063
91 150 208 268 324 385 444 504 566 629 692 756 823 888 956 1026 1095 1168 1239 1316 1394 1477 1551 1640 1717 1800 1892 1967 2063
91 150 208 268 324 385 444 504 566 629 692 755 823 888 956 1026 1095 1168 1239 1316 1394 1477 1551 1640 1717 1800 1892 1967 2063
91 150 208 268 324 385 444 504 565 629 692 755 823 888 956 1026 1095 1168 1239 1316 1394 1477 1551 1640 1717 1800 1892 1967 2063
91 150 208 268 324 385 444 504 565 629 692 755 823 888 956 1026 1095 1168 1239 1316 1394 1477 1551 1640 1717 1800 1892 1967 2063
91 150 208 268 324 385 444 504 565 628 692 755 823 888 956 1026 1095 1168 1239 1316 1394 1477 1551 1640 1717 1800 1892 1967 2063
91 150 208 267 324 385 444 504 565 628 692 755 823 888 956 1026 1095 1168 1239 1316 1394 1477 1551 1640 1717 1800 1892 1967 2063
91 149 208 267 324 385 444 504 565 628 692 755 823 888 956 1026 1095 1168 1239 1316 1394 1477 1551 1640 1717 1800 1892 1967 2063
91 149 208 267 324 384 444 504 565 628 692 755 823 888 956 1026 1095 1168 1239 1316 1394 1477 1551 1640 1717 1800 1892 1967 2063
91 149 208 267 324 384 444 504 565 628 692 755 823 888 956 1026 1095 1168 1239 1316 1394 1477 1551 1640 1717 1800 1892 1967 2063
91 149 208 267 324 384 444 504 565 628 692 755 823 888 956 1026 1095 1168 1239 1316 1394 1477 1551 1640 1717 1800 1892 1967 2063
91 149 208 267 324 384 444 504 565 628 692 755 823 888 956 1026 1095 1168 1239 1316 1394 1477 1551 1640 1717 1800 1892 1967 2063
90 149 208 267 324 384 444 504 565 628 692 755 823 888 956 1026 1095 1168 1239 1316 1394 1477 1551 1640 1717 1800 1892 1967 2063
90 149 208 267 324 384 444 504 565 628 692 755 823 888 956 1026 1095 1168 1239 1316 1394 1477 1551 1640 1717 1800 1892 1967 2063
90 149 208 267 324 384 444 504 565 628 692 755 823 887 956 1026 1095 1168 1239 1316 1394 1477 1551 1640 1717 1800 1892 1967 2063
90 149 208 267 324 384 444 504 565 628 692 755 823 887 956 1026 1095 1168 1239 1316 1394 1477 1551 1640 1717 1800 1892 1967 2063
90 149 208 267 324 384 444 504 565 628 692 755 823 887 956 1026 1095 1168 1239 1316 1394 1477 1551 1640 1717 1800 1892 1967 2063
90 149 208 267 324 384 444 504 565 628 692 755 823 887 956 1026 1095 1168 1238 1316 1394 1477 1551 1640 1717 1800 1892 1967 2063
90 149 208 267 324 384 444 504 565 628 692 755 823 887 956 1026 1095 1168 1238 1316 1394 1477 1551 1640 1717 1800 1892 1967 2063
90 149 208 267 324 384 444 504 565 628 691 755 823 887 956 1026 1095 1168 1238 1316 1394 1477 1551 1640 1717 1800 1892 1967 2063
90 149 208 267 324 384 444 504 565 628 691 755 823 887 956 1026 1095 1168 1238 1316 1394 1477 1551 1640 1717 1800 1892 1967 2063
90 149 208 267 324 384 444 504 565 628 691 755 823 887 956 1026 1095 1167 1238 1316 1394 1477 1551 1640 1717 1800 1892 1967 2063
90 149 207 267 324 384 444 504 565 628 691 755 823 887 956 1026 1095 1167 1238 1316 1394 1477 1551 1639 1717 1800 1892 1967 2063
90 149 207 267 324 384 444 504 565 628 691 755 823 887 956 1026 1095 1167 1238 1316 1394 1477 1551 1639 1717 1800 1892 1967 2063
90 149 207 267 324 384 443 503 565 628 691 755 823 887 956 1026 1095 1167 1238 1316 1394 1477 1551 1639 1717 1800 1892 1967 2063
90 149 207 267 324 384 443 503 565 628 691 755 823 887 956 1025 1095 1167 1238 1316 1394 1477 1551 1639 1717 1800 1892 1967 2063
90 149 207 267 323 384 443 503 565 628 691 755 822 887 956 1025 1095 1167 1238 1316 1394 1477 1551 1639 1717 1800 1892 1967 2063
90 149 207 267 323 384 443 503 565 628 691 755 822 887 956 1025 1095 1167 1238 1316 1394 1477 1551 1639 1717 1800 1892 1967 2063
90 149 207 267 323 384 443 503 565 628 691 755 822 887 956 1025 1095 1167 1238 1316 1394 1477 1551 1639 1717 1800 1892 1967 2063
90 149 207 266 323 384 443 503 565 628 691 755 822 887 956 1025 1095 1167 1238 1316 1394 1476 1551 1639 1717 1800 1892 1967 2063
90 148 207 266 323 384 443 503 565 628 691 755 822 887 955 1025 1095 1167 1238 1316 1394 1476 1551 1639 1717 1800 1892 1967 2063
90 148 207 266 323 384 443 503 565 628 691 755 822 887 955 1025 1095 1167 1238 1316 1394 1476 1551 1639 1717 1800 1892 1967 2063
90 148 207 266 323 384 443 503 565 628 691 755 822 887 955 1025 1095 1167 1238 1316 1394 1476 1551 1639 1717 1800 1892 1967 2063
90 148 207 266 323 383 443 503 564 628 691 755 822 887 955 1025 1095 1167 1238 1316 1394 1476 1551 1639 1717 1800 1892 1967 2063
90 148 207 266 323 383 443 503 564 628 691 755 822 887 955 1025 1095 1167 1238 1316 1394 1476 1551 1639 1717 1800 1892 1967 2063
89 148 207 266 323 383 443 503 564 627 691 755 822 887 955 1025 1095 1167 1238 1316 1394 1476 1551 1639 1717 1800 1892 1967 2063
89 148 207 266 323 383 443 503 564 627 691 754 822 887 955 1025 1095 1167 1238 1316 1394 1476 1551 1639 1717 1800 1892 1967 2063
89 148 207 266 323 383 443 503 564 627 691 754 822 887 955 1025 1095 1167 1238 1316 1394 1476 1551 1639 1717 1800 1892 1967 2063
89 148 207 266 323 383 443 503 564 627 691 754 822 887 955 1025 1095 1167 1238 1316 1394 1476 1551 1639 1717 1800 1892 1968 2063
89 148 207 266 323 383 443 503 564 627 691 754 822 887 955 1025 1095 1167 1238 1316 1394 1476 1551 1639 1717 1800 1892 1968 2063
89 148 207 266 323 383 443 503 564 627 691 754 822 887 955 1025 1095 1167 1238 1316 1394 1476 1551 1639 1717 1800 1892 1968 2063
89 148 207 266 323 383 443 503 564 627 691 754 822 887 955 1025 1094 1167 1238 1316 1393 1476 1551 1639 1717 1800 1892 1968 2063
89 148 207 266 323 383 443 503 564 627 691 754 822 887 955 1025 1094 1167 1238 1316 1393 1476 1551 1639 1717 1800 1892 1968 2063
89 148 207 266 323 383 443 503 564 627 691 754 822 887 955 1025 1094 1167 1238 1316 1393 1476 1551 1639 1717 1800 1892 1968 2063
89 148 207 266 323 383 443 503 564 627 691 754 822 887 955 1025 1094 1167 1238 1316 1393 1476 1551 1639 1717 1800 1892 1968 2063
89 148 207 266 323 383 443 503 564 627 691 754 822 887 955 1025 1094 1167 1238 1316 1393 1476 1551 1639 1717 1800 1892 1968 2063
89 148 206 266 323 383 443 503 564 627 691 754 822 887 955 1025 1094 1167 1238 1316 1393 1476 1551 1639 1717 1800 1892 1968 2063
89 148 206 266 323 383 443 503 564 627 691 754 822 887 955 1025 1094 1167 1238 1316 1393 1476 1551 1639 1717 1800 1892 1968 2063
89 148 206 266 323 383 443 503 564 627 691 754 822 887 955 1025 1094 1167 1238 1316 1393 1476 1551 1639 1717 1800 1892 1968 2063
89 148 206 266 323 383 443 503 564 627 691 754 822 887 955 1025 1094 1167 1238 1316 1393 1476 1551 1639 1717 1800 1892 1968 2063
89 148 206 266 323 383 443 503 564 627 691 754 822 887 955 1025 1094 1167 1238 1316 1393 1476 1551 1639 1717 1800 1892 1968 2063
89 148 206 266 323 383 442 503 564 627 690 754 822 887 955 1025 1094 1167 1238 1316 1393 1476 1551 1639 1717 1800 1892 1968 2063
89 148 206 265 323 383 442 502 564 627 690 754 822 886 955 1025 1094 1167 1238 1316 1393 1476 1551 1639 1717 1800 1892 1968 2063
89 148 206 265 322 383 442 502 564 627 690 754 822 886 955 1025 1094 1167 1238 1316 1393 1476 1551 1639 1717 1800 1892 1968 2063
89 147 206 265 322 383 442 502 564 627 690 754 822 886 955 1025 1094 1167 1238 1316 1393 1476 1551 1639 1717 1800 1892 1968 2063
89 147 206 265 322 383 442 502 564 627 690 754 822 886 955 1025 1094 1167 1238 1316 1393 1476 1551 1639 1717 1800 1892 1968 2063
89 147 206 265 322 383 442 502 564 627 690 754 822 886 955 1025 1094 1167 1238 1316 1393 1476 1551 1639 1717 1800 1892 1968 2063
89 147 206 265 322 383 442 502 564 627 690 754 822 886 955 1025 1094 1167 1238 1316 1393 1476 1551 1639 1717 1800 1892 1968 2063
89 147 206 265 322 383 442 502 564 627 690 754 822 886 955 1025 1094 1167 1238 1316 1393 1476 1551 1639 1717 1800 1891 1968 2063
88 147 206 265 322 382 442 502 564 627 690 754 821 886 955 1025 1094 1167 1238 1316 1393 1476 1551 1639 1717 1800 1891 1968 2063
88 147 206 265 322 382 442 502 564 627 690 754 821 886 955 1025 1094 1167 1238 1315 1393 1476 1551 1639 1717 1800 1891 1968 2063
88 147 206 265 322 382 442 502 564 627 690 754 821 886 955 1025 1094 1167 1238 1315 1393 1476 1551 1639 1717 1800 1891 1968 2063
88 147 206 265 322 382 442 502 564 627 690 754 821 886 955 1025 1094 1167 1238 1315 1393 1476 1551 1639 1717 1800 1891 1968 2063
88 147 206 265 322 382 442 502 563 627 690 754 821 886 955 1025 1094 1167 1238 1315 1393 1476 1551 1639 1717 1800 1891 1968 2063
88 147 206 265 322 382 442 502 563 627 690 754 821 886 955 1025 1094 1167 1238 1315 1393 1476 1551 1639 1717 1800 1891 1968 2063
88 147 206 265 322 382 442 502 563 626 690 754 821 886 955 1025 1094 1167 1238 1315 1393 1476 1551 1639 1717 1800 1891 1968 2063
88 147 206 265 322 382 442 502 563 626 690 754 821 886 955 1025 1094 1167 1238 1315 1393 1476 1551 1639 1717 1800 1891 1968 2063
88 147 206 265 322 382 442 502 563 626 690 754 821 886 955 1024 1094 1167 1238 1315 1393 1476 1551 1639 1717 1800 1891 1968 2063
88 147 206 265 322 382 442 502 563 626 690 754 821 886 955 1024 1094 1167 1238 1315 1393 1476 1551 1639 1717 1800 1891 1968 2063
88 147 206 265 322 382 442 502 563 626 690 754 821 886 955 1024 1094 1167 1238 1315 1393 1476 1551 1639 1717 1800 1891 1968 2063
88 147 205 265 322 382 442 502 563 626 690 754 821 886 955 1024 1094 1167 1238 1315 1393 1476 1551 1639 1717 1800 1891 1968 2063
88 147 205 265 322 382 442 502 563 626 690 753 821 886 955 1024 1094 1167 1238 1315 1393 1476 1551 1639 1717 1800 1891 1968 2063
88 147 205 265 322 382 442 502 563 626 690 753 821 886 954 1024 1094 1167 1238 1315 1393 1476 1551 1639 1717 1800 1891 1968 2063
88 147 205 265 322 382 442 502 563 626 690 753 821 886 954 1024 1094 1167 1238 1315 1393 1476 1551 1639 1717 1800 1891 1968 2063
88 147 205 265 322 382 442 502 563 626 690 753 821 886 954 1024 1094 1167 1238 1315 1393 1476 1551 1639 1717 1800 1891 1968 2063
88 147 205 265 322 382 442 502 563 626 690 753 821 886 954 1024 1094 1167 1238 1315 1393 1476 1551 1639 1717 1800 1891 1968 2063
88 147 205 264 322 382 442 502 563 626 690 753 821 886 954 1024 1094 1167 1238 1315 1393 1476 1551 1639 1717 1800 1891 1968 2063
88 147 205 264 322 382 442 502 563 626 690 753 821 886 954 1024 1094 1166 1238 1315 1393 1476 1551 1638 1717 1800 1891 1968 2063
88 146 205 264 322 382 442 502 563 626 690 753 821 886 954 1024 1094 1166 1238 1315 1393 1476 1551 1638 1717 1800 1891 1968 2063
88 146 205 264 322 382 441 502 563 626 690 753 821 886 954 1024 1094 1166 1238 1315 1393 1476 1551 1638 1717 1800 1891 1968 2063
88 146 205 264 321 382 441 502 563 626 690 753 821 886 954 1024 1094 1166 1238 1315 1393 1476 1551 1638 1717 1800 1891 1968 2063
88 146 205 264 321 382 441 501 563 626 690 753 821 886 954 1024 1094 1166 1238 1315 1393 1475 1551 1638 1717 1800 1891 1968 2063
88 146 205 264 321 382 441 501 563 626 690 753 821 886 954 1024 1094 1166 1238 1315 1393 1475 1551 1638 1717 1800 1891 1968 2063
87 146 205 264 321 382 441 501 563 626 689 753 821 886 954 1024 1094 1166 1238 1315 1393 1475 1551 1638 1717 1800 1891 1968 2063
87 146 205 264 321 382 441 501 563 626 689 753 821 886 954 1024 1094 1166 1238 1315 1393 1475 1551 1638 1717 1800 1891 1968 2063
87 146 205 264 321 382 441 501 563 626 689 753 821 886 954 1024 1094 1166 1238 1315 1393 1475 1551 1638 1717 1800 1891 1968 2063
87 146 205 264 321 381 441 501 563 626 689 753 821 886 954 1024 1094 1166 1238 1315 1393 1475 1551 1638 1717 1800 1891 1968 2063
87 146 205 264 321 381 441 501 563 626 689 753 821 886 954 1024 1094 1166 1238 1315 1393 1475 1551 1638 1717 1800 1891 1968 2063
87 146 205 264 321 381 441 501 563 626 689 753 821 886 954 1024 1094 1166 1238 1315 1393 1475 1551 1638 1717 1800 1891 1968 2063
87 146 205 264 321 381 441 501 563 626 689 753 821 886 954 1024 1094 1166 1238 1315 1393 1475 1551 1638 1717 1800 1891 1968 2063
87 146 205 264 321 381 441 501 563 626 689 753 821 886 954 1024 1094 1166 1238 1315 1393 1475 1551 1638 1717 1800 1891 1968 2064
87 146 205 264 321 381 441 501 563 626 689 753 821 885 954 1024 1094 1166 1238 1315 1393 1475 1550 1638 1717 1800 1891 1968 2064
87 146 205 264 321 381 441 501 563 626 689 753 820 885 954 1024 1094 1166 1238 1315 1393 1475 1550 1638 1717 1800 1891 1968 2064
87 146 205 264 321 381 441 501 563 626 689 753 820 885 954 1024 1093 1166 1238 1315 1393 1475 1550 1638 1717 1800 1891 1968 2064
87 146 205 264 321 381 441 501 562 626 689 753 820 885 954 1024 1093 1166 1238 1315 1393 1475 1550 1638 1717 1800 1891 1968 2064
87 146 204 264 321 381 441 501 562 626 689 753 820 885 954 1024 1093 1166 1238 1315 1393 1475 1550 1638 1717 1800 1891 1968 2064
87 146 204 264 321 381 441 501 562 626 689 753 820 885 954 1024 1093 1166 1238 1315 1393 1475 1550 1638 1717 1800 1891 1969 2064
87 146 204 264 321 381 441 501 562 625 689 753 820 885 954 1024 1093 1166 1238 1315 1393 1475 1550 1638 1717 1800 1891 1969 2064
87 146 204 264 321 381 441 501 562 625 689 753 820 885 954 1024 1093 1166 1238 1315 1393 1475 1550 1638 1717 1800 1891 1969 2064
87 146 204 264 321 381 441 501 562 625 689 753 820 885 954 1024 1093 1166 1238 1315 1393 1475 1550 1638 1717 1800 1891 1969 2064
87 146 204 263 321 381 441 501 562 625 689 753 820 885 954 1024 1093 1166 1238 1315 1393 1475 1550 1638 1717 1800 1891 1969 2064
87 146 204 263 321 381 441 501 562 625 689 753 820 885 954 1024 1093 1166 1238 1315 1393 1475 1550 1638 1717 1800 1891 1969 2064
87 145 204 263 321 381 441 501 562 625 689 753 820 885 954 1024 1093 1166 1238 1315 1393 1475 1550 1638 1717 1800 1891 1969 2064
87 145 204 263 321 381 441 501 562 625 689 753 820 885 954 1024 1093 1166 1237 1315 1393 1475 1550 1638 1717 1800 1891 1969 2064
87 145 204 263 321 381 441 501 562 625 689 753 820 885 954 1024 1093 1166 1237 1315 1393 1475 1550 1638 1717 1800 1891 1969 2064
87 145 204 263 321 381 441 501 562 625 689 753 820 885 954 1024 1093 1166 1237 1315 1393 1475 1550 1638 1717 1800 1891 1969 2064
87 145 204 263 321 381 441 501 562 625 689 753 820 885 954 1024 1093 1166 1237 1315 1393 1475 1550 1638 1717 1800 1891 1969 2064
86 145 204 263 320 381 440 501 562 625 689 752 820 885 954 1024 1093 1166 1237 1315 1393 1475 1550 1638 1717 1800 1891 1969 2064
86 145 204 263 320 381 440 501 562 625 689 752 820 885 954 1024 1093 1166 1237 1315 1393 1475 1550 1638 1717 1800 1891 1969 2064
86 145 204 263 320 381 440 501 562 625 689 752 820 885 954 1024 1093 1166 1237 1315 1393 1475 1550 1638 1716 1800 1891 1969 2064
86 145 204 263 320 381 440 501 562 625 689 752 820 885 954 1024 1093 1166 1237 1315 1393 1475 1550 1638 1716 1800 1891 1969 2064
86 145 204 263 320 381 440 500 562 625 689 752 820 885 954 1024 1093 1166 1237 1315 1393 1475 1550 1638 1716 1800 1891 1969 2064
86 145 204 263 320 380 440 500 562 625 689 752 820 885 954 1023 1093 1166 1237 1315 1393 1475 1550 1638 1716 1800 1891 1969 2064
86 145 204 263 320 380 440 500 562 625 689 752 820 885 954 1023 1093 1166 1237 1315 1393 1475 1550 1638 1716 1800 1891 1969 2064
86 145 204 263 320 380 440 500 562 625 689 752 820 885 954 1023 1093 1166 1237 1315 1393 1475 1550 1638 1716 1800 1891 1969 2064
86 145 204 263 320 380 440 500 562 625 689 752 820 885 954 1023 1093 1166 1237 1315 1393 1475 1550 1638 1716 1800 1891 1969 2064
86 145 204 263 320 380 440 500 562 625 689 752 820 885 954 1023 1093 1166 1237 1315 1393 1475 1550 1638 1716 1800 1891 1969 2064
86 145 204 263 320 380 440 500 562 625 688 752 820 885 953 1023 1093 1166 1237 1315 1393 1475 1550 1638 1716 1800 1891 1969 2064
86 145 204 263 320 380 440 500 562 625 688 752 820 885 953 1023 1093 1166 1237 1315 1393 1475 1550 1638 1716 1800 1891 1969 2064
86 145 204 263 320 380 440 500 562 625 688 752 820 885 953 1023 1093 1166 1237 1315 1393 1475 1550 1638 1716 1800 1891 1969 2064
86 145 203 263 320 380 440 500 562 625 688 752 820 885 953 1023 1093 1166 1237 1315 1393 1475 1550 1638 1716 1800 1891 1969 2064
86 145 203 263 320 380 440 500 562 625 688 752 820 885 953 1023 1093 1166 1237 1315 1393 1475 1550 1638 1716 1800 1891 1969 2064
86 145 203 263 320 380 440 500 562 625 688 752 820 885 953 1023 1093 1166 1237 1315 1393 1475 1550 1638 1716 1800 1891 1969 2064
86 145 203 263 320 380 440 500 562 625 688 752 820 885 953 1023 1093 1166 1237 1315 1393 1475 1550 1638 1716 1800 1891 1969 2064
86 145 203 263 320 380 440 500 562 625 688 752 820 885 953 1023 1093 1166 1237 1315 1393 1475 1550 1638 1716 1800 1891 1969 2064
86 145 203 262 320 380 440 500 562 625 688 752 820 885 953 1023 1093 1166 1237 1315 1393 1475 1550 1638 1716 1800 1891 1969 2064
86 145 203 262 320 380 440 500 561 625 688 752 819 885 953 1023 1093 1166 1237 1315 1393 1475 1550 1638 1716 1800 1891 1969 2064
86 144 203 262 320 380 440 500 561 625 688 752 819 885 953 1023 1093 1166 1237 1315 1393 1475 1550 1638 1716 1800 1891 1969 2064
86 144 203 262 320 380 440 500 561 625 688 752 819 885 953 1023 1093 1166 1237 1315 1392 1475 1550 1638 1716 1800 1891 1969 2064
86 144 203 262 320 380 440 500 561 624 688 752 819 885 953 1023 1093 1166 1237 1315 1392 1475 1550 1638 1716 1800 1891 1969 2064
86 144 203 262 320 380 440 500 561 624 688 752 819 885 953 1023 1093 1166 1237 1315 1392 1475 1550 1638 1716 1800 1891 1969 2064
86 144 203 262 320 380 440 500 561 624 688 752 819 885 953 1023 1093 1166 1237 1315 1392 1475 1550 1638 1716 1800 1891 1969 2064
85 144 203 262 320 380 440 500 561 624 688 752 819 885 953 1023 1093 1166 1237 1315 1392 1475 1550 1638 1716 1800 1891 1969 2064
85 144 203 262 320 380 440 500 561 624 688 752 819 884 953 1023 1093 1166 1237 1315 1392 1475 1550 1638 1716 1800 1891 1969 2064
85 144 203 262 320 380 440 500 561 624 688 752 819 884 953 1023 1093 1166 1237 1315 1392 1475 1550 1638 1716 1800 1891 1969 2064
85 144 203 262 319 380 440 500 561 624 688 752 819 884 953 1023 1093 1166 1237 1315 1392 1475 1550 1638 1716 1800 1891 1969 2064
85 144 203 262 319 380 439 500 561 624 688 752 819 884 953 1023 1093 1166 1237 1315 1392 1475 1550 1638 1716 1800 1891 1969 2064
85 144 203 262 319 380 439 500 561 624 688 752 819 884 953 1023 1093 1166 1237 1315 1392 1475 1550 1638 1716 1800 1891 1969 2064
85 144 203 262 319 380 439 500 561 624 688 752 819 884 953 1023 1093 1166 1237 1315 1392 1475 1550 1638 1716 1800 1891 1969 2064
85 144 203 262 319 380 439 500 561 624 688 752 819 884 953 1023 1093 1165 1237 1314 1392 1475 1550 1638 1716 1800 1891 1969 2064
85 144 203 262 319 379 439 500 561 624 688 752 819 884 953 1023 1093 1165 1237 1314 1392 1474 1550 1638 1716 1800 1891 1969 2064
85 144 203 262 319 379 439 500 561 624 688 752 819 884 953 1023 1093 1165 1237 1314 1392 1474 1550 1637 1716 1800 1891 1969 2064
85 144 203 262 319 379 439 499 561 624 688 752 819 884 953 1023 1093 1165 1237 1314 1392 1474 1550 1637 1716 1800 1891 1969 2064
85 144 203 262 319 379 439 499 561 624 688 752 819 884 953 1023 1093 1165 1237 1314 1392 1474 1550 1637 1716 1800 1891 1969 2064
85 144 203 262 319 379 439 499 561 624 688 751 819 884 953 1023 1093 1165 1237 1314 1392 1474 1550 1637 1716 1800 1891 1969 2064
85 144 202 262 319 379 439 499 561 624 688 751 819 884 953 1023 1093 1165 1237 1314 1392 1474 1550 1637 1716 1800 1891 1969 2064
85 144 202 262 319 379 439 499 561 624 688 751 819 884 953 1023 1093 1165 1237 1314 1392 1474 1550 1637 1716 1800 1891 1969 2064
85 144 202 262 319 379 439 499 561 624 688 751 819 884 953 1023 1093 1165 1237 1314 1392 1474 1550 1637 1716 1800 1891 1969 2064
85 144 202 262 319 379 439 499 561 624 688 751 819 884 953 1023 1093 1165 1237 1314 1392 1474 1550 1637 1716 1800 1891 1969 2064
85 144 202 261 319 379 439 499 561 624 688 751 819 884 953 1023 1092 1165 1237 1314 1392 1474 1550 1637 1716 1800 1891 1969 2064
85 144 202 261 319 379 439 499 561 624 688 751 819 884 953 1023 1092 1165 1237 1314 1392 1474 1550 1637 1716 1800 1891 1969 2064
85 144 202 261 319 379 439 499 561 624 687 751 819 884 953 1023 1092 1165 1237 1314 1392 1474 1550 1637 1716 1800 1891 1970 2064
85 143 202 261 319 379 439 499 561 624 687 751 819 884 953 1023 1092 1165 1237 1314 1392 1474 1550 1637 1716 1800 1891 1970 2064
85 143 202 261 319 379 439 499 561 624 687 751 819 884 953 1023 1092 1165 1237 1314 1392 1474 1550 1637 1716 1800 1891 1970 2064
85 143 202 261 319 379 439 499 561 624 687 751 819 884 953 1023 1092 1165 1237 1314 1392 1474 1550 1637 1716 1800 1891 1970 2064
85 143 202 261 319 379 439 499 561 624 687 751 819 884 953 1023 1092 1165 1237 1314 1392 1474 1550 1637 1716 1800 1891 1970 2064
85 143 202 261 319 379 439 499 561 624 687 751 819 884 953 1023 1092 1165 1237 1314 1392 1474 1550 1637 1716 1800 1891 1970 2064
84 143 202 261 319 379 439 499 561 624 687 751 819 884 953 1023 1092 1165 1237 1314 1392 1474 1550 1637 1716 1800 1891 1970 2064
84 143 202 261 319 379 439 499 560 624 687 751 819 884 953 1023 1092 1165 1237 1314 1392 1474 1550 1637 1716 1800 1891 1970 2064
84 143 202 261 319 379 439 499 560 624 687 751 819 884 953 1022 1092 1165 1237 1314 1392 1474 1550 1637 1716 1800 1891 1970 2064
84 143 202 261 319 379 439 499 560 624 687 751 819 884 953 1022 1092 1165 1237 1314 1392 1474 1550 1637 1716 1800 1891 1970 2064
84 143 202 261 319 379 439 499 560 624 687 751 819 884 953 1022 1092 1165 1237 1314 1392 1474 1550 1637 1716 1800 1891 1970 2064
84 143 202 261 319 379 439 499 560 623 687 751 818 884 953 1022 1092 1165 1237 1314 1392 1474 1550 1637 1716 1800 1891 1970 2064
84 143 202 261 318 379 439 499 560 623 687 751 818 884 953 1022 1092 1165 1237 1314 1392 1474 1550 1637 1716 1800 1891 1970 2064
84 143 202 261 318 379 439 499 560 623 687 751 818 884 952 1022 1092 1165 1237 1314 1392 1474 1550 1637 1716 1800 1891 1970 2064
84 143 202 261 318 379 438 499 560 623 687 751 818 884 952 1022 1092 1165 1237 1314 1392 1474 1550 1637 1716 1800 1891 1970 2064
84 143 202 261 318 379 438 499 560 623 687 751 818 884 952 1022 1092 1165 1237 1314 1392 1474 1550 1637 1716 1800 1891 1970 2064
84 143 202 261 318 378 438 499 560 623 687 751 818 884 952 1022 1092 1165 1237 1314 1392 1474 1550 1637 1716 1800 1891 1970 2065
84 143 202 261 318 378 438 499 560 623 687 751 818 884 952 1022 1092 1165 1237 1314 1392 1474 1550 1637 1716 1800 1891 1970 2065
84 143 202 261 318 378 438 499 560 623 687 751 818 884 952 1022 1092 1165 1237 1314 1392 1474 1550 1637 1716 1800 1891 1970 2065
84 143 202 261 318 378 438 499 560 623 687 751 818 884 952 1022 1092 1165 1237 1314 1392 1474 1550 1637 1716 1800 1891 1970 2065
84 143 201 261 318 378 438 499 560 623 687 751 818 884 952 1022 1092 1165 1237 1314 1392 1474 1550 1637 1716 1800 1891 1970 2065
84 143 201 261 318 378 438 499 560 623 687 751 818 884 952 1022 1092 1165 1237 1314 1392 1474 1550 1637 1716 1800 1891 1970 2065
84 143 201 261 318 378 438 498 560 623 687 751 818 884 952 1022 1092 1165 1237 1314 1392 1474 1550 1637 1716 1800 1891 1970 2065
84 143 201 261 318 378 438 498 560 623 687 751 818 884 952 1022 1092 1165 1237 1314 1392 1474 1550 1637 1716 1800 1891 1970 2065
84 143 201 260 318 378 438 498 560 623 687 751 818 884 952 1022 1092 1165 1237 1314 1392 1474 1550 1637 1716 1800 1891 1970 2065
84 143 201 260 318 378 438 498 560 623 687 751 818 883 952 1022 1092 1165 1237 1314 1392 1474 1550 1637 1716 1800 1891 1970 2065
84 143 201 260 318 378 438 498 560 623 687 751 818 883 952 1022 1092 1165 1237 1314 1392 1474 1550 1637 1716 1800 1891 1970 2065
84 142 201 260 318 378 438 498 560 623 687 751 818 883 952 1022 1092 1165 1237 1314 1392 1474 1550 1637 1716 1800 1891 1970 2065
84 142 201 260 318 378 438 498 560 623 687 751 818 883 952 1022 1092 1165 1237 1314 1392 1474 1550 1637 1716 1800 1891 1970 2065
84 142 201 260 318 378 438 498 560 623 687 751 818 883 952 1022 1092 1165 1237 1314 1392 1474 1550 1637 1716 1800 1891 1970 2065
84 142 201 260 318 378 438 498 560 623 687 751 818 883 952 1022 1092 1165 1237 1314 1392 1474 1550 1637 1716 1800 1891 1970 2065
84 142 201 260 318 378 438 498 560 623 687 751 818 883 952 1022 1092 1165 1237 1314 1392 1474 1550 1637 1716 1800 1891 1970 2065
83 142 201 260 318 378 438 498 560 623 687 750 818 883 952 1022 1092 1165 1237 1314 1392 1474 1550 1637 1716 1800 1891 1970 2065
83 142 201 260 318 378 438 498 560 623 687 750 818 883 952 1022 1092 1165 1237 1314 1392 1474 1550 1637 1716 1800 1891 1970 2065
83 142 201 260 318 378 438 498 560 623 687 750 818 883 952 1022 1092 1165 1237 1314 1392 1474 1550 1637 1716 1800 1891 1970 2065
83 142 201 260 318 378 438 498 560 623 687 750 818 883 952 1022 1092 1165 1237 1314 1392 1474 1550 1637 1716 1800 1891 1970 2065
83 142 201 260 318 378 438 498 560 623 686 750 818 883 952 1022 1092 1165 1237 1314 1392 1474 1550 1637 1716 1800 1891 1970 2065
83 142 201 260 318 378 438 498 560 623 686 750 818 883 952 1022 1092 1165 1237 1314 1392 1474 1550 1637 1716 1800 1891 1970 2065
83 142 201 260 318 378 438 498 560 623 686 750 818 883 952 1022 1092 1165 1237 1314 1392 1474 1550 1637 1716 1800 1891 1970 2065
83 142 201 260 318 378 438 498 560 623 686 750 818 883 952 1022 1092 1165 1237 1314 1392 1474 1550 1637 1716 1800 1891 1970 2065
83 142 201 260 318 378 438 498 560 623 686 750 818 883 952 1022 1092 1165 1237 1314 1392 1474 1550 1637 1716 1800 1891 1970 2065
83 142 201 260 317 378 438 498 559 623 686 750 818 883 952 1022 1092 1165 1237 1314 1392 1474 1550 1637 1716 1800 1891 1970 2065
83 142 201 260 317 378 438 498 559 623 686 750 818 883 952 1022 1092 1165 1237 1314 1392 1474 1550 1637 1716 1800 1891 1970 2065
83 142 201 260 317 378 438 498 559 623 686 750 818 883 952 1022 1092 1165 1237 1314 1392 1474 1550 1637 1716 1800 1891 1970 2065
83 142 201 260 317 378 437 498 559 623 686 750 818 883 952 1022 1092 1165 1237 1314 1392 1474 1550 1637 1716 1800 1891 1970 2065
83 142 201 260 317 377 437 498 559 622 686 750 818 883 952 1022 1092 1165 1237 1314 1392 1474 1550 1637 1716 1800 1891 1970 2065
83 142 201 260 317 377 437 498 559 622 686 750 818 883 952 1022 1092 1165 1237 1314 1392 1474 1550 1637 1716 1800 1891 1970 2065
83 142 200 260 317 377 437 498 559 622 686 750 818 883 952 1022 1092 1165 1237 1314 1392 1474 1550 1637 1716 1800 1891 1970 2065
83 142 200 260 317 377 437 498 559 622 686 750 817 883 952 1022 1092 1165 1237 1314 1392 1474 1550 1637 1716 1800 1891 1970 2065
83 142 200 260 317 377 437 498 559 622 686 750 817 883 952 1022 1092 1165 1237 1314 1392 1474 1550 1637 1716 1800 1891 1970 2065
83 142 200 259 317 377 437 498 559 622 686 750 817 883 952 1022 1092 1165 1237 1314 1392 1474 1550 1637 1716 1800 1891 1970 2065
83 142 200 259 317 377 437 498 559 622 686 750 817 883 952 1022 1092 1165 1237 1314 1392 1474 1550 1637 1716 1800 1891 1971 2065
83 142 200 259 317 377 437 498 559 622 686 750 817 883 952 1022 1092 1165 1237 1314 1392 1474 1550 1637 1716 1800 1891 1971 2065
83 141 200 259 317 377 437 498 559 622 686 750 817 883 952 1022 1092 1165 1237 1314 1392 1474 1550 1637 1716 1800 1891 1971 2065
83 141 200 259 317 377 437 497 559 622 686 750 817 883 952 1022 1092 1165 1237 1314 1392 1474 1550 1637 1716 1800 1890 1971 2065
83 141 200 259 317 377 437 497 559 622 686 750 817 883 952 1022 1092 1165 1237 1314 1392 1474 1550 1637 1716 1800 1890 1971 2065
83 141 200 259 317 377 437 497 559 622 686 750 817 883 952 1022 1092 1165 1237 1314 1392 1473 1550 1637 1716 1800 1890 1971 2065
83 141 200 259 317 377 437 497 559 622 686 750 817 883 952 1022 1092 1164 1237 1314 1392 1473 1550 1637 1716 1800 1890 1971 2065
82 141 200 259 317 377 437 497 559 622 686 750 817 883 952 1022 1092 1164 1237 1314 1392 1473 1550 1637 1716 1800 1890 1971 2065
82 141 200 259 317 377 437 497 559 622 686 750 817 883 952 1021 1092 1164 1237 1314 1392 1473 1550 1637 1716 1800 1890 1971 2065
82 141 200 259 317 377 437 497 559 622 686 750 817 883 952 1021 1091 1164 1236 1314 1392 1473 1550 1637 1716 1800 1890 1971 2065
82 141 200 259 317 377 437 497 559 622 686 750 817 883 952 1021 1091 1164 1236 1314 1392 1473 1550 1637 1716 1800 1890 1971 2065
82 141 200 259 317 377 437 497 559 622 686 750 817 883 952 1021 1091 1164 1236 1314 1392 1473 1550 1637 1716 1800 1890 1971 2065
82 141 200 259 317 377 437 497 559 622 686 750 817 883 951 1021 1091 1164 1236 1314 1392 1473 1550 1637 1716 1800 1890 1971 2065
82 141 200 259 317 377 437 497 559 622 686 750 817 883 951 1021 1091 1164 1236 1314 1392 1473 1550 1637 1716 1800 1890 1971 2065
82 141 200 259 317 377 437 497 559 622 686 750 817 883 951 1021 1091 1164 1236 1314 1392 1473 1550 1637 1716 1800 1890 1971 2065
82 141 200 259 317 377 437 497 559 622 686 750 817 883 951 1021 1091 1164 1236 1314 1392 1473 1550 1637 1716 1800 1890 1971 2065
82 141 200 259 317 377 437 497 559 622 686 750 817 883 951 1021 1091 1164 1236 1314 1392 1473 1550 1636 1716 1800 1890 1971 2065
82 141 200 259 317 377 437 497 559 622 686 750 817 883 951 1021 1091 1164 1236 1314 1392 1473 1550 1636 1716 1800 1890 1971 2065
82 141 200 259 317 377 437 497 559 622 686 750 817 883 951 1021 1091 1164 1236 1314 1392 1473 1550 1636 1716 1800 1890 1971 2065
82 141 200 259 317 377 437 497 559 622 686 750 817 882 951 1021 1091 1164 1236 1314 1392 1473 1550 1636 1716 1800 1890 1971 2065
82 141 200 259 316 377 437 497 559 622 686 750 817 882 951 1021 1091 1164 1236 1314 1392 1473 1550 1636 1716 1800 1890 1971 2065
82 141 200 259 316 377 437 497 559 622 685 749 817 882 951 1021 1091 1164 1236 1314 1392 1473 1550 1636 1716 1800 1890 1971 2065
82 141 199 259 316 377 437 497 559 622 685 749 817 882 951 1021 1091 1164 1236 1314 1392 1473 1550 1636 1716 1800 1890 1971 2065
82 141 199 259 316 376 437 497 559 622 685 749 817 882 951 1021 1091 1164 1236 1314 1392 1473 1550 1636 1716 1800 1890 1971 2065
82 141 199 259 316 376 436 497 558 622 685 749 817 882 951 1021 1091 1164 1236 1314 1392 1473 1550 1636 1716 1800 1890 1971 2065
82 141 199 258 316 376 436 497 558 622 685 749 817 882 951 1021 1091 1164 1236 1314 1392 1473 1550 1636 1716 1800 1890 1971 2065
82 141 199 258 316 376 436 497 558 622 685 749 817 882 951 1021 1091 1164 1236 1314 1392 1473 1550 1636 1716 1800 1890 1971 2065
82 141 199 258 316 376 436 497 558 622 685 749 817 882 951 1021 1091 1164 1236 1314 1392 1473 1550 1636 1716 1800 1890 1971 2065
82 140 199 258 316 376 436 497 558 622 685 749 817 882 951 1021 1091 1164 1236 1314 1392 1473 1550 1636 1716 1800 1890 1971 2065
82 140 199 258 316 376 436 497 558 621 685 749 817 882 951 1021 1091 1164 1236 1314 1392 1473 1550 1636 1716 1800 1890 1971 2065
82 140 199 258 316 376 436 497 558 621 685 749 817 882 951 1021 1091 1164 1236 1314 1392 1473 1550 1636 1716 1800 1890 1971 2065
82 140 199 258 316 376 436 497 558 621 685 749 817 882 951 1021 1091 1164 1236 1314 1392 1473 1550 1636 1716 1800 1890 1971 2066
82 140 199 258 316 376 436 497 558 621 685 749 817 882 951 1021 1091 1164 1236 1314 1392 1473 1550 1636 1716 1800 1890 1971 2066
81 140 199 258 316 376 436 497 558 621 685 749 817 882 951 1021 1091 1164 1236 1313 1392 1473 1550 1636 1716 1800 1890 1971 2066
81 140 199 258 316 376 436 497 558 621 685 749 817 882 951 1021 1091 1164 1236 1313 1392 1473 1550 1636 1716 1800 1890 1971 2066
81 140 199 258 316 376 436 497 558 621 685 749 816 882 951 1021 1091 1164 1236 1313 1392 1473 1550 1636 1716 1800 1890 1971 2066
81 140 199 258 316 376 436 496 558 621 685 749 816 882 951 1021 1091 1164 1236 1313 1392 1473 1550 1636 1716 1800 1890 1971 2066
81 140 199 258 316 376 436 496 558 621 685 749 816 882 951 1021 1091 1164 1236 1313 1392 1473 1550 1636 1716 1800 1890 1971 2066
81 140 199 258 316 376 436 496 558 621 685 749 816 882 951 1021 1091 1164 1236 1313 1392 1473 1550 1636 1716 1800 1890 1971 2066
81 140 199 258 316 376 436 496 558 621 685 749 816 882 951 1021 1091 1164 1236 1313 1391 1473 1550 1636 1716 1800 1890 1971 2066
81 140 199 258 316 376 436 496 558 621 685 749 816 882 951 1021 1091 1164 1236 1313 1391 1473 1550 1636 1716 1800 1890 1971 2066
81 140 199 258 316 376 436 496 558 621 685 749 816 882 951 1021 1091 1164 1236 1313 1391 1473 1550 1636 1716 1800 1890 1971 2066
81 140 199 258 316 376 436 496 558 621 685 749 816 882 951 1021 1091 1164 1236 1313 1391 1473 1550 1636 1716 1800 1890 1971 2066
81 140 199 258 316 376 436 496 558 621 685 749 816 882 951 1021 1091 1164 1236 1313 1391 1473 1550 1636 1716 1800 1890 1971 2066
81 140 199 258 316 376 436 496 558 621 685 749 816 882 951 1021 1091 1164 1236 1313 1391 1473 1550 1636 1716 1800 1890 1971 2066
81 140 199 258 316 376 436 496 558 621 685 749 816 882 951 1021 1091 1164 1236 1313 1391 1473 1550 1636 1716 1800 1890 1971 2066
81 140 199 258 316 376 436 496 558 621 685 749 816 882 951 1021 1091 1164 1236 1313 1391 1473 1550 1636 1716 1800 1890 1971 2066
81 140 199 258 316 376 436 496 558 621 685 749 816 882 951 1021 1091 1164 1236 1313 1391 1473 1550 1636 1716 1800 1890 1971 2066
81 140 199 258 316 376 436 496 558 621 685 749 816 882 951 1021 1091 1164 1236 1313 1391 1473 1550 1636 1716 1800 1890 1971 2066
81 140 199 258 316 376 436 496 558 621 685 749 816 882 951 1021 1091 1164 1236 1313 1391 1473 1550 1636 1716 1800 1890 1972 2066
81 140 198 258 315 376 436 496 558 621 685 749 816 882 951 1021 1091 1164 1236 1313 1391 1473 1550 1636 1716 1800 1890 1972 2066
81 140 198 258 315 376 436 496 558 621 685 749 816 882 951 1021 1091 1164 1236 1313 1391 1473 1550 1636 1716 1800 1890 1972 2066
81 140 198 257 315 375 436 496 558 621 685 749 816 882 951 1021 1091 1164 1236 1313 1391 1473 1550 1636 1716 1800 1890 1972 2066
81 140 198 257 315 375 436 496 558 621 685 749 816 882 951 1021 1091 1164 1236 1313 1391 1473 1550 1636 1716 1800 1890 1972 2066
81 140 198 257 315 375 436 496 558 621 685 749 816 882 951 1021 1091 1164 1236 1313 1391 1473 1550 1636 1716 1800 1890 1972 2066
81 139 198 257 315 375 436 496 558 621 685 749 816 882 951 1021 1091 1164 1236 1313 1391 1473 1550 1636 1716 1800 1890 1972 2066
81 139 198 257 315 375 435 496 558 621 685 749 816 882 951 1021 1091 1164 1236 1313 1391 1473 1550 1636 1716 1800 1890 1972 2066
81 139 198 257 315 375 435 496 558 621 685 749 816 882 951 1021 1091 1164 1236 1313 1391 1473 1550 1636 1716 1800 1890 1972 2066
81 139 198 257 315 375 435 496 558 621 685 749 816 882 951 1021 1091 1164 1236 1313 1391 1473 1550 1636 1716 1800 1890 1972 2066
81 139 198 257 315 375 435 496 558 621 684 749 816 882 951 1021 1091 1164 1236 1313 1391 1473 1550 1636 1716 1800 1890 1972 2066
80 139 198 257 315 375 435 496 557 621 684 749 816 882 951 1021 1091 1164 1236 1313 1391 1473 1550 1636 1716 1801 1890 1972 2066
80 139 198 257 315 375 435 496 557 621 684 749 816 882 951 1021 1091 1164 1236 1313 1391 1473 1550 1636 1716 1801 1890 1972 2066
80 139 198 257 315 375 435 496 557 621 684 749 816 882 951 1021 1091 1164 1236 1313 1391 1473 1550 1636 1716 1801 1890 1972 2066
80 139 198 257 315 375 435 496 557 621 684 748 816 882 951 1020 1091 1164 1236 1313 1391 1473 1550 1636 1716 1801 1890 1972 2066
80 139 198 257 315 375 435 496 557 621 684 748 816 882 951 1020 1091 1164 1236 1313 1391 1473 1550 1636 1716 1801 1890 1972 2066
80 139 198 257 315 375 435 496 557 620 684 748 816 882 951 1020 1091 1164 1236 1313 1391 1473 1550 1636 1716 1801 1890 1972 2066
80 139 198 257 315 375 435 496 557 620 684 748 816 882 950 1020 1091 1164 1236 1313 1391 1473 1550 1636 1716 1801 1890 1972 2066
80 139 198 257 315 375 435 496 557 620 684 748 816 882 950 1020 1091 1164 1236 1313 1391 1473 1550 1636 1716 1801 1890 1972 2066
80 139 198 257 315 375 435 496 557 620 684 748 816 881 950 1020 1091 1164 1236 1313 1391 1473 1550 1636 1716 1801 1890 1972 2066
80 139 198 257 315 375 435 496 557 620 684 748 816 881 950 1020 1091 1164 1236 1313 1391 1473 1550 1636 1716 1801 1890 1972 2066
80 139 198 257 315 375 435 495 557 620 684 748 816 881 950 1020 1091 1164 1236 1313 1391 1473 1550 1636 1716 1801 1890 1972 2066
80 139 198 257 315 375 435 495 557 620 684 748 816 881 950 1020 1091 1164 1236 1313 1391 1473 1550 1636 1716 1801 1890 1972 2066
80 139 198 257 315 375 435 495 557 620 684 748 816 881 950 1020 1091 1164 1236 1313 1391 1473 1550 1636 1716 1801 1890 1972 2066
80 139 198 257 315 375 435 495 557 620 684 748 816 881 950 1020 1091 1164 1236 1313 1391 1473 1550 1636 1716 1801 1890 1972 2066
80 139 198 257 315 375 435 495 557 620 684 748 816 881 950 1020 1091 1164 1236 1313 1391 1473 1550 1636 1716 1801 1890 1972 2066
80 139 198 257 315 375 435 495 557 620 684 748 816 881 950 1020 1091 1164 1236 1313 1391 1473 1550 1636 1716 1801 1890 1972 2066
80 139 198 257 315 375 435 495 557 620 684 748 815 881 950 1020 1091 1164 1236 1313 1391 1473 1550 1636 1716 1801 1890 1972 2066
80 139 197 257 315 375 435 495 557 620 684 748 815 881 950 1020 1090 1164 1236 1313 1391 1473 1550 1636 1716 1801 1890 1972 2066
80 139 197 257 315 375 435 495 557 620 684 748 815 881 950 1020 1090 1164 1236 1313 1391 1473 1550 1636 1716 1801 1890 1972 2066
80 139 197 256 315 375 435 495 557 620 684 748 815 881 950 1020 1090 1164 1236 1313 1391 1473 1550 1636 1716 1801 1890 1972 2066
80 139 197 256 315 375 435 495 557 620 684 748 815 881 950 1020 1090 1164 1236 1313 1391 1473 1550 1636 1716 1801 1890 1972 2066
80 139 197 256 314 375 435 495 557 620 684 748 815 881 950 1020 1090 1164 1236 1313 1391 1473 1550 1636 1716 1801 1890 1972 2066
80 138 197 256 314 374 435 495 557 620 684 748 815 881 950 1020 1090 1164 1236 1313 1391 1473 1550 1636 1716 1801 1890 1972 2066
80 138 197 256 314 374 435 495 557 620 684 748 815 881 950 1020 1090 1164 1236 1313 1391 1473 1550 1636 1716 1801 1890 1972 2066
80 138 197 256 314 374 435 495 557 620 684 748 815 881 950 1020 1090 1164 1236 1313 1391 1473 1550 1636 1716 1801 1890 1972 2066
80 138 197 256 314 374 435 495 557 620 684 748 815 881 950 1020 1090 1164 1236 1313 1391 1473 1550 1636 1716 1801 1890 1972 2066
80 138 197 256 314 374 435 495 557 620 684 748 815 881 950 1020 1090 1163 1236 1313 1391 1473 1550 1636 1716 1801 1890 1972 2066
79 138 197 256 314 374 435 495 557 620 684 748 815 881 950 1020 1090 1163 1236 1313 1391 1472 1550 1636 1716 1801 1890 1972 2066
79 138 197 256 314 374 434 495 557 620 684 748 815 881 950 1020 1090 1163 1236 1313 1391 1472 1550 1636 1716 1801 1890 1972 2066
79 138 197 256 314 374 434 495 557 620 684 748 815 881 950 1020 1090 1163 1236 1313 1391 1472 1550 1636 1716 1801 1890 1972 2066
79 138 197 256 314 374 434 495 557 620 684 748 815 881 950 1020 1090 1163 1236 1313 1391 1472 1550 1636 1716 1801 1890 1972 2066
79 138 197 256 314 374 434 495 557 620 684 748 815 881 950 1020 1090 1163 1236 1313 1391 1472 1550 1636 1716 1801 1890 1972 2067
79 138 197 256 314 374 434 495 557 620 684 748 815 881 950 1020 1090 1163 1236 1313 1391 1472 1550 1636 1716 1801 1890 1972 2067
79 138 197 256 314 374 434 495 557 620 684 748 815 881 950 1020 1090 1163 1236 1313 1391 1472 1550 1636 1716 1801 1890 1972 2067
79 138 197 256 314 374 434 495 557 620 684 748 815 881 950 1020 1090 1163 1236 1313 1391 1472 1550 1636 1716 1801 1890 1972 2067
79 138 197 256 314 374 434 495 557 620 684 748 815 881 950 1020 1090 1163 1236 1313 1391 1472 1550 1636 1716 1801 1890 1972 2067
79 138 197 256 314 374 434 495 557 620 684 748 815 881 950 1020 1090 1163 1236 1313 1391 1472 1550 1636 1716 1801 1890 1973 2067
79 138 197 256 314 374 434 495 556 620 684 748 815 881 950 1020 1090 1163 1236 1313 1391 1472 1550 1636 1716 1801 1890 1973 2067
79 138 197 256 314 374 434 495 556 620 684 748 815 881 950 1020 1090 1163 1236 1313 1391 1472 1550 1636 1716 1801 1890 1973 2067
79 138 197 256 314 374 434 495 556 620 683 748 815 881 950 1020 1090 1163 1236 1313 1391 1472 1550 1636 1716 1801 1890 1973 2067
79 138 197 256 314 374 434 495 556 620 683 748 815 881 950 1020 1090 1163 1236 1313 1391 1472 1550 1636 1716 1801 1890 1973 2067
79 138 197 256 314 374 434 495 556 620 683 748 815 881 950 1020 1090 1163 1236 1313 1391 1472 1550 1636 1716 1801 1890 1973 2067
79 138 197 256 314 374 434 495 556 620 683 748 815 881 950 1020 1090 1163 1236 1313 1391 1472 1550 1636 1716 1801 1890 1973 2067
79 138 197 256 314 374 434 495 556 619 683 748 815 881 950 1020 1090 1163 1236 1313 1391 1472 1550 1636 1716 1801 1890 1973 2067
79 138 197 256 314 374 434 494 556 619 683 748 815 881 950 1020 1090 1163 1236 1313 1391 1472 1550 1636 1716 1801 1890 1973 2067
79 138 197 256 314 374 434 494 556 619 683 748 815 881 950 1020 1090 1163 1236 1313 1391 1472 1550 1636 1716 1801 1890 1973 2067
79 138 196 256 314 374 434 494 556 619 683 748 815 881 950 1020 1090 1163 1236 1313 1391 1472 1550 1636 1716 1801 1890 1973 2067
79 138 196 255 314 374 434 494 556 619 683 748 815 881 950 1020 1090 1163 1236 1313 1391 1472 1550 1636 1716 1801 1890 1973 2067
79 138 196 255 314 374 434 494 556 619 683 747 815 881 950 1020 1090 1163 1236 1313 1391 1472 1550 1636 1716 1801 1890 1973 2067
79 138 196 255 314 374 434 494 556 619 683 747 815 881 950 1020 1090 1163 1236 1313 1391 1472 1550 1636 1716 1801 1890 1973 2067
79 137 196 255 314 374 434 494 556 619 683 747 815 881 950 1020 1090 1163 1236 1313 1391 1472 1550 1636 1716 1801 1890 1973 2067
79 137 196 255 314 374 434 494 556 619 683 747 815 881 950 1020 1090 1163 1236 1313 1391 1472 1550 1636 1716 1801 1890 1973 2067
79 137 196 255 313 374 434 494 556 619 683 747 815 881 950 1020 1090 1163 1236 1313 1391 1472 1550 1636 1716 1801 1890 1973 2067
79 137 196 255 313 373 434 494 556 619 683 747 815 881 950 1020 1090 1163 1236 1313 1391 1472 1550 1636 1716 1801 1890 1973 2067
79 137 196 255 313 373 434 494 556 619 683 747 815 881 950 1020 1090 1163 1236 1313 1391 1472 1550 1636 1716 1801 1890 1973 2067
78 137 196 255 313 373 434 494 556 619 683 747 815 881 950 1020 1090 1163 1236 1313 1391 1472 1550 1636 1716 1801 1890 1973 2067
78 137 196 255 313 373 434 494 556 619 683 747 815 881 950 1020 1090 1163 1236 1313 1391 1472 1550 1636 1716 1801 1890 1973 2067
78 137 196 255 313 373 434 494 556 619 683 747 815 881 950 1020 1090 1163 1236 1313 1391 1472 1550 1636 1716 1801 1890 1973 2067
78 137 196 255 313 373 434 494 556 619 683 747 814 881 950 1020 1090 1163 1236 1313 1391 1472 1550 1636 1716 1801 1890 1973 2067
78 137 196 255 313 373 434 494 556 619 683 747 814 880 950 1020 1090 1163 1236 1313 1391 1472 1550 1636 1716 1801 1890 1973 2067
78 137 196 255 313 373 434 494 556 619 683 747 814 880 950 1020 1090 1163 1236 1313 1391 1472 1550 1636 1716 1801 1890 1973 2067
78 137 196 255 313 373 433 494 556 619 683 747 814 880 950 1020 1090 1163 1236 1313 1391 1472 1550 1636 1716 1801 1890 1973 2067
78 137 196 255 313 373 433 494 556 619 683 747 814 880 950 1020 1090 1163 1236 1313 1391 1472 1550 1635 1716 1801 1890 1973 2067
78 137 196 255 313 373 433 494 556 619 683 747 814 880 950 1019 1090 1163 1236 1313 1391 1472 1550 1635 1716 1801 1890 1973 2067
78 137 196 255 313 373 433 494 556 619 683 747 814 880 949 1019 1090 1163 1236 1313 1391 1472 1550 1635 1716 1801 1890 1973 2067
78 137 196 255 313 373 433 494 556 619 683 747 814 880 949 1019 1090 1163 1236 1313 1391 1472 1550 1635 1716 1801 1890 1973 2067
78 137 196 255 313 373 433 494 556 619 683 747 814 880 949 1019 1090 1163 1236 1313 1391 1472 1550 1635 1716 1801 1890 1973 2067
78 137 196 255 313 373 433 494 556 619 683 747 814 880 949 1019 1090 1163 1236 1313 1391 1472 1550 1635 1716 1801 1890 1973 2067
78 137 196 255 313 373 433 494 556 619 683 747 814 880 949 1019 1090 1163 1236 1313 1391 1472 1550 1635 1716 1801 1890 1973 2067
78 137 196 255 313 373 433 494 556 619 683 747 814 880 949 1019 1090 1163 1236 1313 1391 1472 1550 1635 1716 1801 1890 1973 2067
78 137 196 255 313 373 433 494 556 619 683 747 814 880 949 1019 1090 1163 1236 1313 1391 1472 1550 1635 1716 1801 1890 1973 2067
78 137 196 255 313 373 433 494 556 619 683 747 814 880 949 1019 1090 1163 1236 1313 1391 1472 1550 1635 1716 1801 1890 1973 2067
78 137 196 255 313 373 433 494 556 619 683 747 814 880 949 1019 1090 1163 1236 1313 1391 1472 1550 1635 1716 1801 1890 1973 2067
78 137 196 255 313 373 433 494 556 619 683 747 814 880 949 1019 1090 1163 1236 1313 1391 1472 1550 1635 1716 1801 1890 1973 2067
78 137 196 255 313 373 433 494 556 619 683 747 814 880 949 1019 1090 1163 1236 1313 1391 1472 1550 1635 1716 1801 1890 1973 2067
78 137 195 254 313 373 433 494 555 619 683 747 814 880 949 1019 1090 1163 1236 1313 1391 1472 1550 1635 1716 1801 1890 1973 2067
78 137 195 254 313 373 433 494 555 619 683 747 814 880 949 1019 1090 1163 1236 1313 1391 1472 1550 1635 1716 1801 1890 1973 2067
78 137 195 254 313 373 433 494 555 619 683 747 814 880 949 1019 1090 1163 1236 1313 1391 1472 1550 1635 1716 1801 1890 1973 2067
78 137 195 254 313 373 433 494 555 619 683 747 814 880 949 1019 1090 1163 1236 1313 1391 1472 1550 1635 1716 1801 1890 1973 2067
78 136 195 254 313 373 433 494 555 619 683 747 814 880 949 1019 1090 1163 1236 1313 1391 1472 1550 1635 1716 1801 1890 1973 2067
78 136 195 254 313 373 433 493 555 619 682 747 814 880 949 1019 1090 1163 1236 1313 1391 1472 1550 1635 1716 1801 1890 1973 2067
78 136 195 254 313 373 433 493 555 619 682 747 814 880 949 1019 1090 1163 1236 1313 1391 1472 1550 1635 1716 1801 1890 1974 2067
78 136 195 254 313 373 433 493 555 618 682 747 814 880 949 1019 1090 1163 1236 1313 1391 1472 1550 1635 1716 1801 1890 1974 2067
77 136 195 254 313 373 433 493 555 618 682 747 814 880 949 1019 1090 1163 1236 1313 1391 1472 1550 1635 1716 1801 1890 1974 2067
77 136 195 254 313 373 433 493 555 618 682 747 814 880 949 1019 1090 1163 1236 1313 1391 1472 1550 1635 1717 1801 1890 1974 2067
77 136 195 254 312 372 433 493 555 618 682 747 814 880 949 1019 1090 1163 1236 1313 1391 1472 1550 1635 1717 1801 1890 1974 2067
77 136 195 254 312 372 433 493 555 618 682 747 814 880 949 1019 1090 1163 1236 1313 1391 1472 1550 1635 1717 1801 1890 1974 2068
77 136 195 254 312 372 433 493 555 618 682 747 814 880 949 1019 1090 1163 1236 1313 1391 1472 1550 1635 1717 1801 1890 1974 2068
77 136 195 254 312 372 433 493 555 618 682 747 814 880 949 1019 1090 1163 1236 1313 1391 1472 1550 1635 1717 1801 1890 1974 2068
77 136 195 254 312 372 433 493 555 618 682 747 814 880 949 1019 1090 1163 1236 1313 1391 1472 1550 1635 1717 1801 1890 1974 2068
77 136 195 254 312 372 433 493 555 618 682 747 814 880 949 1019 1090 1163 1236 1313 1391 1472 1550 1635 1717 1801 1890 1974 2068
77 136 195 254 312 372 433 493 555 618 682 747 814 880 949 1019 1090 1163 1236 1313 1391 1472 1550 1635 1717 1801 1890 1974 2068
77 136 195 254 312 372 433 493 555 618 682 747 814 880 949 1019 1090 1163 1236 1313 1391 1472 1550 1635 1717 1801 1890 1974 2068
77 136 195 254 312 372 433 493 555 618 682 747 814 880 949 1019 1090 1163 1236 1313 1391 1472 1550 1635 1717 1801 1890 1974 2068
77 136 195 254 312 372 433 493 555 618 682 746 814 880 949 1019 1090 1163 1236 1313 1391 1472 1550 1635 1717 1801 1890 1974 2068
77 136 195 254 312 372 432 493 555 618 682 746 814 880 949 1019 1090 1163 1236 1313 1391 1472 1550 1635 1717 1801 1890 1974 2068
77 136 195 254 312 372 432 493 555 618 682 746 814 880 949 1019 1090 1163 1236 1313 1391 1472 1550 1635 1717 1801 1890 1974 2068
77 136 195 254 312 372 432 493 555 618 682 746 814 880 949 1019 1089 1163 1236 1313 1391 1472 1550 1635 1717 1801 1890 1974 2068
77 136 195 254 312 372 432 493 555 618 682 746 814 880 949 1019 1089 1163 1236 1313 1391 1472 1550 1635 1717 1801 1890 1974 2068
77 136 195 254 312 372 432 493 555 618 682 746 814 880 949 1019 1089 1163 1236 1313 1391 1472 1550 1635 1717 1801 1890 1974 2068
77 136 195 254 312 372 432 493 555 618 682 746 814 880 949 1019 1089 1163 1236 1313 1391 1472 1550 1635 1717 1801 1890 1974 2068
77 136 195 254 312 372 432 493 555 618 682 746 814 880 949 1019 1089 1163 1236 1313 1391 1472 1550 1635 1717 1801 1890 1974 2068
77 136 195 254 312 372 432 493 555 618 682 746 814 880 949 1019 1089 1163 1236 1313 1391 1472 1550 1635 1717 1801 1890 1974 2068
77 136 195 254 312 372 432 493 555 618 682 746 813 880 949 1019 1089 1163 1236 1313 1391 1472 1550 1635 1717 1801 1890 1974 2068
77 136 194 253 312 372 432 493 555 618 682 746 813 880 949 1019 1089 1163 1236 1313 1391 1472 1550 1635 1717 1801 1890 1974 2068
77 136 194 253 312 372 432 493 555 618 682 746 813 880 949 1019 1089 1163 1236 1313 1391 1472 1550 1635 1717 1801 1890 1974 2068
77 136 194 253 312 372 432 493 555 618 682 746 813 880 949 1019 1089 1163 1236 1313 1391 1472 1550 1635 1717 1801 1890 1974 2068
77 136 194 253 312 372 432 493 555 618 682 746 813 880 949 1019 1089 1163 1236 1313 1391 1472 1550 1635 1717 1801 1890 1974 2068
77 135 194 253 312 372 432 493 555 618 682 746 813 880 949 1019 1089 1163 1236 1313 1391 1472 1550 1635 1717 1801 1890 1974 2068
77 135 194 253 312 372 432 493 555 618 682 746 813 880 949 1019 1089 1163 1236 1313 1391 1472 1550 1635 1717 1801 1890 1974 2068
77 135 194 253 312 372 432 493 555 618 682 746 813 880 949 1019 1089 1163 1236 1313 1391 1472 1550 1635 1717 1801 1890 1974 2068
77 135 194 253 312 372 432 493 555 618 682 746 813 880 949 1019 1089 1163 1236 1313 1391 1472 1550 1635 1717 1801 1890 1974 2068
76 135 194 253 312 372 432 493 555 618 682 746 813 880 949 1019 1089 1163 1236 1313 1391 1472 1550 1635 1717 1801 1890 1974 2068
76 135 194 253 312 372 432 493 555 618 682 746 813 880 949 1019 1089 1163 1236 1313 1391 1472 1550 1635 1717 1801 1890 1974 2068
76 135 194 253 312 372 432 493 554 618 682 746 813 880 949 1019 1089 1163 1236 1313 1391 1472 1550 1635 1717 1801 1890 1974 2068
76 135 194 253 312 372 432 493 554 618 682 746 813 879 949 1019 1089 1163 1236 1313 1391 1472 1550 1635 1717 1801 1890 1974 2068
76 135 194 253 312 372 432 493 554 618 682 746 813 879 949 1019 1089 1163 1236 1312 1391 1472 1550 1635 1717 1801 1890 1974 2068
76 135 194 253 312 372 432 492 554 618 682 746 813 879 949 1019 1089 1163 1235 1312 1391 1472 1550 1635 1717 1801 1890 1974 2068
76 135 194 253 311 371 432 492 554 618 682 746 813 879 949 1019 1089 1163 1235 1312 1391 1472 1550 1635 1717 1801 1890 1974 2068
76 135 194 253 311 371 432 492 554 618 682 746 813 879 949 1019 1089 1163 1235 1312 1391 1472 1550 1635 1717 1801 1891 1974 2068
76 135 194 253 311 371 432 492 554 618 682 746 813 879 949 1019 1089 1163 1235 1312 1391 1472 1550 1635 1717 1801 1891 1974 2068
76 135 194 253 311 371 432 492 554 618 682 746 813 879 949 1019 1089 1163 1235 1312 1391 1472 1550 1635 1717 1801 1891 1974 2068
76 135 194 253 311 371 432 492 554 617 682 746 813 879 949 1019 1089 1163 1235 1312 1391 1472 1550 1635 1717 1801 1891 1974 2068
76 135 194 253 311 371 432 492 554 617 681 746 813 879 949 1019 1089 1163 1235 1312 1391 1472 1550 1635 1717 1801 1891 1974 2068
76 135 194 253 311 371 432 492 554 617 681 746 813 879 949 1019 1089 1163 1235 1312 1391 1472 1550 1635 1717 1802 1891 1974 2068
76 135 194 253 311 371 432 492 554 617 681 746 813 879 949 1019 1089 1163 1235 1312 1391 1472 1550 1635 1717 1802 1891 1975 2068
76 135 194 253 311 371 432 492 554 617 681 746 813 879 949 1019 1089 1162 1235 1312 1391 1472 1550 1635 1717 1802 1891 1975 2068
76 135 194 253 311 371 432 492 554 617 681 746 813 879 949 1019 1089 1162 1235 1312 1391 1472 1550 1635 1717 1802 1891 1975 2068
76 135 194 253 311 371 432 492 554 617 681 746 813 879 948 1019 1089 1162 1235 1312 1391 1472 1550 1635 1717 1802 1891 1975 2068
76 135 194 253 311 371 432 492 554 617 681 746 813 879 948 1019 1089 1162 1235 1312 1391 1472 1550 1635 1717 1802 1891 1975 2068
76 135 194 253 311 371 431 492 554 617 681 746 813 879 948 1018 1089 1162 1235 1312 1391 1472 1550 1635 1717 1802 1891 1975 2068
76 135 194 253 311 371 431 492 554 617 681 746 813 879 948 1018 1089 1162 1235 1312 1391 1472 1550 1635 1717 1802 1891 1975 2068
76 135 194 253 311 371 431 492 554 617 681 746 813 879 948 1018 1089 1162 1235 1312 1391 1472 1550 1635 1717 1802 1891 1975 2068
76 135 194 253 311 371 431 492 554 617 681 746 813 879 948 1018 1089 1162 1235 1312 1391 1472 1550 1635 1717 1802 1891 1975 2068
76 135 193 252 311 371 431 492 554 617 681 746 813 879 948 1018 1089 1162 1235 1312 1391 1472 1550 1635 1717 1802 1891 1975 2068
76 135 193 252 311 371 431 492 554 617 681 746 813 879 948 1018 1089 1162 1235 1312 1391 1472 1550 1635 1717 1802 1891 1975 2068
76 135 193 252 311 371 431 492 554 617 681 746 813 879 948 1018 1089 1162 1235 1312 1391 1472 1550 1635 1717 1802 1891 1975 2068
76 134 193 252 311 371 431 492 554 617 681 746 813 879 948 1018 1089 1162 1235 1312 1391 1472 1550 1635 1717 1802 1891 1975 2069
76 134 193 252 311 371 431 492 554 617 681 746 813 879 948 1018 1089 1162 1235 1312 1391 1472 1550 1635 1717 1802 1891 1975 2069
76 134 193 252 311 371 431 492 554 617 681 746 813 879 948 1018 1089 1162 1235 1312 1391 1472 1550 1635 1717 1802 1891 1975 2069
76 134 193 252 311 371 431 492 554 617 681 746 813 879 948 1018 1089 1162 1235 1312 1391 1472 1550 1635 1717 1802 1891 1975 2069
75 134 193 252 311 371 431 492 554 617 681 746 813 879 948 1018 1089 1162 1235 1312 1391 1472 1550 1635 1717 1802 1891 1975 2069
75 134 193 252 311 371 431 492 554 617 681 746 813 879 948 1018 1089 1162 1235 1312 1391 1471 1550 1635 1717 1802 1891 1975 2069
75 134 193 252 311 371 431 492 554 617 681 745 813 879 948 1018 1089 1162 1235 1312 1391 1471 1550 1635 1717 1802 1891 1975 2069
75 134 193 252 311 371 431 492 554 617 681 745 813 879 948 1018 1089 1162 1235 1312 1391 1471 1550 1635 1717 1802 1891 1975 2069
75 134 193 252 311 371 431 492 554 617 681 745 813 879 948 1018 1089 1162 1235 1312 1391 1471 1550 1635 1717 1802 1891 1975 2069
75 134 193 252 311 371 431 492 554 617 681 745 813 879 948 1018 1089 1162 1235 1312 1391 1471 1550 1635 1717 1802 1891 1975 2069
75 134 193 252 311 371 431 492 554 617 681 745 813 879 948 1018 1089 1162 1235 1312 1391 1471 1550 1635 1717 1802 1891 1975 2069
75 134 193 252 311 371 431 492 554 617 681 745 813 879 948 1018 1089 1162 1235 1312 1391 1471 1550 1635 1717 1802 1891 1975 2069
75 134 193 252 311 371 431 492 554 617 681 745 813 879 948 1018 1089 1162 1235 1312 1391 1471 1550 1635 1717 1802 1891 1975 2069
75 134 193 252 311 371 431 492 554 617 681 745 812 879 948 1018 1089 1162 1235 1312 1391 1471 1550 1635 1717 1802 1891 1975 2069
75 134 193 252 311 371 431 492 554 617 681 745 812 879 948 1018 1089 1162 1235 1312 1391 1471 1550 1635 1717 1802 1891 1975 2069
75 134 193 252 310 370 431 492 554 617 681 745 812 879 948 1018 1089 1162 1235 1312 1391 1471 1550 1635 1717 1802 1891 1975 2069
75 134 193 252 310 370 431 492 554 617 681 745 812 879 948 1018 1089 1162 1235 1312 1391 1471 1550 1635 1717 1802 1891 1975 2069
75 134 193 252 310 370 431 492 554 617 681 745 812 879 948 1018 1089 1162 1235 1312 1391 1471 1550 1635 1717 1802 1891 1975 2069
75 134 193 252 310 370 431 492 553 617 681 745 812 879 948 1018 1089 1162 1235 1312 1391 1471 1550 1635 1717 1802 1891 1975 2069
75 134 193 252 310 370 431 491 553 617 681 745 812 879 948 1018 1089 1162 1235 1312 1391 1471 1550 1635 1717 1802 1891 1975 2069
75 134 193 252 310 370 431 491 553 617 681 745 812 879 948 1018 1089 1162 1235 1312 1391 1471 1550 1635 1717 1802 1891 1975 2069
75 134 193 252 310 370 431 491 553 617 681 745 812 879 948 1018 1089 1162 1235 1312 1391 1471 1550 1635 1717 1802 1891 1975 2069
75 134 193 252 310 370 431 491 553 617 681 745 812 879 948 1018 1089 1162 1235 1312 1391 1471 1550 1635 1717 1802 1891 1975 2069
75 134 193 252 310 370 431 491 553 617 681 745 812 879 948 1018 1089 1162 1235 1312 1391 1471 1550 1635 1717 1802 1891 1975 2069
75 134 193 252 310 370 431 491 553 617 681 745 812 879 948 1018 1089 1162 1235 1312 1391 1471 1550 1635 1717 1802 1891 1975 2069
75 134 193 252 310 370 431 491 553 617 681 745 812 879 948 1018 1089 1162 1235 1312 1391 1471 1550 1635 1717 1802 1891 1975 2069
75 134 193 252 310 370 431 491 553 617 681 745 812 879 948 1018 1089 1162 1235 1312 1391 1471 1550 1635 1717 1802 1891 1975 2069
75 134 193 251 310 370 431 491 553 617 681 745 812 879 948 1018 1089 1162 1235 1312 1391 1471 1550 1635 1717 1802 1891 1975 2069
75 134 192 251 310 370 431 491 553 616 681 745 812 879 948 1018 1089 1162 1235 1312 1391 1471 1550 1635 1717 1802 1891 1975 2069
75 134 192 251 310 370 431 491 553 616 681 745 812 879 948 1018 1089 1162 1235 1312 1391 1471 1550 1635 1717 1802 1891 1975 2069
75 133 192 251 310 370 430 491 553 616 681 745 812 879 948 1018 1089 1162 1235 1312 1391 1471 1550 1635 1717 1802 1891 1976 2069
75 133 192 251 310 370 430 491 553 616 681 745 812 879 948 1018 1089 1162 1235 1312 1391 1471 1550 1635 1717 1802 1891 1976 2069
75 133 192 251 310 370 430 491 553 616 680 745 812 879 948 1018 1089 1162 1235 1312 1391 1471 1550 1635 1717 1802 1891 1976 2069
75 133 192 251 310 370 430 491 553 616 680 745 812 879 948 1018 1089 1162 1235 1312 1391 1471 1550 1635 1717 1802 1891 1976 2069
74 133 192 251 310 370 430 491 553 616 680 745 812 879 948 1018 1089 1162 1235 1312 1391 1471 1550 1635 1717 1802 1891 1976 2069
74 133 192 251 310 370 430 491 553 616 680 745 812 879 948 1018 1089 1162 1235 1312 1391 1471 1550 1635 1717 1802 1891 1976 2069
74 133 192 251 310 370 430 491 553 616 680 745 812 879 948 1018 1089 1162 1235 1312 1391 1471 1550 1635 1717 1802 1891 1976 2069
74 133 192 251 310 370 430 491 553 616 680 745 812 879 948 1018 1089 1162 1235 1312 1391 1471 1550 1635 1717 1802 1891 1976 2069
74 133 192 251 310 370 430 491 553 616 680 745 812 878 948 1018 1089 1162 1235 1312 1391 1471 1550 1635 1717 1802 1891 1976 2069
74 133 192 251 310 370 430 491 553 616 680 745 812 878 948 1018 1089 1162 1235 1312 1391 1471 1550 1635 1717 1802 1891 1976 2069
74 133 192 251 310 370 430 491 553 616 680 745 812 878 948 1018 1089 1162 1235 1312 1391 1471 1550 1635 1717 1802 1891 1976 2069
74 133 192 251 310 370 430 491 553 616 680 745 812 878 948 1018 1089 1162 1235 1312 1391 1471 1550 1635 1717 1802 1891 1976 2069
74 133 192 251 310 370 430 491 553 616 680 745 812 878 948 1018 1089 1162 1235 1312 1391 1471 1550 1635 1717 1802 1891 1976 2069
74 133 192 251 310 370 430 491 553 616 680 745 812 878 948 1018 1089 1162 1235 1312 1391 1471 1550 1635 1717 1802 1891 1976 2069
74 133 192 251 310 370 430 491 553 616 680 745 812 878 948 1018 1089 1162 1235 1312 1391 1471 1550 1635 1717 1802 1891 1976 2069
74 133 192 251 310 370 430 491 553 616 680 745 812 878 948 1018 1089 1162 1235 1312 1391 1471 1550 1635 1717 1802 1891 1976 2069
74 133 192 251 310 370 430 491 553 616 680 745 812 878 948 1018 1089 1162 1235 1312 1391 1471 1550 1635 1717 1802 1891 1976 2069
74 133 192 251 310 370 430 491 553 616 680 745 812 878 948 1018 1089 1162 1235 1312 1391 1471 1550 1635 1717 1802 1891 1976 2070
74 133 192 251 310 370 430 491 553 616 680 745 812 878 948 1018 1089 1162 1235 1312 1391 1471 1550 1635 1717 1802 1891 1976 2070
74 133 192 251 310 369 430 491 553 616 680 745 812 878 948 1018 1089 1162 1235 1312 1391 1471 1550 1635 1717 1802 1891 1976 2070
74 133 192 251 309 369 430 491 553 616 680 745 812 878 948 1018 1089 1162 1235 1312 1391 1471 1550 1635 1717 1802 1891 1976 2070
74 133 192 251 309 369 430 491 553 616 680 745 812 878 948 1018 1089 1162 1235 1312 1391 1471 1550 1635 1717 1802 1891 1976 2070
74 133 192 251 309 369 430 491 553 616 680 745 812 878 948 1018 1089 1162 1235 1312 1391 1471 1550 1635 1717 1802 1891 1976 2070
74 133 192 251 309 369 430 491 553 616 680 745 812 878 948 1018 1089 1162 1235 1312 1391 1471 1550 1635 1717 1802 1891 1976 2070
74 133 192 251 309 369 430 491 553 616 680 745 812 878 948 1018 1089 1162 1235 1312 1391 1471 1550 1635 1717 1802 1891 1976 2070
74 133 192 251 309 369 430 491 553 616 680 745 812 878 948 1018 1089 1162 1235 1312 1391 1471 1550 1635 1717 1802 1891 1976 2070
74 133 192 251 309 369 430 491 553 616 680 745 812 878 948 1018 1089 1162 1235 1312 1391 1471 1550 1635 1717 1802 1891 1976 2070
74 133 192 251 309 369 430 491 553 616 680 745 812 878 948 1018 1089 1162 1235 1312 1391 1471 1550 1635 1717 1802 1891 1976 2070
74 133 192 251 309 369 430 490 553 616 680 745 812 878 948 1018 1089 1162 1235 1312 1391 1471 1550 1635 1717 1802 1891 1976 2070
74 133 192 250 309 369 430 490 553 616 680 744 812 878 948 1018 1088 1162 1235 1312 1391 1471 1550 1635 1717 1802 1891 1976 2070
74 133 191 250 309 369 430 490 553 616 680 744 812 878 948 1018 1088 1162 1235 1312 1391 1471 1550 1635 1717 1802 1891 1976 2070
74 132 191 250 309 369 430 490 552 616 680 744 812 878 948 1018 1088 1162 1235 1312 1391 1471 1550 1635 1717 1802 1891 1976 2070
74 132 191 250 309 369 430 490 552 616 680 744 812 878 948 1018 1088 1162 1235 1312 1391 1471 1550 1635 1717 1802 1891 1976 2070
74 132 191 250 309 369 430 490 552 616 680 744 812 878 947 1018 1088 1162 1235 1312 1391 1471 1550 1635 1717 1802 1891 1976 2070
74 132 191 250 309 369 430 490 552 616 680 744 812 878 947 1018 1088 1162 1235 1312 1391 1471 1550 1635 1717 1802 1891 1976 2070
73 132 191 250 309 369 430 490 552 616 680 744 811 878 947 1018 1088 1162 1235 1312 1391 1471 1550 1635 1717 1802 1891 1976 2070
73 132 191 250 309 369 430 490 552 616 680 744 811 878 947 1018 1088 1162 1235 1312 1391 1471 1550 1635 1717 1802 1891 1976 2070
73 132 191 250 309 369 429 490 552 616 680 744 811 878 947 1018 1088 1162 1235 1312 1391 1471 1550 1635 1717 1802 1891 1976 2070
73 132 191 250 309 369 429 490 552 616 680 744 811 878 947 1018 1088 1162 1235 1312 1391 1471 1550 1635 1717 1802 1891 1976 2070
73 132 191 250 309 369 429 490 552 616 680 744 811 878 947 1018 1088 1162 1235 1312 1391 1471 1550 1635 1717 1802 1891 1976 2070
73 132 191 250 309 369 429 490 552 616 680 744 811 878 947 1017 1088 1162 1235 1312 1391 1471 1550 1635 1717 1802 1891 1976 2070
73 132 191 250 309 369 429 490 552 616 680 744 811 878 947 1017 1088 1162 1235 1312 1391 1471 1550 1635 1717 1802 1891 1977 2070
73 132 191 250 309 369 429 490 552 615 680 744 811 878 947 1017 1088 1162 1235 1312 1391 1471 1550 1635 1717 1802 1891 1977 2070
73 132 191 250 309 369 429 490 552 615 680 744 811 878 947 1017 1088 1162 1235 1312 1391 1471 1550 1635 1717 1802 1891 1977 2070
73 132 191 250 309 369 429 490 552 615 680 744 811 878 947 1017 1088 1162 1235 1312 1391 1471 1550 1635 1717 1802 1891 1977 2070
73 132 191 250 309 369 429 490 552 615 680 744 811 878 947 1017 1088 1162 1235 1312 1391 1471 1550 1635 1717 1802 1891 1977 2070
73 132 191 250 309 369 429 490 552 615 680 744 811 878 947 1017 1088 1162 1235 1312 1391 1471 1550 1635 1717 1802 1891 1977 2070
73 132 191 250 309 369 429 490 552 615 680 744 811 878 947 1017 1088 1162 1235 1312 1391 1471 1550 1635 1717 1803 1891 1977 2070
73 132 191 250 309 369 429 490 552 615 680 744 811 878 947 1017 1088 1162 1235 1312 1391 1471 1550 1635 1717 1803 1891 1977 2070
73 132 191 250 309 369 429 490 552 615 680 744 811 878 947 1017 1088 1162 1235 1312 1391 1471 1550 1635 1717 1803 1891 1977 2070
73 132 191 250 309 369 429 490 552 615 679 744 811 878 947 1017 1088 1162 1235 1312 1391 1471 1550 1635 1717 1803 1891 1977 2070
73 132 191 250 309 369 429 490 552 615 679 744 811 878 947 1017 1088 1162 1235 1312 1391 1471 1550 1635 1717 1803 1891 1977 2070
73 132 191 250 309 369 429 490 552 615 679 744 811 878 947 1017 1088 1162 1235 1312 1391 1471 1550 1635 1717 1803 1891 1977 2070
73 132 191 250 309 369 429 490 552 615 679 744 811 878 947 1017 1088 1162 1235 1312 1391 1471 1550 1635 1717 1803 1891 1977 2070
73 132 191 250 309 369 429 490 552 615 679 744 811 878 947 1017 1088 1162 1235 1312 1391 1471 1550 1635 1717 1803 1891 1977 2070
73 132 191 250 309 368 429 490 552 615 679 744 811 878 947 1017 1088 1162 1235 1312 1391 1471 1550 1635 1717 1803 1891 1977 2070
73 132 191 250 308 368 429 490 552 615 679 744 811 878 947 1017 1088 1162 1235 1312 1391 1471 1550 1635 1717 1803 1891 1977 2070
73 132 191 250 308 368 429 490 552 615 679 744 811 878 947 1017 1088 1162 1235 1312 1391 1471 1550 1635 1717 1803 1891 1977 2070
73 132 191 250 308 368 429 490 552 615 679 744 811 878 947 1017 1088 1162 1235 1312 1391 1471 1550 1635 1717 1803 1891 1977 2070
73 132 191 250 308 368 429 490 552 615 679 744 811 878 947 1017 1088 1162 1235 1312 1391 1471 1550 1635 1717 1803 1891 1977 2070
73 132 191 250 308 368 429 490 552 615 679 744 811 878 947 1017 1088 1162 1235 1312 1391 1471 1550 1635 1717 1803 1891 1977 2070
73 132 191 249 308 368 429 490 552 615 679 744 811 878 947 1017 1088 1162 1235 1312 1391 1471 1550 1635 1717 1803 1891 1977 2070
73 132 190 249 308 368 429 490 552 615 679 744 811 878 947 1017 1088 1162 1235 1312 1391 1471 1550 1635 1717 1803 1891 1977 2071
73 131 190 249 308 368 429 490 552 615 679 744 811 878 947 1017 1088 1162 1235 1312 1391 1471 1550 1635 1717 1803 1891 1977 2071
73 131 190 249 308 368 429 490 552 615 679 744 811 878 947 1017 1088 1162 1235 1312 1391 1471 1550 1635 1717 1803 1891 1977 2071
73 131 190 249 308 368 429 490 552 615 679 744 811 878 947 1017 1088 1162 1235 1312 1391 1471 1550 1635 1717 1803 1891 1977 2071
72 131 190 249 308 368 429 490 552 615 679 744 811 878 947 1017 1088 1162 1235 1312 1391 1471 1550 1635 1717 1803 1891 1977 2071
72 131 190 249 308 368 429 490 552 615 679 744 811 878 947 1017 1088 1162 1235 1312 1391 1471 1550 1635 1717 1803 1891 1977 2071
72 131 190 249 308 368 429 490 552 615 679 744 811 878 947 1017 1088 1162 1235 1312 1391 1471 1550 1635 1717 1803 1891 1977 2071
72 131 190 249 308 368 429 490 552 615 679 744 811 878 947 1017 1088 1162 1235 1312 1391 1471 1550 1635 1717 1803 1891 1977 2071
72 131 190 249 308 368 429 489 552 615 679 744 811 878 947 1017 1088 1162 1235 1312 1391 1471 1550 1635 1717 1803 1891 1977 2071
72 131 190 249 308 368 429 489 552 615 679 744 811 878 947 1017 1088 1162 1235 1312 1391 1471 1550 1635 1717 1803 1891 1977 2071
72 131 190 249 308 368 429 489 552 615 679 744 811 878 947 1017 1088 1162 1235 1312 1391 1471 1550 1635 1717 1803 1891 1977 2071
72 131 190 249 308 368 429 489 552 615 679 744 811 878 947 1017 1088 1162 1235 1312 1391 1471 1550 1635 1717 1803 1891 1977 2071
72 131 190 249 308 368 429 489 552 615 679 744 811 878 947 1017 1088 1162 1235 1312 1391 1471 1550 1635 1717 1803 1891 1977 2071
72 131 190 249 308 368 429 489 552 615 679 744 811 878 947 1017 1088 1162 1235 1312 1391 1471 1550 1635 1717 1803 1891 1977 2071
72 131 190 249 308 368 428 489 551 615 679 744 811 877 947 1017 1088 1162 1235 1312 1391 1471 1550 1635 1717 1803 1891 1977 2071
72 131 190 249 308 368 428 489 551 615 679 744 811 877 947 1017 1088 1162 1235 1312 1391 1471 1550 1635 1717 1803 1891 1977 2071
72 131 190 249 308 368 428 489 551 615 679 744 811 877 947 1017 1088 1162 1235 1312 1391 1471 1550 1635 1718 1803 1891 1977 2071
72 131 190 249 308 368 428 489 551 615 679 744 811 877 947 1017 1088 1162 1235 1312 1391 1471 1550 1635 1718 1803 1891 1977 2071
72 131 190 249 308 368 428 489 551 615 679 744 811 877 947 1017 1088 1162 1235 1312 1391 1471 1550 1635 1718 1803 1891 1978 2071
72 131 190 249 308 368 428 489 551 615 679 744 811 877 947 1017 1088 1162 1235 1312 1391 1471 1550 1635 1718 1803 1891 1978 2071
72 131 190 249 308 368 428 489 551 615 679 744 811 877 947 1017 1088 1162 1235 1312 1391 1471 1550 1635 1718 1803 1891 1978 2071
72 131 190 249 308 368 428 489 551 615 679 744 811 877 947 1017 1088 1162 1235 1312 1391 1471 1550 1635 1718 1803 1891 1978 2071
72 131 190 249 308 368 428 489 551 615 679 744 811 877 947 1017 1088 1162 1235 1312 1391 1471 1550 1635 1718 1803 1891 1978 2071
72 131 190 249 308 368 428 489 551 615 679 744 811 877 947 1017 1088 1162 1235 1312 1391 1471 1550 1635 1718 1803 1891 1978 2071
72 131 190 249 308 368 428 489 551 615 679 743 811 877 947 1017 1088 1162 1235 1312 1391 1471 1550 1635 1718 1803 1891 1978 2071
72 131 190 249 308 368 428 489 551 615 679 743 811 877 947 1017 1088 1162 1235 1312 1391 1471 1550 1635 1718 1803 1891 1978 2071
72 131 190 249 308 368 428 489 551 615 679 743 811 877 947 1017 1088 1162 1235 1312 1391 1471 1550 1635 1718 1803 1891 1978 2071
72 131 190 249 308 368 428 489 551 614 679 743 811 877 947 1017 1088 1162 1235 1312 1391 1471 1550 1635 1718 1803 1891 1978 2071
72 131 190 249 308 368 428 489 551 614 679 743 810 877 947 1017 1088 1162 1235 1312 1391 1471 1550 1635 1718 1803 1891 1978 2071
72 131 190 249 308 368 428 489 551 614 679 743 810 877 947 1017 1088 1162 1235 1312 1391 1471 1550 1635 1718 1803 1891 1978 2071
72 131 190 249 308 367 428 489 551 614 679 743 810 877 947 1017 1088 1162 1235 1312 1391 1471 1550 1635 1718 1803 1891 1978 2071
72 131 190 249 308 367 428 489 551 614 679 743 810 877 947 1017 1088 1162 1235 1312 1391 1471 1550 1635 1718 1803 1891 1978 2071
72 131 190 248 307 367 428 489 551 614 679 743 810 877 947 1017 1088 1162 1235 1312 1391 1471 1550 1635 1718 1803 1891 1978 2071
72 131 189 248 307 367 428 489 551 614 679 743 810 877 947 1017 1088 1162 1235 1312 1391 1471 1550 1635 1718 1803 1891 1978 2071
72 130 189 248 307 367 428 489 551 614 679 743 810 877 947 1017 1088 1162 1235 1312 1391 1471 1550 1635 1718 1803 1891 1978 2071
72 130 189 248 307 367 428 489 551 614 679 743 810 877 947 1017 1088 1162 1235 1312 1391 1471 1550 1635 1718 1803 1891 1978 2071
72 130 189 248 307 367 428 489 551 614 679 743 810 877 947 1017 1088 1162 1235 1312 1391 1471 1550 1635 1718 1803 1891 1978 2071
71 130 189 248 307 367 428 489 551 614 679 743 810 877 947 1017 1088 1162 1235 1312 1391 1471 1550 1635 1718 1803 1892 1978 2071
71 130 189 248 307 367 428 489 551 614 679 743 810 877 947 1017 1088 1162 1235 1312 1391 1471 1550 1635 1718 1803 1892 1978 2071
71 130 189 248 307 367 428 489 551 614 678 743 810 877 947 1017 1088 1162 1235 1312 1391 1471 1550 1635 1718 1803 1892 1978 2071
71 130 189 248 307 367 428 489 551 614 678 743 810 877 947 1017 1088 1162 1235 1312 1391 1471 1550 1635 1718 1803 1892 1978 2071
71 130 189 248 307 367 428 489 551 614 678 743 810 877 947 1017 1088 1162 1235 1312 1391 1471 1550 1635 1718 1803 1892 1978 2071
71 130 189 248 307 367 428 489 551 614 678 743 810 877 947 1017 1088 1162 1235 1312 1391 1471 1550 1635 1718 1803 1892 1978 2072
71 130 189 248 307 367 428 489 551 614 678 743 810 877 947 1017 1088 1162 1235 1312 1391 1471 1550 1635 1718 1803 1892 1978 2072
71 130 189 248 307 367 428 489 551 614 678 743 810 877 947 1017 1088 1162 1235 1312 1391 1471 1550 1635 1718 1803 1892 1978 2072
71 130 189 248 307 367 428 489 551 614 678 743 810 877 947 1017 1088 1161 1235 1312 1391 1471 1550 1635 1718 1803 1892 1978 2072
71 130 189 248 307 367 428 489 551 614 678 743 810 877 947 1017 1088 1161 1235 1312 1391 1471 1550 1635 1718 1803 1892 1978 2072
71 130 189 248 307 367 428 489 551 614 678 743 810 877 947 1017 1088 1161 1235 1312 1391 1471 1550 1635 1718 1803 1892 1978 2072
71 130 189 248 307 367 428 489 551 614 678 743 810 877 947 1017 1088 1161 1235 1312 1391 1471 1550 1635 1718 1803 1892 1978 2072
71 130 189 248 307 367 428 489 551 614 678 743 810 877 947 1017 1088 1161 1235 1312 1391 1471 1550 1635 1718 1803 1892 1978 2072
71 130 189 248 307 367 428 489 551 614 678 743 810 877 947 1017 1088 1161 1235 1312 1391 1471 1550 1635 1718 1803 1892 1978 2072
71 130 189 248 307 367 428 488 551 614 678 743 810 877 947 1017 1088 1161 1235 1312 1391 1471 1550 1635 1718 1803 1892 1978 2072
71 130 189 248 307 367 428 488 551 614 678 743 810 877 947 1017 1088 1161 1235 1312 1391 1471 1550 1635 1718 1803 1892 1978 2072
71 130 189 248 307 367 428 488 551 614 678 743 810 877 947 1017 1088 1161 1235 1312 1391 1471 1550 1635 1718 1803 1892 1978 2072
71 130 189 248 307 367 427 488 551 614 678 743 810 877 947 1017 1088 1161 1235 1312 1391 1471 1550 1635 1718 1803 1892 1978 2072
71 130 189 248 307 367 427 488 551 614 678 743 810 877 947 1017 1088 1161 1235 1312 1391 1471 1550 1635 1718 1803 1892 1978 2072
71 130 189 248 307 367 427 488 551 614 678 743 810 877 946 1017 1088 1161 1235 1312 1391 1471 1550 1635 1718 1803 1892 1979 2072
71 130 189 248 307 367 427 488 551 614 678 743 810 877 946 1017 1088 1161 1235 1312 1391 1471 1550 1635 1718 1803 1892 1979 2072
71 130 189 248 307 367 427 488 551 614 678 743 810 877 946 1017 1088 1161 1235 1312 1391 1471 1550 1635 1718 1803 1892 1979 2072
71 130 189 248 307 367 427 488 551 614 678 743 810 877 946 1017 1088 1161 1235 1312 1391 1471 1550 1635 1718 1804 1892 1979 2072
71 130 189 248 307 367 427 488 551 614 678 743 810 877 946 1017 1088 1161 1235 1312 1391 1471 1550 1635 1718 1804 1892 1979 2072
71 130 189 248 307 367 427 488 550 614 678 743 810 877 946 1017 1088 1161 1235 1312 1391 1471 1550 1635 1718 1804 1892 1979 2072
71 130 189 248 307 367 427 488 550 614 678 743 810 877 946 1017 1088 1161 1235 1312 1391 1471 1550 1635 1718 1804 1892 1979 2072
71 130 189 248 307 367 427 488 550 614 678 743 810 877 946 1017 1088 1161 1235 1312 1391 1471 1550 1635 1718 1804 1892 1979 2072
71 130 189 248 307 367 427 488 550 614 678 743 810 877 946 1017 1088 1161 1235 1312 1391 1471 1550 1635 1718 1804 1892 1979 2072
71 130 189 248 307 367 427 488 550 614 678 743 810 877 946 1017 1088 1161 1235 1312 1391 1471 1550 1635 1718 1804 1892 1979 2072
71 130 189 247 307 367 427 488 550 614 678 743 810 877 946 1017 1088 1161 1235 1312 1391 1471 1550 1635 1718 1804 1892 1979 2072
71 129 189 247 307 367 427 488 550 614 678 743 810 877 946 1017 1088 1161 1235 1312 1391 1471 1550 1635 1718 1804 1892 1979 2072
71 129 188 247 307 366 427 488 550 614 678 743 810 877 946 1017 1088 1161 1235 1312 1391 1471 1550 1635 1718 1804 1892 1979 2072
71 129 188 247 307 366 427 488 550 614 678 743 810 877 946 1017 1088 1161 1235 1312 1391 1471 1550 1635 1718 1804 1892 1979 2072
70 129 188 247 306 366 427 488 550 614 678 743 810 877 946 1017 1088 1161 1235 1312 1391 1471 1550 1635 1718 1804 1892 1979 2072
70 129 188 247 306 366 427 488 550 614 678 743 810 877 946 1017 1088 1161 1235 1312 1391 1471 1550 1635 1718 1804 1892 1979 2072
70 129 188 247 306 366 427 488 550 614 678 743 810 877 946 1017 1088 1161 1235 1312 1391 1471 1550 1635 1718 1804 1892 1979 2072
70 129 188 247 306 366 427 488 550 614 678 743 810 877 946 1016 1088 1161 1235 1312 1391 1471 1550 1635 1718 1804 1892 1979 2072
70 129 188 247 306 366 427 488 550 614 678 743 810 877 946 1016 1088 1161 1235 1312 1391 1471 1550 1635 1718 1804 1892 1979 2072
70 129 188 247 306 366 427 488 550 614 678 743 810 877 946 1016 1088 1161 1235 1312 1391 1471 1550 1635 1718 1804 1892 1979 2072
70 129 188 247 306 366 427 488 550 614 678 743 810 877 946 1016 1088 1161 1235 1312 1391 1471 1550 1635 1718 1804 1892 1979 2072
70 129 188 247 306 366 427 488 550 613 678 743 810 877 946 1016 1088 1161 1235 1312 1391 1471 1550 1635 1718 1804 1892 1979 2072
70 129 188 247 306 366 427 488 550 613 678 743 810 877 946 1016 1088 1161 1235 1312 1391 1471 1550 1635 1718 1804 1892 1979 2072
70 129 188 247 306 366 427 488 550 613 678 743 810 877 946 1016 1088 1161 1235 1312 1391 1471 1550 1635 1718 1804 1892 1979 2072
70 129 188 247 306 366 427 488 550 613 678 743 810 877 946 1016 1088 1161 1235 1312 1391 1471 1550 1635 1718 1804 1892 1979 2072
70 129 188 247 306 366 427 488 550 613 678 743 810 877 946 1016 1088 1161 1235 1312 1391 1471 1550 1635 1718 1804 1892 1979 2072
70 129 188 247 306 366 427 488 550 613 678 743 810 877 946 1016 1088 1161 1235 1312 1391 1471 1550 1635 1718 1804 1892 1979 2072
70 129 188 247 306 366 427 488 550 613 678 743 810 877 946 1016 1088 1161 1235 1312 1391 1471 1550 1635 1718 1804 1892 1979 2073
70 129 188 247 306 366 427 488 550 613 678 743 810 877 946 1016 1088 1161 1235 1312 1391 1471 1550 1635 1718 1804 1892 1979 2073
70 129 188 247 306 366 427 488 550 613 678 743 810 877 946 1016 1088 1161 1235 1312 1391 1471 1550 1635 1718 1804 1892 1979 2073
70 129 188 247 306 366 427 488 550 613 678 742 810 877 946 1016 1088 1161 1235 1312 1391 1471 1550 1635 1718 1804 1892 1979 2073
70 129 188 247 306 366 427 488 550 613 678 742 810 877 946 1016 1088 1161 1235 1312 1391 1471 1550 1635 1718 1804 1892 1979 2073
70 129 188 247 306 366 427 488 550 613 678 742 810 877 946 1016 1088 1161 1235 1312 1391 1471 1550 1635 1718 1804 1892 1979 2073
70 129 188 247 306 366 427 488 550 613 678 742 809 877 946 1016 1088 1161 1235 1312 1391 1471 1550 1635 1718 1804 1892 1979 2073
70 129 188 247 306 366 427 488 550 613 678 742 809 877 946 1016 1088 1161 1235 1312 1391 1471 1550 1635 1718 1804 1892 1979 2073
70 129 188 247 306 366 427 488 550 613 678 742 809 877 946 1016 1088 1161 1235 1312 1391 1471 1550 1635 1718 1804 1892 1979 2073
70 129 188 247 306 366 427 488 550 613 678 742 809 876 946 1016 1088 1161 1235 1312 1391 1471 1551 1635 1718 1804 1892 1979 2073
70 129 188 247 306 366 427 488 550 613 678 742 809 876 946 1016 1088 1161 1235 1312 1391 1471 1551 1635 1718 1804 1892 1980 2073
70 129 188 247 306 366 427 488 550 613 678 742 809 876 946 1016 1088 1161 1235 1312 1391 1471 1551 1635 1718 1804 1892 1980 2073
70 129 188 247 306 366 427 488 550 613 677 742 809 876 946 1016 1088 1161 1235 1312 1391 1471 1551 1635 1718 1804 1892 1980 2073
70 129 188 247 306 366 427 488 550 613 677 742 809 876 946 1016 1088 1161 1235 1312 1391 1471 1551 1635 1718 1804 1892 1980 2073
70 129 188 247 306 366 426 487 550 613 677 742 809 876 946 1016 1088 1161 1235 1312 1391 1471 1551 1635 1718 1804 1892 1980 2073
70 129 188 247 306 366 426 487 550 613 677 742 809 876 946 1016 1088 1161 1235 1312 1391 1471 1551 1635 1718 1804 1892 1980 2073
70 129 188 247 306 366 426 487 550 613 677 742 809 876 946 1016 1088 1161 1235 1312 1391 1471 1551 1635 1718 1804 1892 1980 2073
70 129 188 247 306 366 426 487 550 613 677 742 809 876 946 1016 1088 1161 1235 1312 1391 1471 1551 1635 1718 1804 1892 1980 2073
70 128 188 246 306 366 426 487 550 613 677 742 809 876 946 1016 1088 1161 1235 1312 1391 1471 1551 1635 1718 1804 1892 1980 2073
70 128 188 246 306 366 426 487 550 613 677 742 809 876 946 1016 1088 1161 1235 1312 1391 1471 1551 1635 1718 1804 1892 1980 2073
70 128 187 246 306 366 426 487 550 613 677 742 809 876 946 1016 1088 1161 1235 1312 1391 1471 1551 1635 1718 1804 1892 1980 2073
69 128 187 246 306 366 426 487 550 613 677 742 809 876 946 1016 1088 1161 1235 1312 1391 1471 1551 1635 1718 1804 1892 1980 2073
69 128 187 246 306 366 426 487 550 613 677 742 809 876 946 1016 1088 1161 1235 1312 1391 1471 1551 1635 1718 1804 1892 1980 2073
69 128 187 246 306 366 426 487 550 613 677 742 809 876 946 1016 1088 1161 1235 1312 1391 1471 1551 1635 1718 1804 1892 1980 2073
69 128 187 246 306 366 426 487 550 613 677 742 809 876 946 1016 1088 1161 1235 1312 1391 1471 1551 1635 1718 1804 1892 1980 2073
69 128 187 246 306 365 426 487 550 613 677 742 809 876 946 1016 1088 1161 1235 1312 1391 1471 1551 1635 1718 1804 1892 1980 2073
69 128 187 246 306 365 426 487 550 613 677 742 809 876 946 1016 1088 1161 1235 1312 1391 1471 1551 1635 1718 1804 1892 1980 2073
69 128 187 246 305 365 426 487 550 613 677 742 809 876 946 1016 1088 1161 1235 1312 1391 1471 1551 1635 1718 1804 1892 1980 2073
69 128 187 246 305 365 426 487 549 613 677 742 809 876 946 1016 1087 1161 1235 1312 1391 1471 1551 1635 1718 1804 1892 1980 2073
69 128 187 246 305 365 426 487 549 613 677 742 809 876 946 1016 1087 1161 1235 1312 1391 1471 1551 1635 1718 1804 1892 1980 2073
69 128 187 246 305 365 426 487 549 613 677 742 809 876 946 1016 1087 1161 1235 1312 1391 1471 1551 1635 1719 1804 1892 1980 2073
69 128 187 246 305 365 426 487 549 613 677 742 809 876 946 1016 1087 1161 1235 1312 1391 1471 1551 1635 1719 1804 1892 1980 2073
69 128 187 246 305 365 426 487 549 613 677 742 809 876 946 1016 1087 1161 1235 1312 1391 1471 1551 1635 1719 1804 1892 1980 2073
69 128 187 246 305 365 426 487 549 613 677 742 809 876 946 1016 1087 1161 1235 1312 1391 1471 1551 1635 1719 1804 1892 1980 2073
69 128 187 246 305 365 426 487 549 613 677 742 809 876 946 1016 1087 1161 1235 1312 1391 1471 1551 1635 1719 1804 1892 1980 2073
69 128 187 246 305 365 426 487 549 613 677 742 809 876 946 1016 1087 1161 1235 1312 1391 1471 1551 1635 1719 1804 1892 1980 2073
69 128 187 246 305 365 426 487 549 613 677 742 809 876 946 1016 1087 1161 1235 1312 1391 1471 1551 1635 1719 1804 1892 1980 2073
69 128 187 246 305 365 426 487 549 613 677 742 809 876 946 1016 1087 1161 1235 1312 1391 1471 1551 1635 1719 1804 1892 1980 2073
69 128 187 246 305 365 426 487 549 613 677 742 809 876 946 1016 1087 1161 1235 1312 1391 1471 1551 1635 1719 1804 1892 1980 2073
69 128 187 246 305 365 426 487 549 613 677 742 809 876 946 1016 1087 1161 1235 1312 1391 1471 1551 1635 1719 1804 1892 1980 2074
69 128 187 246 305 365 426 487 549 613 677 742 809 876 946 1016 1087 1161 1235 1312 1391 1471 1551 1635 1719 1804 1893 1980 2074
69 128 187 246 305 365 426 487 549 613 677 742 809 876 946 1016 1087 1161 1235 1312 1391 1471 1551 1635 1719 1805 1893 1980 2074
69 128 187 246 305 365 426 487 549 613 677 742 809 876 946 1016 1087 1161 1235 1312 1391 1471 1551 1635 1719 1805 1893 1980 2074
69 128 187 246 305 365 426 487 549 613 677 742 809 876 946 1016 1087 1161 1235 1312 1391 1471 1551 1635 1719 1805 1893 1980 2074
69 128 187 246 305 365 426 487 549 613 677 742 809 876 946 1016 1087 1161 1235 1312 1391 1471 1551 1635 1719 1805 1893 1980 2074
69 128 187 246 305 365 426 487 549 613 677 742 809 876 946 1016 1087 1161 1235 1312 1391 1471 1551 1635 1719 1805 1893 1980 2074
69 128 187 246 305 365 426 487 549 613 677 742 809 876 946 1016 1087 1161 1235 1312 1391 1471 1551 1635 1719 1805 1893 1980 2074
69 128 187 246 305 365 426 487 549 612 677 742 809 876 946 1016 1087 1161 1235 1312 1391 1471 1551 1635 1719 1805 1893 1981 2074
69 128 187 246 305 365 426 487 549 612 677 742 809 876 946 1016 1087 1161 1235 1312 1391 1471 1551 1635 1719 1805 1893 1981 2074
69 128 187 246 305 365 426 487 549 612 677 742 809 876 946 1016 1087 1161 1235 1312 1391 1471 1551 1635 1719 1805 1893 1981 2074
69 128 187 246 305 365 426 487 549 612 677 742 809 876 946 1016 1087 1161 1235 1312 1391 1471 1551 1635 1719 1805 1893 1981 2074
69 128 187 246 305 365 426 487 549 612 677 742 809 876 946 1016 1087 1161 1235 1312 1391 1471 1551 1635 1719 1805 1893 1981 2074
69 128 187 246 305 365 426 487 549 612 677 742 809 876 946 1016 1087 1161 1235 1312 1391 1471 1551 1635 1719 1805 1893 1981 2074
69 127 187 246 305 365 426 487 549 612 677 742 809 876 946 1016 1087 1161 1235 1312 1391 1471 1551 1635 1719 1805 1893 1981 2074
69 127 187 245 305 365 426 487 549 612 677 742 809 876 946 1016 1087 1161 1235 1312 1391 1471 1551 1635 1719 1805 1893 1981 2074
68 127 187 245 305 365 426 487 549 612 677 742 809 876 946 1016 1087 1161 1235 1312 1391 1471 1551 1635 1719 1805 1893 1981 2074
68 127 186 245 305 365 426 487 549 612 677 742 809 876 946 1016 1087 1161 1235 1312 1391 1471 1551 1635 1719 1805 1893 1981 2074
68 127 186 245 305 365 426 487 549 612 677 742 809 876 946 1016 1087 1161 1235 1312 1391 1471 1551 1635 1719 1805 1893 1981 2074
68 127 186 245 305 365 425 487 549 612 677 742 809 876 946 1016 1087 1161 1235 1312 1391 1471 1551 1635 1719 1805 1893 1981 2074
68 127 186 245 305 365 425 487 549 612 677 742 809 876 946 1016 1087 1161 1235 1312 1391 1471 1551 1635 1719 1805 1893 1981 2074
68 127 186 245 305 365 425 487 549 612 677 742 809 876 946 1016 1087 1161 1235 1312 1391 1471 1551 1635 1719 1805 1893 1981 2074
68 127 186 245 305 365 425 487 549 612 677 742 809 876 946 1016 1087 1161 1235 1312 1391 1471 1551 1635 1719 1805 1893 1981 2074
68 127 186 245 305 365 425 486 549 612 677 742 809 876 946 1016 1087 1161 1235 1312 1391 1471 1551 1635 1719 1805 1893 1981 2074
68 127 186 245 305 365 425 486 549 612 677 742 809 876 946 1016 1087 1161 1235 1312 1391 1471 1551 1635 1719 1805 1893 1981 2074
68 127 186 245 305 365 425 486 549 612 677 742 809 876 946 1016 1087 1161 1235 1312 1391 1471 1551 1635 1719 1805 1893 1981 2074
68 127 186 245 305 365 425 486 549 612 677 742 809 876 946 1016 1087 1161 1235 1312 1391 1471 1551 1635 1719 1805 1893 1981 2074
68 127 186 245 305 365 425 486 549 612 677 742 809 876 946 1016 1087 1161 1235 1312 1391 1471 1551 1635 1719 1805 1893 1981 2074
68 127 186 245 305 364 425 486 549 612 677 742 809 876 946 1016 1087 1161 1235 1312 1391 1471 1551 1635 1719 1805 1893 1981 2074
68 127 186 245 305 364 425 486 549 612 677 742 809 876 946 1016 1087 1161 1235 1312 1391 1471 1551 1635 1719 1805 1893 1981 2074
68 127 186 245 304 364 425 486 549 612 677 742 809 876 946 1016 1087 1161 1235 1312 1391 1471 1551 1635 1719 1805 1893 1981 2074
68 127 186 245 304 364 425 486 549 612 677 742 809 876 946 1016 1087 1161 1235 1312 1391 1471 1551 1635 1719 1805 1893 1981 2074
68 127 186 245 304 364 425 486 549 612 677 742 809 876 946 1016 1087 1161 1235 1312 1391 1471 1551 1635 1719 1805 1893 1981 2074
68 127 186 245 304 364 425 486 549 612 676 742 809 876 946 1016 1087 1161 1235 1312 1391 1471 1551 1635 1719 1805 1893 1981 2074
68 127 186 245 304 364 425 486 549 612 676 741 809 876 946 1016 1087 1161 1235 1312 1391 1471 1551 1635 1719 1805 1893 1981 2074
68 127 186 245 304 364 425 486 549 612 676 741 809 876 946 1016 1087 1161 1235 1312 1391 1471 1551 1635 1719 1805 1893 1981 2074
68 127 186 245 304 364 425 486 549 612 676 741 808 876 946 1016 1087 1161 1235 1312 1391 1471 1551 1635 1719 1805 1893 1981 2074
68 127 186 245 304 364 425 486 549 612 676 741 808 876 946 1016 1087 1161 1235 1312 1391 1471 1551 1635 1719 1805 1893 1981 2075
68 127 186 245 304 364 425 486 549 612 676 741 808 876 946 1016 1087 1161 1235 1312 1391 1471 1551 1635 1719 1805 1893 1981 2075
68 127 186 245 304 364 425 486 549 612 676 741 808 876 946 1016 1087 1161 1235 1312 1391 1471 1551 1635 1719 1805 1893 1981 2075
68 127 186 245 304 364 425 486 549 612 676 741 808 876 946 1016 1087 1161 1235 1312 1391 1471 1551 1635 1719 1805 1893 1981 2075
68 127 186 245 304 364 425 486 549 612 676 741 808 876 945 1016 1087 1161 1235 1312 1391 1471 1551 1635 1719 1805 1893 1981 2075
68 127 186 245 304 364 425 486 549 612 676 741 808 876 945 1016 1087 1161 1235 1312 1391 1471 1551 1635 1719 1805 1893 1981 2075
68 127 186 245 304 364 425 486 548 612 676 741 808 876 945 1016 1087 1161 1235 1312 1391 1471 1551 1635 1719 1805 1893 1982 2075
68 127 186 245 304 364 425 486 548 612 676 741 808 876 945 1016 1087 1161 1235 1312 1391 1471 1551 1635 1719 1805 1893 1982 2075
68 127 186 245 304 364 425 486 548 612 676 741 808 876 945 1016 1087 1161 1235 1312 1391 1471 1551 1635 1719 1805 1893 1982 2075
68 127 186 245 304 364 425 486 548 612 676 741 808 876 945 1016 1087 1161 1235 1312 1391 1471 1551 1635 1719 1805 1893 1982 2075
68 127 186 245 304 364 425 486 548 612 676 741 808 876 945 1016 1087 1161 1235 1312 1391 1471 1551 1635 1719 1805 1893 1982 2075
68 127 186 245 304 364 425 486 548 612 676 741 808 876 945 1016 1087 1161 1235 1312 1391 1471 1551 1635 1719 1805 1893 1982 2075
68 127 186 245 304 364 425 486 548 612 676 741 808 876 945 1016 1087 1161 1235 1312 1391 1471 1551 1635 1719 1805 1893 1982 2075
68 127 186 245 304 364 425 486 548 612 676 741 808 876 945 1016 1087 1161 1235 1312 1391 1471 1551 1635 1719 1805 1893 1982 2075
68 126 186 245 304 364 425 486 548 612 676 741 808 876 945 1016 1087 1161 1235 1312 1391 1471 1551 1635 1719 1805 1893 1982 2075
67 126 186 245 304 364 425 486 548 612 676 741 808 876 945 1016 1087 1161 1235 1312 1391 1471 1551 1635 1719 1805 1893 1982 2075
67 126 186 244 304 364 425 486 548 612 676 741 808 876 945 1016 1087 1161 1235 1312 1391 1471 1551 1635 1719 1805 1893 1982 2075
67 126 186 244 304 364 425 486 548 612 676 741 808 876 945 1016 1087 1161 1235 1312 1391 1471 1551 1635 1719 1805 1893 1982 2075
67 126 185 244 304 364 425 486 548 612 676 741 808 876 945 1016 1087 1161 1235 1312 1391 1471 1551 1635 1719 1805 1893 1982 2075
67 126 185 244 304 364 425 486 548 612 676 741 808 876 945 1016 1087 1161 1235 1312 1391 1471 1551 1635 1719 1805 1893 1982 2075
67 126 185 244 304 364 425 486 548 612 676 741 808 876 945 1016 1087 1161 1235 1312 1391 1471 1551 1635 1719 1805 1893 1982 2075
67 126 185 244 304 364 425 486 548 612 676 741 808 876 945 1016 1087 1161 1235 1312 1391 1471 1551 1635 1719 1805 1893 1982 2075
67 126 185 244 304 364 425 486 548 612 676 741 808 876 945 1016 1087 1161 1235 1312 1391 1471 1551 1635 1719 1805 1893 1982 2075
67 126 185 244 304 364 425 486 548 612 676 741 808 876 945 1016 1087 1161 1235 1312 1391 1471 1551 1635 1719 1806 1893 1982 2075
67 126 185 244 304 364 425 486 548 612 676 741 808 876 945 1016 1087 1161 1235 1312 1391 1471 1551 1635 1719 1806 1893 1982 2075
67 126 185 244 304 364 425 486 548 612 676 741 808 876 945 1016 1087 1161 1235 1312 1391 1471 1551 1635 1719 1806 1893 1982 2075
67 126 185 244 304 364 425 486 548 612 676 741 808 876 945 1016 1087 1161 1235 1312 1391 1471 1551 1635 1719 1806 1893 1982 2075
67 126 185 244 304 364 425 486 548 612 676 741 808 875 945 1016 1087 1161 1235 1312 1391 1471 1551 1635 1719 1806 1893 1982 2075
67 126 185 244 304 364 424 486 548 612 676 741 808 875 945 1016 1087 1161 1235 1312 1391 1471 1551 1635 1719 1806 1893 1982 2075
67 126 185 244 304 364 424 486 548 611 676 741 808 875 945 1016 1087 1161 1235 1312 1391 1471 1551 1635 1719 1806 1893 1982 2075
67 126 185 244 304 364 424 486 548 611 676 741 808 875 945 1016 1087 1161 1235 1312 1391 1471 1551 1635 1719 1806 1893 1982 2075
67 126 185 244 304 364 424 486 548 611 676 741 808 875 945 1016 1087 1161 1235 1312 1391 1471 1551 1635 1720 1806 1894 1982 2075
67 126 185 244 304 364 424 486 548 611 676 741 808 875 945 1016 1087 1161 1235 1312 1391 1471 1551 1635 1720 1806 1894 1982 2075
67 126 185 244 304 364 424 486 548 611 676 741 808 875 945 1016 1087 1161 1235 1312 1391 1471 1551 1635 1720 1806 1894 1982 2075
67 126 185 244 304 363 424 486 548 611 676 741 808 875 945 1016 1087 1161 1235 1312 1391 1471 1551 1635 1720 1806 1894 1982 2075
67 126 185 244 304 363 424 486 548 611 676 741 808 875 945 1016 1087 1161 1235 1312 1391 1471 1551 1635 1720 1806 1894 1982 2075
67 126 185 244 303 363 424 486 548 611 676 741 808 875 945 1016 1087 1161 1235 1312 1391 1471 1551 1635 1720 1806 1894 1982 2076
67 126 185 244 303 363 424 485 548 611 676 741 808 875 945 1016 1087 1161 1235 1312 1391 1471 1551 1635 1720 1806 1894 1982 2076
67 126 185 244 303 363 424 485 548 611 676 741 808 875 945 1016 1087 1161 1235 1312 1391 1471 1551 1635 1720 1806 1894 1982 2076
67 126 185 244 303 363 424 485 548 611 676 741 808 875 945 1016 1087 1161 1235 1312 1391 1471 1551 1635 1720 1806 1894 1982 2076
67 126 185 244 303 363 424 485 548 611 676 741 808 875 945 1016 1087 1161 1235 1312 1391 1471 1551 1635 1720 1806 1894 1982 2076
67 126 185 244 303 363 424 485 548 611 676 741 808 875 945 1016 1087 1161 1235 1312 1391 1471 1551 1635 1720 1806 1894 1983 2076
67 126 185 244 303 363 424 485 548 611 676 741 808 875 945 1016 1087 1161 1235 1312 1391 1471 1551 1635 1720 1806 1894 1983 2076
67 126 185 244 303 363 424 485 548 611 676 741 808 875 945 1016 1087 1161 1235 1312 1391 1471 1551 1635 1720 1806 1894 1983 2076
67 126 185 244 303 363 424 485 548 611 676 741 808 875 945 1016 1087 1161 1235 1312 1391 1471 1551 1635 1720 1806 1894 1983 2076
67 126 185 244 303 363 424 485 548 611 676 741 808 875 945 1016 1087 1161 1235 1312 1391 1471 1551 1635 1720 1806 1894 1983 2076
67 126 185 244 303 363 424 485 548 611 676 741 808 875 945 1016 1087 1161 1235 1312 1391 1471 1552 1635 1720 1806 1894 1983 2076
67 126 185 244 303 363 424 485 548 611 676 741 808 875 945 1016 1087 1161 1235 1312 1391 1471 1552 1635 1720 1806 1894 1983 2076
67 126 185 244 303 363 424 485 548 611 676 741 808 875 945 1016 1087 1161 1235 1312 1391 1471 1552 1635 1720 1806 1894 1983 2076
67 126 185 244 303 363 424 485 548 611 676 741 808 875 945 1015 1087 1161 1235 1312 1391 1471 1552 1635 1720 1806 1894 1983 2076
67 126 185 244 303 363 424 485 548 611 676 741 808 875 945 1015 1087 1161 1235 1312 1391 1471 1552 1635 1720 1806 1894 1983 2076
67 125 185 244 303 363 424 485 548 611 676 741 808 875 945 1015 1087 1161 1235 1312 1391 1471 1552 1635 1720 1806 1894 1983 2076
67 125 185 244 303 363 424 485 548 611 676 741 808 875 945 1015 1087 1161 1235 1312 1391 1471 1552 1635 1720 1806 1894 1983 2076
66 125 185 244 303 363 424 485 548 611 676 741 808 875 945 1015 1087 1161 1235 1312 1391 1471 1552 1635 1720 1806 1894 1983 2076
66 125 185 244 303 363 424 485 548 611 676 741 808 875 945 1015 1087 1161 1235 1312 1391 1471 1552 1636 1720 1806 1894 1983 2076
66 125 185 243 303 363 424 485 548 611 676 741 808 875 945 1015 1087 1161 1235 1312 1391 1471 1552 1636 1720 1806 1894 1983 2076
66 125 185 243 303 363 424 485 548 611 676 741 808 875 945 1015 1087 1161 1235 1312 1391 1471 1552 1636 1720 1806 1894 1983 2076
66 125 184 243 303 363 424 485 548 611 676 741 808 875 945 1015 1087 1161 1235 1312 1391 1471 1552 1636 1720 1806 1894 1983 2076
66 125 184 243 303 363 424 485 548 611 676 741 808 875 945 1015 1087 1161 1235 1312 1391 1471 1552 1636 1720 1806 1894 1983 2076
66 125 184 243 303 363 424 485 548 611 676 741 808 875 945 1015 1087 1161 1235 1312 1391 1471 1552 1636 1720 1806 1894 1983 2076
66 125 184 243 303 363 424 485 548 611 676 741 808 875 945 1015 1087 1161 1235 1312 1391 1471 1552 1636 1720 1806 1894 1983 2076
66 125 184 243 303 363 424 485 548 611 676 741 808 875 945 1015 1087 1161 1236 1312 1391 1471 1552 1636 1720 1806 1894 1983 2076
66 125 184 243 303 363 424 485 548 611 676 741 808 875 945 1015 1087 1161 1236 1312 1391 1471 1552 1636 1720 1806 1894 1983 2076
66 125 184 243 303 363 424 485 547 611 675 741 808 875 945 1015 1087 1161 1236 1312 1391 1471 1552 1636 1720 1806 1894 1983 2076
66 125 184 243 303 363 424 485 547 611 675 741 808 875 945 1015 1087 1161 1236 1312 1391 1471 1552 1636 1720 1806 1894 1983 2076
66 125 184 243 303 363 424 485 547 611 675 741 808 875 945 1015 1087 1161 1236 1312 1391 1471 1552 1636 1720 1806 1894 1983 2076
66 125 184 243 303 363 424 485 547 611 675 741 808 875 945 1015 1087 1161 1236 1312 1391 1471 1552 1636 1720 1806 1894 1983 2076
66 125 184 243 303 363 424 485 547 611 675 741 808 875 945 1015 1087 1161 1236 1312 1391 1471 1552 1636 1720 1806 1894 1983 2076
66 125 184 243 303 363 424 485 547 611 675 741 808 875 945 1015 1087 1161 1236 1312 1391 1471 1552 1636 1720 1806 1894 1983 2076
66 125 184 243 303 363 424 485 547 611 675 741 808 875 945 1015 1087 1161 1236 1312 1391 1471 1552 1636 1720 1806 1894 1983 2076
66 125 184 243 303 363 424 485 547 611 675 741 808 875 945 1015 1087 1161 1236 1312 1391 1471 1552 1636 1720 1806 1894 1983 2076
66 125 184 243 303 363 424 485 547 611 675 741 808 875 945 1015 1087 1161 1236 1312 1391 1471 1552 1636 1720 1806 1894 1983 2077
66 125 184 243 303 363 424 485 547 611 675 741 808 875 945 1015 1087 1161 1236 1312 1391 1471 1552 1636 1720 1806 1894 1983 2077
66 125 184 243 303 363 424 485 547 611 675 741 808 875 945 1015 1087 1161 1236 1312 1391 1471 1552 1636 1720 1806 1894 1983 2077
66 125 184 243 303 363 424 485 547 611 675 741 808 875 945 1015 1087 1161 1236 1312 1391 1471 1552 1636 1720 1806 1894 1984 2077
66 125 184 243 303 363 424 485 547 611 675 741 808 875 945 1015 1087 1161 1236 1312 1391 1471 1552 1636 1720 1806 1894 1984 2077
66 125 184 243 303 363 424 485 547 611 675 741 808 875 945 1015 1087 1161 1236 1312 1391 1471 1552 1636 1720 1807 1894 1984 2077
66 125 184 243 303 363 424 485 547 611 675 740 808 875 945 1015 1087 1161 1236 1312 1391 1471 1552 1636 1720 1807 1894 1984 2077
66 125 184 243 303 363 423 485 547 611 675 740 808 875 945 1015 1087 1161 1236 1312 1391 1471 1552 1636 1720 1807 1894 1984 2077
66 125 184 243 303 363 423 485 547 611 675 740 808 875 945 1015 1087 1161 1236 1312 1391 1471 1552 1636 1720 1807 1894 1984 2077
66 125 184 243 303 362 423 485 547 611 675 740 808 875 945 1015 1087 1161 1236 1312 1391 1471 1552 1636 1720 1807 1894 1984 2077
66 125 184 243 303 362 423 485 547 611 675 740 807 875 945 1015 1087 1161 1236 1312 1391 1471 1552 1636 1720 1807 1894 1984 2077
66 125 184 243 302 362 423 485 547 611 675 740 807 875 945 1015 1087 1161 1236 1312 1391 1471 1552 1636 1720 1807 1894 1984 2077
66 125 184 243 302 362 423 485 547 611 675 740 807 875 945 1015 1087 1161 1236 1312 1391 1471 1552 1636 1720 1807 1894 1984 2077
66 125 184 243 302 362 423 485 547 611 675 740 807 875 945 1015 1087 1161 1236 1312 1391 1471 1552 1636 1720 1807 1894 1984 2077
66 125 184 243 302 362 423 485 547 611 675 740 807 875 945 1015 1087 1161 1236 1312 1391 1471 1552 1636 1720 1807 1894 1984 2077
66 125 184 243 302 362 423 485 547 611 675 740 807 875 945 1015 1087 1161 1236 1312 1391 1471 1552 1636 1720 1807 1894 1984 2077
66 125 184 243 302 362 423 485 547 611 675 740 807 875 945 1015 1087 1161 1236 1312 1391 1471 1552 1636 1720 1807 1894 1984 2077
66 125 184 243 302 362 423 485 547 611 675 740 807 875 945 1015 1087 1161 1236 1312 1391 1471 1552 1636 1720 1807 1895 1984 2077
66 125 184 243 302 362 423 485 547 611 675 740 807 875 945 1015 1087 1161 1236 1312 1391 1471 1552 1636 1720 1807 1895 1984 2077
66 124 184 243 302 362 423 485 547 611 675 740 807 875 945 1015 1087 1161 1236 1312 1391 1471 1552 1636 1720 1807 1895 1984 2077
65 124 184 243 302 362 423 484 547 611 675 740 807 875 945 1015 1087 1161 1236 1312 1391 1471 1552 1636 1720 1807 1895 1984 2077
65 124 184 243 302 362 423 484 547 610 675 740 807 875 945 1015 1087 1161 1236 1312 1391 1471 1552 1636 1720 1807 1895 1984 2077
65 124 184 243 302 362 423 484 547 610 675 740 807 875 945 1015 1087 1161 1236 1312 1391 1471 1552 1636 1720 1807 1895 1984 2077
65 124 184 243 302 362 423 484 547 610 675 740 807 875 945 1015 1087 1161 1236 1312 1391 1471 1552 1636 1720 1807 1895 1984 2077
65 124 184 243 302 362 423 484 547 610 675 740 807 875 945 1015 1087 1161 1236 1313 1391 1471 1552 1636 1720 1807 1895 1984 2077
65 124 184 242 302 362 423 484 547 610 675 740 807 875 945 1015 1087 1161 1236 1313 1391 1471 1552 1636 1720 1807 1895 1984 2077
65 124 183 242 302 362 423 484 547 610 675 740 807 875 945 1015 1087 1161 1236 1313 1391 1471 1552 1636 1721 1807 1895 1984 2077
65 124 183 242 302 362 423 484 547 610 675 740 807 875 945 1015 1087 1161 1236 1313 1391 1471 1552 1636 1721 1807 1895 1984 2077
65 124 183 242 302 362 423 484 547 610 675 740 807 875 945 1015 1087 1161 1236 1313 1391 1471 1552 1636 1721 1807 1895 1984 2077
65 124 183 242 302 362 423 484 547 610 675 740 807 875 945 1015 1087 1161 1236 1313 1391 1471 1552 1636 1721 1807 1895 1984 2077
65 124 183 242 302 362 423 484 547 610 675 740 807 875 945 1015 1087 1161 1236 1313 1391 1471 1552 1636 1721 1807 1895 1984 2077
65 124 183 242 302 362 423 484 547 610 675 740 807 875 945 1015 1087 1161 1236 1313 1391 1471 1552 1636 1721 1807 1895 1984 2077
65 124 183 242 302 362 423 484 547 610 675 740 807 875 945 1015 1087 1161 1236 1313 1391 1471 1552 1636 1721 1807 1895 1984 2077
65 124 183 242 302 362 423 484 547 610 675 740 807 875 945 1015 1087 1161 1236 1313 1391 1471 1552 1636 1721 1807 1895 1984 2077
65 124 183 242 302 362 423 484 547 610 675 740 807 875 945 1015 1087 1161 1236 1313 1391 1471 1552 1636 1721 1807 1895 1984 2078
65 124 183 242 302 362 423 484 547 610 675 740 807 875 945 1015 1087 1161 1236 1313 1391 1471 1552 1636 1721 1807 1895 1984 2078
65 124 183 242 302 362 423 484 547 610 675 740 807 875 945 1015 1087 1161 1236 1313 1391 1471 1552 1636 1721 1807 1895 1984 2078
65 124 183 242 302 362 423 484 547 610 675 740 807 875 945 1015 1087 1161 1236 1313 1391 1471 1552 1636 1721 1807 1895 1985 2078
65 124 183 242 302 362 423 484 547 610 675 740 807 875 945 1015 1087 1161 1236 1313 1391 1471 1552 1636 1721 1807 1895 1985 2078
65 124 183 242 302 362 423 484 547 610 675 740 807 875 945 1015 1087 1161 1236 1313 1391 1471 1552 1636 1721 1807 1895 1985 2078
65 124 183 242 302 362 423 484 547 610 675 740 807 875 945 1015 1087 1161 1236 1313 1391 1471 1552 1636 1721 1807 1895 1985 2078
65 124 183 242 302 362 423 484 547 610 675 740 807 875 945 1015 1087 1161 1236 1313 1391 1471 1552 1636 1721 1807 1895 1985 2078
65 124 183 242 302 362 423 484 547 610 675 740 807 875 945 1015 1087 1161 1236 1313 1391 1471 1552 1636 1721 1807 1895 1985 2078
65 124 183 242 302 362 423 484 547 610 675 740 807 875 945 1015 1087 1161 1236 1313 1391 1471 1552 1636 1721 1807 1895 1985 2078
65 124 183 242 302 362 423 484 547 610 675 740 807 875 945 1015 1087 1161 1236 1313 1391 1471 1552 1636 1721 1807 1895 1985 2078
65 124 183 242 302 362 423 484 547 610 675 740 807 875 945 1015 1087 1161 1236 1313 1391 1471 1552 1636 1721 1807 1895 1985 2078
65 124 183 242 302 362 423 484 547 610 675 740 807 875 945 1015 1087 1161 1236 1313 1392 1471 1552 1636 1721 1807 1895 1985 2078
65 124 183 242 302 362 423 484 547 610 675 740 807 875 945 1015 1087 1161 1236 1313 1392 1471 1552 1636 1721 1807 1895 1985 2078
65 124 183 242 302 362 423 484 547 610 675 740 807 875 945 1015 1087 1161 1236 1313 1392 1471 1552 1636 1721 1807 1895 1985 2078
65 124 183 242 302 362 423 484 547 610 675 740 807 875 945 1015 1087 1161 1236 1313 1392 1471 1552 1636 1721 1807 1895 1985 2078
65 124 183 242 302 362 423 484 547 610 675 740 807 875 945 1015 1087 1161 1236 1313 1392 1471 1552 1636 1721 1807 1895 1985 2078
65 124 183 242 302 362 423 484 547 610 675 740 807 875 945 1015 1087 1161 1236 1313 1392 1471 1552 1636 1721 1807 1895 1985 2078
65 124 183 242 302 362 423 484 547 610 675 740 807 875 945 1015 1087 1161 1236 1313 1392 1471 1552 1636 1721 1807 1895 1985 2078
65 124 183 242 302 362 423 484 547 610 675 740 807 875 945 1015 1087 1161 1236 1313 1392 1471 1552 1636 1721 1807 1895 1985 2078
65 124 183 242 302 362 423 484 547 610 675 740 807 875 945 1015 1087 1161 1236 1313 1392 1471 1552 1636 1721 1808 1895 1985 2078
65 124 183 242 302 362 423 484 547 610 675 740 807 875 945 1015 1087 1161 1236 1313 1392 1472 1552 1636 1721 1808 1895 1985 2078
65 124 183 242 302 362 423 484 546 610 675 740 807 875 945 1015 1087 1161 1236 1313 1392 1472 1552 1636 1721 1808 1895 1985 2078
65 124 183 242 302 361 423 484 546 610 675 740 807 875 945 1015 1087 1161 1236 1313 1392 1472 1552 1636 1721 1808 1895 1985 2078
65 124 183 242 302 361 423 484 546 610 675 740 807 875 945 1015 1087 1161 1236 1313 1392 1472 1552 1636 1721 1808 1895 1985 2078
65 124 183 242 301 361 422 484 546 610 675 740 807 875 945 1015 1087 1161 1236 1313 1392 1472 1552 1636 1721 1808 1895 1985 2078
64 123 183 242 301 361 422 484 546 610 675 740 807 875 945 1015 1087 1161 1236 1313 1392 1472 1553 1636 1721 1808 1895 1985 2078
64 123 183 242 301 361 422 484 546 610 675 740 807 875 945 1015 1087 1161 1236 1313 1392 1472 1553 1636 1721 1808 1895 1985 2078
64 123 183 242 301 361 422 484 546 610 675 740 807 875 945 1015 1087 1161 1236 1313 1392 1472 1553 1636 1721 1808 1895 1985 2078
64 123 183 242 301 361 422 484 546 610 675 740 807 875 945 1015 1087 1161 1236 1313 1392 1472 1553 1636 1721 1808 1895 1985 2078
64 123 183 242 301 361 422 484 546 610 675 740 807 875 945 1015 1087 1161 1236 1313 1392 1472 1553 1636 1721 1808 1895 1985 2078
64 123 183 242 301 361 422 484 546 610 675 740 807 875 945 1015 1087 1161 1236 1313 1392 1472 1553 1636 1721 1808 1895 1985 2078
64 123 183 242 301 361 422 484 546 610 675 740 807 875 945 1015 1087 1161 1236 1313 1392 1472 1553 1636 1721 1808 1895 1985 2079
64 123 183 242 301 361 422 484 546 610 675 740 807 875 945 1015 1087 1161 1236 1313 1392 1472 1553 1636 1721 1808 1896 1985 2079
64 123 183 241 301 361 422 484 546 610 674 740 807 875 945 1015 1087 1161 1236 1313 1392 1472 1553 1636 1721 1808 1896 1985 2079
64 123 182 241 301 361 422 484 546 610 674 740 807 875 945 1015 1087 1161 1236 1313 1392 1472 1553 1636 1721 1808 1896 1986 2079
64 123 182 241 301 361 422 484 546 610 674 740 807 875 945 1015 1087 1161 1236 1313 1392 1472 1553 1636 1721 1808 1896 1986 2079
64 123 182 241 301 361 422 484 546 610 674 740 807 875 945 1015 1087 1161 1236 1313 1392 1472 1553 1636 1721 1808 1896 1986 2079
64 123 182 241 301 361 422 484 546 610 674 740 807 875 945 1015 1087 1161 1236 1313 1392 1472 1553 1636 1721 1808 1896 1986 2079
64 123 182 241 301 361 422 484 546 610 674 740 807 875 945 1015 1087 1161 1236 1313 1392 1472 1553 1636 1721 1808 1896 1986 2079
64 123 182 241 301 361 422 484 546 610 674 740 807 875 945 1015 1087 1161 1236 1313 1392 1472 1553 1636 1721 1808 1896 1986 2079
64 123 182 241 301 361 422 484 546 610 674 740 807 875 945 1015 1087 1161 1236 1313 1392 1472 1553 1636 1721 1808 1896 1986 2079
64 123 182 241 301 361 422 484 546 610 674 740 807 875 945 1015 1087 1161 1236 1313 1392 1472 1553 1636 1721 1808 1896 1986 2079
64 123 182 241 301 361 422 484 546 610 674 740 807 875 945 1015 1087 1161 1236 1313 1392 1472 1553 1636 1721 1808 1896 1986 2079
64 123 182 241 301 361 422 484 546 610 674 740 807 875 945 1015 1087 1161 1236 1313 1392 1472 1553 1636 1721 1808 1896 1986 2079
64 123 182 241 301 361 422 483 546 610 674 740 807 875 945 1015 1087 1161 1236 1313 1392 1472 1553 1636 1721 1808 1896 1986 2079
64 123 182 241 301 361 422 483 546 610 674 740 807 875 945 1015 1087 1161 1236 1313 1392 1472 1553 1636 1721 1808 1896 1986 2079
64 123 182 241 301 361 422 483 546 610 674 740 807 875 945 1015 1087 1161 1236 1313 1392 1472 1553 1636 1721 1808 1896 1986 2079
64 123 182 241 301 361 422 483 546 610 674 740 807 875 945 1015 1087 1161 1236 1313 1392 1472 1553 1636 1721 1808 1896 1986 2079
64 123 182 241 301 361 422 483 546 610 674 740 807 875 945 1015 1087 1161 1236 1313 1392 1472 1553 1636 1721 1808 1896 1986 2079
64 123 182 241 301 361 422 483 546 610 674 740 807 875 945 1015 1087 1161 1236 1313 1392 1472 1553 1636 1722 1808 1896 1986 2079
64 123 182 241 301 361 422 483 546 610 674 740 807 874 945 1015 1087 1161 1236 1313 1392 1472 1553 1636 1722 1808 1896 1986 2079
64 123 182 241 301 361 422 483 546 610 674 740 807 874 945 1015 1087 1161 1236 1313 1392 1472 1553 1636 1722 1808 1896 1986 2079
64 123 182 241 301 361 422 483 546 610 674 740 807 874 945 1015 1087 1161 1236 1313 1392 1472 1553 1636 1722 1808 1896 1986 2079
64 123 182 241 301 361 422 483 546 610 674 740 807 874 945 1015 1087 1161 1236 1313 1392 1472 1553 1636 1722 1808 1896 1986 2079
64 123 182 241 301 361 422 483 546 610 674 740 807 874 945 1015 1087 1161 1236 1313 1392 1472 1553 1636 1722 1808 1896 1986 2079
64 123 182 241 301 361 422 483 546 610 674 740 807 874 945 1015 1087 1161 1236 1313 1392 1472 1553 1637 1722 1808 1896 1986 2079
64 123 182 241 301 361 422 483 546 610 674 740 807 874 945 1015 1087 1161 1236 1313 1392 1472 1553 1637 1722 1808 1896 1986 2079
64 123 182 241 301 361 422 483 546 609 674 740 807 874 945 1015 1087 1161 1236 1313 1392 1472 1553 1637 1722 1808 1896 1986 2079
64 123 182 241 301 361 422 483 546 609 674 740 807 874 945 1015 1087 1161 1236 1313 1392 1472 1553 1637 1722 1808 1896 1986 2079
64 123 182 241 301 361 422 483 546 609 674 740 807 874 945 1015 1087 1161 1236 1313 1392 1472 1553 1637 1722 1808 1896 1986 2079
64 123 182 241 301 361 422 483 546 609 674 740 807 874 945 1015 1087 1161 1236 1313 1392 1472 1553 1637 1722 1808 1896 1986 2079
64 123 182 241 301 361 422 483 546 609 674 740 807 874 945 1015 1087 1161 1236 1313 1392 1472 1553 1637 1722 1808 1896 1986 2079
64 123 182 241 301 361 422 483 546 609 674 740 807 874 945 1015 1087 1161 1236 1313 1392 1472 1553 1637 1722 1808 1896 1986 2079
64 123 182 241 301 361 422 483 546 609 674 740 807 874 945 1015 1087 1161 1236 1313 1392 1472 1553 1637 1722 1808 1896 1986 2080
64 123 182 241 301 361 422 483 546 609 674 740 807 874 945 1015 1087 1161 1236 1313 1392 1472 1553 1637 1722 1808 1896 1986 2080
64 123 182 241 301 361 422 483 546 609 674 740 807 874 945 1015 1087 1161 1236 1313 1392 1472 1553 1637 1722 1809 1896 1986 2080
63 123 182 241 301 361 422 483 546 609 674 740 807 874 945 1015 1087 1161 1236 1313 1392 1472 1553 1637 1722 1809 1896 1987 2080
63 122 182 241 301 361 422 483 546 609 674 740 807 874 945 1015 1087 1161 1236 1313 1392 1472 1553 1637 1722 1809 1896 1987 2080
63 122 182 241 301 361 422 483 546 609 674 740 807 874 945 1015 1087 1161 1236 1313 1392 1472 1553 1637 1722 1809 1896 1987 2080
63 122 182 241 301 361 422 483 546 609 674 740 807 874 945 1015 1087 1161 1236 1313 1392 1472 1553 1637 1722 1809 1896 1987 2080
63 122 182 241 301 361 422 483 546 609 674 739 807 874 945 1015 1087 1161 1236 1313 1392 1472 1553 1637 1722 1809 1896 1987 2080
63 122 182 241 301 361 422 483 546 609 674 739 807 874 945 1015 1087 1161 1236 1313 1392 1472 1553 1637 1722 1809 1896 1987 2080
63 122 182 241 301 361 422 483 546 609 674 739 807 874 945 1015 1087 1161 1236 1313 1392 1472 1553 1637 1722 1809 1896 1987 2080
63 122 182 241 301 361 422 483 546 609 674 739 807 874 945 1015 1087 1161 1236 1313 1392 1472 1553 1637 1722 1809 1896 1987 2080
63 122 182 241 300 360 422 483 546 609 674 739 807 874 945 1015 1087 1161 1236 1313 1392 1472 1553 1637 1722 1809 1896 1987 2080
63 122 182 241 300 360 422 483 546 609 674 739 807 874 945 1015 1087 1161 1236 1313 1392 1472 1553 1637 1722 1809 1896 1987 2080
63 122 182 241 300 360 422 483 546 609 674 739 807 874 945 1015 1087 1161 1236 1313 1392 1472 1553 1637 1722 1809 1896 1987 2080
63 122 182 241 300 360 422 483 546 609 674 739 807 874 944 1015 1087 1161 1236 1313 1392 1472 1553 1637 1722 1809 1896 1987 2080
63 122 181 240 300 360 422 483 546 609 674 739 807 874 944 1015 1087 1161 1236 1313 1392 1472 1553 1637 1722 1809 1897 1987 2080
63 122 181 240 300 360 422 483 546 609 674 739 806 874 944 1015 1087 1161 1236 1313 1392 1472 1553 1637 1722 1809 1897 1987 2080
63 122 181 240 300 360 422 483 546 609 674 739 806 874 944 1015 1087 1161 1236 1313 1392 1472 1553 1637 1722 1809 1897 1987 2080
63 122 181 240 300 360 421 483 546 609 674 739 806 874 944 1015 1087 1161 1236 1313 1392 1472 1553 1637 1722 1809 1897 1987 2080
63 122 181 240 300 360 421 483 546 609 674 739 806 874 944 1015 1087 1161 1236 1313 1392 1472 1553 1637 1722 1809 1897 1987 2080
63 122 181 240 300 360 421 483 546 609 674 739 806 874 944 1015 1087 1161 1236 1313 1392 1472 1553 1637 1722 1809 1897 1987 2080
63 122 181 240 300 360 421 483 546 609 674 739 806 874 944 1015 1087 1161 1236 1313 1392 1472 1553 1637 1722 1809 1897 1987 2080
63 122 181 240 300 360 421 483 546 609 674 739 806 874 944 1015 1087 1161 1236 1313 1392 1472 1553 1637 1722 1809 1897 1987 2080
63 122 181 240 300 360 421 483 546 609 674 739 806 874 944 1015 1087 1161 1236 1313 1392 1472 1553 1637 1722 1809 1897 1987 2080
63 122 181 240 300 360 421 483 546 609 674 739 806 874 944 1015 1087 1161 1236 1313 1392 1472 1553 1637 1722 1809 1897 1987 2080
63 122 181 240 300 360 421 483 546 609 674 739 806 874 944 1015 1087 1161 1236 1313 1392 1472 1553 1637 1722 1809 1897 1987 2080
63 122 181 240 300 360 421 483 546 609 674 739 806 874 944 1015 1087 1161 1236 1313 1392 1472 1553 1637 1722 1809 1897 1987 2080
63 122 181 240 300 360 421 483 546 609 674 739 806 874 944 1015 1087 1161 1236 1313 1392 1472 1553 1637 1722 1809 1897 1987 2080
63 122 181 240 300 360 421 483 545 609 674 739 806 874 944 1015 1087 1161 1236 1313 1392 1472 1553 1637 1722 1809 1897 1987 2080
63 122 181 240 300 360 421 483 545 609 674 739 806 874 944 1015 1087 1161 1236 1313 1392 1472 1553 1637 1722 1809 1897 1987 2080
63 122 181 240 300 360 421 483 545 609 674 739 806 874 944 1015 1087 1161 1236 1313 1392 1472 1553 1637 1722 1809 1897 1987 2080
63 122 181 240 300 360 421 483 545 609 674 739 806 874 944 1015 1087 1161 1236 1313 1392 1472 1553 1637 1722 1809 1897 1987 2081
63 122 181 240 300 360 421 483 545 609 674 739 806 874 944 1015 1087 1161 1236 1313 1392 1472 1553 1637 1722 1809 1897 1987 2081
63 122 181 240 300 360 421 483 545 609 674 739 806 874 944 1015 1087 1161 1236 1313 1392 1472 1554 1637 1722 1809 1897 1987 2081
63 122 181 240 300 360 421 483 545 609 674 739 806 874 944 1015 1087 1161 1236 1313 1392 1472 1554 1637 1722 1809 1897 1988 2081
63 122 181 240 300 360 421 483 545 609 674 739 806 874 944 1015 1087 1161 1236 1313 1392 1472 1554 1637 1722 1809 1897 1988 2081
63 122 181 240 300 360 421 483 545 609 674 739 806 874 944 1015 1087 1161 1236 1313 1392 1472 1554 1637 1722 1809 1897 1988 2081
63 122 181 240 300 360 421 483 545 609 674 739 806 874 944 1015 1087 1161 1236 1313 1392 1472 1554 1637 1722 1809 1897 1988 2081
63 122 181 240 300 360 421 483 545 609 674 739 806 874 944 1015 1087 1161 1236 1313 1392 1472 1554 1637 1722 1809 1897 1988 2081
63 122 181 240 300 360 421 483 545 609 674 739 806 874 944 1015 1087 1161 1236 1313 1392 1472 1554 1637 1723 1809 1897 1988 2081
63 122 181 240 300 360 421 483 545 609 674 739 806 874 944 1015 1087 1161 1236 1313 1392 1472 1554 1637 1723 1809 1897 1988 2081
63 122 181 240 300 360 421 483 545 609 674 739 806 874 944 1015 1087 1161 1236 1313 1392 1472 1554 1637 1723 1809 1897 1988 2081
63 122 181 240 300 360 421 483 545 609 674 739 806 874 944 1015 1087 1161 1236 1313 1392 1472 1554 1637 1723 1809 1897 1988 2081
63 122 181 240 300 360 421 483 545 609 674 739 806 874 944 1015 1087 1161 1236 1313 1392 1472 1554 1637 1723 1809 1897 1988 2081
63 122 181 240 300 360 421 483 545 609 674 739 806 874 944 1015 1087 1161 1236 1313 1392 1472 1554 1637 1723 1809 1897 1988 2081
63 122 181 240 300 360 421 483 545 609 674 739 806 874 944 1015 1087 1161 1236 1313 1392 1472 1554 1637 1723 1809 1897 1988 2081
63 122 181 240 300 360 421 482 545 609 674 739 806 874 944 1015 1087 1161 1236 1313 1392 1472 1554 1637 1723 1810 1897 1988 2081
62 122 181 240 300 360 421 482 545 609 674 739 806 874 944 1015 1087 1161 1236 1313 1392 1472 1554 1637 1723 1810 1897 1988 2081
62 121 181 240 300 360 421 482 545 609 674 739 806 874 944 1015 1087 1161 1236 1313 1392 1472 1554 1637 1723 1810 1897 1988 2081
62 121 181 240 300 360 421 482 545 609 674 739 806 874 944 1015 1087 1161 1236 1313 1392 1472 1554 1637 1723 1810 1897 1988 2081
62 121 181 240 300 360 421 482 545 609 674 739 806 874 944 1015 1087 1161 1236 1313 1392 1472 1554 1637 1723 1810 1897 1988 2081
62 121 181 240 300 360 421 482 545 609 674 739 806 874 944 1015 1087 1161 1236 1313 1392 1472 1554 1637 1723 1810 1897 1988 2081
62 121 181 240 300 360 421 482 545 609 674 739 806 874 944 1015 1087 1161 1236 1313 1392 1472 1554 1637 1723 1810 1897 1988 2081
62 121 181 240 300 360 421 482 545 609 674 739 806 874 944 1015 1087 1161 1236 1313 1392 1472 1554 1637 1723 1810 1897 1988 2081
62 121 181 240 300 360 421 482 545 609 674 739 806 874 944 1015 1087 1161 1236 1313 1392 1472 1554 1637 1723 1810 1897 1988 2081
62 121 181 240 300 360 421 482 545 609 674 739 806 874 944 1015 1087 1161 1236 1313 1392 1472 1554 1637 1723 1810 1897 1988 2081
62 121 181 240 300 360 421 482 545 609 674 739 806 874 944 1015 1087 1161 1236 1313 1392 1472 1554 1637 1723 1810 1897 1988 2081
62 121 181 240 300 360 421 482 545 609 674 739 806 874 944 1015 1087 1161 1236 1313 1392 1472 1554 1637 1723 1810 1898 1988 2081
62 121 181 240 300 360 421 482 545 609 674 739 806 874 944 1015 1087 1161 1236 1313 1392 1472 1554 1637 1723 1810 1898 1988 2081
62 121 181 240 300 360 421 482 545 609 674 739 806 874 944 1015 1087 1161 1237 1313 1392 1472 1554 1637 1723 1810 1898 1988 2081
62 121 181 240 300 360 421 482 545 609 674 739 806 874 944 1015 1087 1161 1237 1313 1392 1472 1554 1637 1723 1810 1898 1988 2081
62 121 180 240 300 360 421 482 545 609 674 739 806 874 944 1015 1087 1161 1237 1313 1392 1472 1554 1637 1723 1810 1898 1988 2082
62 121 180 239 300 360 421 482 545 609 673 739 806 874 944 1015 1087 1161 1237 1313 1393 1472 1554 1637 1723 1810 1898 1988 2082
62 121 180 239 300 360 421 482 545 609 673 739 806 874 944 1015 1087 1161 1237 1313 1393 1472 1554 1637 1723 1810 1898 1988 2082
62 121 180 239 300 360 421 482 545 609 673 739 806 874 944 1015 1087 1161 1237 1313 1393 1472 1554 1637 1723 1810 1898 1988 2082
62 121 180 239 299 360 421 482 545 609 673 739 806 874 944 1015 1087 1161 1237 1313 1393 1472 1554 1637 1723 1810 1898 1989 2082
62 121 180 239 299 360 421 482 545 609 673 739 806 874 944 1015 1087 1161 1237 1313 1393 1472 1554 1637 1723 1810 1898 1989 2082
62 121 180 239 299 359 421 482 545 609 673 739 806 874 944 1015 1087 1161 1237 1313 1393 1472 1554 1637 1723 1810 1898 1989 2082
62 121 180 239 299 359 421 482 545 609 673 739 806 874 944 1015 1087 1161 1237 1314 1393 1472 1554 1637 1723 1810 1898 1989 2082
62 121 180 239 299 359 421 482 545 609 673 739 806 874 944 1015 1087 1161 1237 1314 1393 1472 1554 1638 1723 1810 1898 1989 2082
62 121 180 239 299 359 421 482 545 609 673 739 806 874 944 1015 1087 1161 1237 1314 1393 1472 1554 1638 1723 1810 1898 1989 2082
62 121 180 239 299 359 421 482 545 609 673 739 806 874 944 1015 1087 1161 1237 1314 1393 1472 1554 1638 1723 1810 1898 1989 2082
62 121 180 239 299 359 421 482 545 609 673 739 806 874 944 1015 1087 1161 1237 1314 1393 1473 1554 1638 1723 1810 1898 1989 2082
62 121 180 239 299 359 421 482 545 609 673 739 806 874 944 1015 1087 1161 1237 1314 1393 1473 1554 1638 1723 1810 1898 1989 2082
62 121 180 239 299 359 421 482 545 609 673 739 806 874 944 1015 1087 1161 1237 1314 1393 1473 1554 1638 1723 1810 1898 1989 2082
62 121 180 239 299 359 421 482 545 609 673 739 806 874 944 1015 1087 1161 1237 1314 1393 1473 1554 1638 1723 1810 1898 1989 2082
62 121 180 239 299 359 421 482 545 608 673 739 806 874 944 1015 1087 1161 1237 1314 1393 1473 1554 1638 1723 1810 1898 1989 2082
62 121 180 239 299 359 421 482 545 608 673 739 806 874 944 1015 1087 1162 1237 1314 1393 1473 1554 1638 1723 1810 1898 1989 2082
62 121 180 239 299 359 421 482 545 608 673 739 806 874 944 1015 1087 1162 1237 1314 1393 1473 1554 1638 1723 1810 1898 1989 2082
62 121 180 239 299 359 421 482 545 608 673 739 806 874 944 1015 1087 1162 1237 1314 1393 1473 1554 1638 1723 1810 1898 1989 2082
62 121 180 239 299 359 420 482 545 608 673 739 806 874 944 1015 1087 1162 1237 1314 1393 1473 1554 1638 1723 1810 1898 1989 2082
62 121 180 239 299 359 420 482 545 608 673 739 806 874 944 1015 1087 1162 1237 1314 1393 1473 1554 1638 1723 1810 1898 1989 2082
62 121 180 239 299 359 420 482 545 608 673 739 806 874 944 1015 1087 1162 1237 1314 1393 1473 1554 1638 1723 1810 1898 1989 2082
62 121 180 239 299 359 420 482 545 608 673 739 806 874 944 1015 1087 1162 1237 1314 1393 1473 1554 1638 1723 1810 1898 1989 2082
62 121 180 239 299 359 420 482 545 608 673 739 806 874 944 1015 1087 1162 1237 1314 1393 1473 1554 1638 1723 1810 1898 1989 2082
62 121 180 239 299 359 420 482 545 608 673 739 806 874 944 1015 1087 1162 1237 1314 1393 1473 1554 1638 1723 1810 1898 1989 2082
62 121 180 239 299 359 420 482 545 608 673 739 806 874 944 1015 1087 1162 1237 1314 1393 1473 1554 1638 1723 1810 1898 1989 2082
62 121 180 239 299 359 420 482 545 608 673 739 806 874 944 1015 1087 1162 1237 1314 1393 1473 1554 1638 1723 1811 1898 1989 2082
62 121 180 239 299 359 420 482 545 608 673 739 806 874 944 1015 1087 1162 1237 1314 1393 1473 1554 1638 1724 1811 1898 1989 2082
62 121 180 239 299 359 420 482 545 608 673 739 806 874 944 1015 1087 1162 1237 1314 1393 1473 1554 1638 1724 1811 1898 1989 2082
62 121 180 239 299 359 420 482 545 608 673 739 806 874 944 1015 1087 1162 1237 1314 1393 1473 1554 1638 1724 1811 1898 1989 2082
62 121 180 239 299 359 420 482 545 608 673 739 806 874 944 1015 1087 1162 1237 1314 1393 1473 1554 1638 1724 1811 1898 1989 2083
61 121 180 239 299 359 420 482 545 608 673 739 806 874 944 1015 1087 1162 1237 1314 1393 1473 1554 1638 1724 1811 1898 1989 2083
61 121 180 239 299 359 420 482 545 608 673 739 806 874 944 1015 1087 1162 1237 1314 1393 1473 1554 1638 1724 1811 1898 1989 2083
61 121 180 239 299 359 420 482 545 608 673 739 806 874 944 1015 1087 1162 1237 1314 1393 1473 1554 1638 1724 1811 1898 1989 2083
61 120 180 239 299 359 420 482 545 608 673 739 806 874 944 1015 1087 1162 1237 1314 1393 1473 1555 1638 1724 1811 1898 1990 2083
61 120 180 239 299 359 420 482 545 608 673 739 806 874 944 1015 1087 1162 1237 1314 1393 1473 1555 1638 1724 1811 1898 1990 2083
61 120 180 239 299 359 420 482 545 608 673 739 806 874 944 1015 1087 1162 1237 1314 1393 1473 1555 1638 1724 1811 1899 1990 2083
61 120 180 239 299 359 420 482 545 608 673 739 806 874 944 1015 1087 1162 1237 1314 1393 1473 1555 1638 1724 1811 1899 1990 2083
61 120 180 239 299 359 420 482 545 608 673 739 806 874 944 1015 1087 1162 1237 1314 1393 1473 1555 1638 1724 1811 1899 1990 2083
61 120 180 239 299 359 420 482 545 608 673 739 806 874 944 1015 1087 1162 1237 1314 1393 1473 1555 1638 1724 1811 1899 1990 2083
61 120 180 239 299 359 420 482 545 608 673 739 806 874 944 1015 1087 1162 1237 1314 1393 1473 1555 1638 1724 1811 1899 1990 2083
61 120 180 239 299 359 420 482 545 608 673 739 806 874 944 1015 1087 1162 1237 1314 1393 1473 1555 1638 1724 1811 1899 1990 2083
61 120 180 239 299 359 420 482 545 608 673 739 806 874 944 1015 1087 1162 1237 1314 1393 1473 1555 1638 1724 1811 1899 1990 2083
61 120 180 239 299 359 420 482 545 608 673 739 806 874 944 1015 1087 1162 1237 1314 1393 1473 1555 1638 1724 1811 1899 1990 2083
61 120 180 239 299 359 420 482 545 608 673 739 806 874 944 1015 1087 1162 1237 1314 1393 1473 1555 1638 1724 1811 1899 1990 2083
61 120 180 239 299 359 420 482 545 608 673 739 806 874 944 1015 1087 1162 1237 1314 1393 1473 1555 1638 1724 1811 1899 1990 2083
61 120 180 239 299 359 420 482 545 608 673 739 806 874 944 1015 1087 1162 1237 1314 1393 1473 1555 1638 1724 1811 1899 1990 2083
61 120 180 239 299 359 420 482 545 608 673 739 806 874 944 1015 1087 1162 1237 1314 1393 1473 1555 1638 1724 1811 1899 1990 2083
61 120 180 239 299 359 420 482 544 608 673 739 806 874 944 1015 1087 1162 1237 1314 1393 1473 1555 1638 1724 1811 1899 1990 2083
61 120 180 239 299 359 420 482 544 608 673 739 806 874 944 1015 1087 1162 1237 1314 1393 1473 1555 1638 1724 1811 1899 1990 2083
61 120 179 239 299 359 420 482 544 608 673 739 806 874 944 1015 1087 1162 1237 1314 1393 1473 1555 1638 1724 1811 1899 1990 2083
61 120 179 239 299 359 420 482 544 608 673 739 806 874 944 1015 1087 1162 1237 1314 1393 1473 1555 1638 1724 1811 1899 1990 2083
61 120 179 238 299 359 420 482 544 608 673 739 806 874 944 1015 1087 1162 1237 1314 1393 1473 1555 1638 1724 1811 1899 1990 2083
61 120 179 238 299 359 420 482 544 608 673 739 806 874 944 1015 1087 1162 1237 1314 1393 1473 1555 1638 1724 1811 1899 1990 2083
61 120 179 238 299 359 420 482 544 608 673 739 806 874 944 1015 1087 1162 1237 1314 1393 1473 1555 1638 1724 1811 1899 1990 2083
61 120 179 238 299 359 420 482 544 608 673 739 806 874 944 1015 1087 1162 1237 1314 1393 1473 1555 1638 1724 1811 1899 1990 2083
61 120 179 238 299 359 420 482 544 608 673 739 806 874 944 1015 1087 1162 1237 1314 1393 1473 1555 1638 1724 1811 1899 1990 2083
61 120 179 238 299 359 420 482 544 608 673 739 806 874 944 1015 1087 1162 1237 1314 1393 1473 1555 1638 1724 1811 1899 1990 2083
61 120 179 238 299 359 420 481 544 608 673 739 806 874 944 1015 1087 1162 1237 1314 1393 1473 1555 1638 1724 1811 1899 1990 2083
61 120 179 238 299 359 420 481 544 608 673 739 806 874 944 1015 1087 1162 1237 1314 1393 1473 1555 1638 1724 1811 1899 1990 2084
61 120 179 238 299 359 420 481 544 608 673 739 806 874 944 1015 1087 1162 1237 1314 1393 1473 1555 1638 1724 1811 1899 1990 2084
61 120 179 238 299 359 420 481 544 608 673 739 806 874 944 1015 1087 1162 1237 1314 1393 1473 1555 1638 1724 1811 1899 1990 2084
61 120 179 238 299 359 420 481 544 608 673 739 806 874 944 1015 1087 1162 1237 1314 1393 1473 1555 1638 1724 1811 1899 1990 2084
61 120 179 238 298 359 420 481 544 608 673 739 806 874 944 1015 1087 1162 1237 1314 1393 1473 1555 1638 1724 1811 1899 1991 2084
61 120 179 238 298 359 420 481 544 608 673 739 806 874 944 1015 1087 1162 1237 1314 1393 1473 1555 1638 1724 1811 1899 1991 2084
61 120 179 238 298 359 420 481 544 608 673 739 806 874 944 1015 1087 1162 1237 1314 1393 1473 1555 1638 1724 1811 1899 1991 2084
61 120 179 238 298 358 420 481 544 608 673 739 806 874 944 1015 1087 1162 1237 1314 1393 1473 1555 1638 1724 1812 1899 1991 2084
61 120 179 238 298 358 420 481 544 608 673 739 806 874 944 1015 1087 1162 1237 1314 1393 1473 1555 1638 1724 1812 1899 1991 2084
61 120 179 238 298 358 420 481 544 608 673 739 806 874 944 1015 1087 1162 1237 1314 1393 1473 1555 1638 1724 1812 1899 1991 2084
61 120 179 238 298 358 420 481 544 608 673 739 806 874 944 1015 1087 1162 1237 1314 1393 1473 1555 1638 1724 1812 1899 1991 2084
61 120 179 238 298 358 420 481 544 608 673 739 806 874 944 1015 1087 1162 1237 1314 1393 1473 1555 1638 1724 1812 1899 1991 2084
61 120 179 238 298 358 420 481 544 608 673 739 806 874 944 1015 1087 1162 1237 1314 1393 1473 1555 1639 1724 1812 1899 1991 2084
61 120 179 238 298 358 420 481 544 608 673 739 806 874 944 1015 1087 1162 1237 1314 1393 1473 1555 1639 1725 1812 1899 1991 2084
61 120 179 238 298 358 420 481 544 608 673 739 806 874 944 1015 1087 1162 1237 1314 1393 1473 1555 1639 1725 1812 1900 1991 2084
61 120 179 238 298 358 420 481 544 608 673 739 806 874 944 1015 1087 1162 1237 1314 1393 1473 1555 1639 1725 1812 1900 1991 2084
61 120 179 238 298 358 420 481 544 608 673 739 806 874 944 1015 1087 1162 1237 1314 1393 1473 1555 1639 1725 1812 1900 1991 2084
61 120 179 238 298 358 420 481 544 608 673 739 806 874 944 1015 1087 1162 1237 1314 1393 1473 1555 1639 1725 1812 1900 1991 2084
61 120 179 238 298 358 420 481 544 608 673 739 806 874 944 1015 1087 1162 1237 1314 1393 1473 1555 1639 1725 1812 1900 1991 2084
61 120 179 238 298 358 420 481 544 608 673 739 806 874 944 1015 1087 1162 1237 1314 1393 1473 1555 1639 1725 1812 1900 1991 2084
60 120 179 238 298 358 420 481 544 608 673 739 806 874 944 1015 1087 1162 1237 1314 1393 1473 1555 1639 1725 1812 1900 1991 2084
60 120 179 238 298 358 420 481 544 608 673 739 806 874 944 1015 1087 1162 1237 1314 1393 1473 1555 1639 1725 1812 1900 1991 2084
60 120 179 238 298 358 420 481 544 608 673 739 806 874 944 1015 1087 1162 1237 1314 1393 1473 1555 1639 1725 1812 1900 1991 2084
60 120 179 238 298 358 420 481 544 608 673 739 806 874 944 1015 1087 1162 1237 1314 1393 1473 1555 1639 1725 1812 1900 1991 2084
60 119 179 238 298 358 420 481 544 608 673 739 806 874 944 1015 1087 1162 1237 1314 1393 1473 1555 1639 1725 1812 1900 1991 2084
60 119 179 238 298 358 420 481 544 608 673 739 806 874 944 1015 1087 1162 1237 1314 1393 1473 1555 1639 1725 1812 1900 1991 2084
60 119 179 238 298 358 420 481 544 608 673 739 806 874 944 1015 1087 1162 1237 1314 1393 1473 1555 1639 1725 1812 1900 1991 2084
60 119 179 238 298 358 420 481 544 608 673 739 806 874 944 1015 1087 1162 1237 1314 1393 1473 1555 1639 1725 1812 1900 1991 2084
60 119 179 238 298 358 419 481 544 608 673 738 806 874 944 1015 1087 1162 1237 1314 1394 1473 1555 1639 1725 1812 1900 1991 2085
60 119 179 238 298 358 419 481 544 608 673 738 806 874 944 1015 1087 1162 1237 1314 1394 1473 1555 1639 1725 1812 1900 1991 2085
60 119 179 238 298 358 419 481 544 608 673 738 806 874 944 1015 1087 1162 1237 1314 1394 1473 1555 1639 1725 1812 1900 1991 2085
60 119 179 238 298 358 419 481 544 608 673 738 806 874 944 1015 1087 1162 1237 1314 1394 1473 1555 1639 1725 1812 1900 1991 2085
60 119 179 238 298 358 419 481 544 608 673 738 806 874 944 1015 1087 1162 1237 1314 1394 1473 1556 1639 1725 1812 1900 1991 2085
60 119 179 238 298 358 419 481 544 608 673 738 806 874 944 1015 1087 1162 1237 1314 1394 1473 1556 1639 1725 1812 1900 1992 2085
60 119 179 238 298 358 419 481 544 608 673 738 806 874 944 1015 1087 1162 1237 1314 1394 1474 1556 1639 1725 1812 1900 1992 2085
60 119 179 238 298 358 419 481 544 608 673 738 806 874 944 1015 1087 1162 1237 1314 1394 1474 1556 1639 1725 1812 1900 1992 2085
60 119 179 238 298 358 419 481 544 608 673 738 806 874 944 1015 1087 1162 1237 1314 1394 1474 1556 1639 1725 1812 1900 1992 2085
60 119 179 238 298 358 419 481 544 608 673 738 806 874 944 1015 1087 1162 1237 1314 1394 1474 1556 1639 1725 1812 1900 1992 2085
60 119 179 238 298 358 419 481 544 608 673 738 806 874 944 1015 1087 1162 1237 1314 1394 1474 1556 1639 1725 1812 1900 1992 2085
60 119 179 238 298 358 419 481 544 608 673 738 806 874 944 1015 1088 1162 1237 1314 1394 1474 1556 1639 1725 1812 1900 1992 2085
60 119 179 238 298 358 419 481 544 608 673 738 806 874 944 1015 1088 1162 1237 1314 1394 1474 1556 1639 1725 1812 1900 1992 2085
60 119 179 238 298 358 419 481 544 608 673 738 806 874 944 1015 1088 1162 1237 1314 1394 1474 1556 1639 1725 1812 1900 1992 2085
60 119 179 238 298 358 419 481 544 608 673 738 806 874 944 1015 1088 1162 1237 1314 1394 1474 1556 1639 1725 1812 1900 1992 2085
60 119 178 238 298 358 419 481 544 608 673 738 806 874 944 1015 1088 1162 1237 1314 1394 1474 1556 1639 1725 1812 1900 1992 2085
60 119 178 238 298 358 419 481 544 608 673 738 806 874 944 1015 1088 1162 1237 1314 1394 1474 1556 1639 1725 1812 1900 1992 2085
60 119 178 238 298 358 419 481 544 608 673 738 806 874 944 1015 1088 1162 1237 1315 1394 1474 1556 1639 1725 1813 1900 1992 2085
60 119 178 238 298 358 419 481 544 608 673 738 806 874 944 1015 1088 1162 1237 1315 1394 1474 1556 1639 1725 1813 1900 1992 2085
60 119 178 238 298 358 419 481 544 608 673 738 806 874 944 1015 1088 1162 1238 1315 1394 1474 1556 1639 1725 1813 1900 1992 2085
60 119 178 237 298 358 419 481 544 608 673 738 806 874 944 1015 1088 1162 1238 1315 1394 1474 1556 1639 1725 1813 1900 1992 2085
60 119 178 237 298 358 419 481 544 608 673 738 806 874 944 1015 1088 1162 1238 1315 1394 1474 1556 1639 1725 1813 1901 1992 2085
60 119 178 237 298 358 419 481 544 608 673 738 806 874 944 1015 1088 1162 1238 1315 1394 1474 1556 1639 1725 1813 1901 1992 2085
60 119 178 237 298 358 419 481 544 608 673 738 806 874 944 1015 1088 1162 1238 1315 1394 1474 1556 1639 1725 1813 1901 1992 2085
60 119 178 237 298 358 419 481 544 608 673 738 806 874 944 1015 1088 1162 1238 1315 1394 1474 1556 1639 1725 1813 1901 1992 2085
60 119 178 237 298 358 419 481 544 608 673 738 806 874 944 1015 1088 1162 1238 1315 1394 1474 1556 1639 1725 1813 1901 1992 2085
60 119 178 237 298 358 419 481 544 608 673 738 806 874 944 1015 1088 1162 1238 1315 1394 1474 1556 1639 1725 1813 1901 1992 2085
60 119 178 237 298 358 419 481 544 608 673 738 806 874 944 1015 1088 1162 1238 1315 1394 1474 1556 1639 1725 1813 1901 1992 2086
60 119 178 237 298 358 419 481 544 608 673 738 806 874 944 1015 1088 1162 1238 1315 1394 1474 1556 1639 1726 1813 1901 1992 2086
60 119 178 237 298 358 419 481 544 608 673 738 806 874 944 1015 1088 1162 1238 1315 1394 1474 1556 1639 1726 1813 1901 1992 2086
60 119 178 237 298 358 419 481 544 608 673 738 806 874 944 1015 1088 1162 1238 1315 1394 1474 1556 1639 1726 1813 1901 1992 2086
60 119 178 237 298 358 419 481 544 607 673 738 806 874 944 1015 1088 1162 1238 1315 1394 1474 1556 1639 1726 1813 1901 1992 2086
60 119 178 237 298 358 419 481 544 607 673 738 806 874 944 1015 1088 1162 1238 1315 1394 1474 1556 1639 1726 1813 1901 1992 2086
60 119 178 237 298 358 419 481 544 607 673 738 806 874 944 1015 1088 1162 1238 1315 1394 1474 1556 1639 1726 1813 1901 1992 2086
60 119 178 237 298 358 419 481 544 607 673 738 806 874 944 1015 1088 1162 1238 1315 1394 1474 1556 1639 1726 1813 1901 1993 2086
60 119 178 237 298 358 419 481 544 607 673 738 806 874 944 1015 1088 1162 1238 1315 1394 1474 1556 1639 1726 1813 1901 1993 2086
60 119 178 237 298 358 419 481 544 607 673 738 806 874 944 1015 1088 1162 1238 1315 1394 1474 1556 1639 1726 1813 1901 1993 2086
60 119 178 237 298 358 419 481 544 607 672 738 806 874 944 1015 1088 1162 1238 1315 1394 1474 1556 1639 1726 1813 1901 1993 2086
60 119 178 237 298 358 419 481 544 607 672 738 806 874 944 1015 1088 1162 1238 1315 1394 1474 1556 1639 1726 1813 1901 1993 2086
60 119 178 237 297 358 419 481 544 607 672 738 806 874 944 1015 1088 1162 1238 1315 1394 1474 1556 1639 1726 1813 1901 1993 2086
60 119 178 237 297 358 419 481 544 607 672 738 806 874 944 1015 1088 1162 1238 1315 1394 1474 1556 1640 1726 1813 1901 1993 2086
60 119 178 237 297 358 419 481 544 607 672 738 806 874 944 1015 1088 1162 1238 1315 1394 1474 1556 1640 1726 1813 1901 1993 2086
59 119 178 237 297 358 419 481 544 607 672 738 806 874 944 1015 1088 1162 1238 1315 1394 1474 1556 1640 1726 1813 1901 1993 2086
59 119 178 237 297 358 419 481 544 607 672 738 806 874 944 1015 1088 1162 1238 1315 1394 1474 1556 1640 1726 1813 1901 1993 2086
59 119 178 237 297 358 419 481 544 607 672 738 806 874 944 1015 1088 1162 1238 1315 1394 1474 1556 1640 1726 1813 1901 1993 2086
59 119 178 237 297 358 419 481 544 607 672 738 806 874 944 1015 1088 1162 1238 1315 1394 1474 1556 1640 1726 1813 1901 1993 2086
59 119 178 237 297 358 419 481 544 607 672 738 806 874 944 1015 1088 1162 1238 1315 1394 1474 1556 1640 1726 1813 1901 1993 2086
59 119 178 237 297 357 419 481 544 607 672 738 806 874 944 1015 1088 1162 1238 1315 1394 1474 1556 1640 1726 1813 1901 1993 2086
59 118 178 237 297 357 419 481 544 607 672 738 806 874 944 1015 1088 1162 1238 1315 1394 1474 1556 1640 1726 1813 1901 1993 2086
59 118 178 237 297 357 419 481 544 607 672 738 806 874 944 1015 1088 1162 1238 1315 1394 1474 1556 1640 1726 1813 1901 1993 2086
59 118 178 237 297 357 419 481 544 607 672 738 806 874 944 1015 1088 1162 1238 1315 1394 1474 1556 1640 1726 1813 1901 1993 2086
59 118 178 237 297 357 419 481 544 607 672 738 806 874 944 1015 1088 1162 1238 1315 1394 1474 1556 1640 1726 1813 1901 1993 2086
59 118 178 237 297 357 419 481 544 607 672 738 806 874 944 1015 1088 1162 1238 1315 1394 1474 1556 1640 1726 1813 1901 1993 2086
59 118 178 237 297 357 419 481 544 607 672 738 805 874 944 1015 1088 1162 1238 1315 1394 1474 1556 1640 1726 1814 1901 1993 2086
59 118 178 237 297 357 419 481 544 607 672 738 805 874 944 1015 1088 1162 1238 1315 1394 1474 1556 1640 1726 1814 1902 1993 2087
59 118 178 237 297 357 419 481 544 607 672 738 805 874 944 1015 1088 1162 1238 1315 1394 1474 1557 1640 1726 1814 1902 1993 2087
59 118 178 237 297 357 419 480 544 607 672 738 805 874 944 1015 1088 1162 1238 1315 1394 1474 1557 1640 1726 1814 1902 1993 2087
59 118 178 237 297 357 419 480 544 607 672 738 805 874 944 1015 1088 1162 1238 1315 1394 1474 1557 1640 1726 1814 1902 1993 2087
59 118 178 237 297 357 419 480 544 607 672 738 805 874 944 1015 1088 1162 1238 1315 1394 1474 1557 1640 1726 1814 1902 1993 2087
59 118 178 237 297 357 419 480 544 607 672 738 805 874 944 1015 1088 1162 1238 1315 1394 1474 1557 1640 1726 1814 1902 1993 2087
59 118 178 237 297 357 419 480 543 607 672 738 805 874 944 1015 1088 1162 1238 1315 1394 1474 1557 1640 1726 1814 1902 1993 2087
59 118 178 237 297 357 419 480 543 607 672 738 805 874 944 1015 1088 1162 1238 1315 1394 1474 1557 1640 1726 1814 1902 1993 2087
59 118 178 237 297 357 419 480 543 607 672 738 805 874 944 1015 1088 1162 1238 1315 1394 1474 1557 1640 1726 1814 1902 1994 2087
59 118 178 237 297 357 419 480 543 607 672 738 805 874 944 1015 1088 1162 1238 1315 1394 1474 1557 1640 1726 1814 1902 1994 2087
59 118 178 237 297 357 419 480 543 607 672 738 805 874 944 1015 1088 1162 1238 1315 1394 1474 1557 1640 1726 1814 1902 1994 2087
59 118 178 237 297 357 419 480 543 607 672 738 805 874 944 1015 1088 1162 1238 1315 1394 1474 1557 1640 1726 1814 1902 1994 2087
59 118 178 237 297 357 419 480 543 607 672 738 805 874 944 1015 1088 1162 1238 1315 1394 1474 1557 1640 1726 1814 1902 1994 2087
59 118 178 237 297 357 419 480 543 607 672 738 805 874 944 1015 1088 1162 1238 1315 1394 1474 1557 1640 1726 1814 1902 1994 2087
59 118 178 237 297 357 419 480 543 607 672 738 805 874 944 1015 1088 1162 1238 1315 1394 1474 1557 1640 1726 1814 1902 1994 2087
59 118 178 237 297 357 419 480 543 607 672 738 805 874 944 1015 1088 1162 1238 1315 1394 1474 1557 1640 1727 1814 1902 1994 2087
59 118 178 237 297 357 419 480 543 607 672 738 805 874 944 1015 1088 1162 1238 1315 1394 1474 1557 1640 1727 1814 1902 1994 2087
59 118 178 237 297 357 419 480 543 607 672 738 805 874 944 1015 1088 1162 1238 1315 1394 1474 1557 1640 1727 1814 1902 1994 2087
59 118 177 237 297 357 419 480 543 607 672 738 805 874 944 1015 1088 1162 1238 1315 1395 1474 1557 1640 1727 1814 1902 1994 2087
59 118 177 237 297 357 419 480 543 607 672 738 805 874 944 1015 1088 1162 1238 1315 1395 1475 1557 1640 1727 1814 1902 1994 2087
59 118 177 237 297 357 419 480 543 607 672 738 805 874 944 1015 1088 1162 1238 1315 1395 1475 1557 1640 1727 1814 1902 1994 2087
59 118 177 237 297 357 419 480 543 607 672 738 805 874 944 1015 1088 1162 1238 1315 1395 1475 1557 1640 1727 1814 1902 1994 2087
59 118 177 237 297 357 419 480 543 607 672 738 805 874 944 1015 1088 1162 1238 1315 1395 1475 1557 1640 1727 1814 1902 1994 2087
59 118 177 237 297 357 419 480 543 607 672 738 805 874 944 1015 1088 1163 1238 1315 1395 1475 1557 1640 1727 1814 1902 1994 2087
59 118 177 237 297 357 419 480 543 607 672 738 805 874 944 1015 1088 1163 1238 1315 1395 1475 1557 1640 1727 1814 1902 1994 2087
59 118 177 237 297 357 418 480 543 607 672 738 805 874 944 1015 1088 1163 1238 1315 1395 1475 1557 1640 1727 1814 1902 1994 2087
59 118 177 236 297 357 418 480 543 607 672 738 805 874 944 1015 1088 1163 1238 1315 1395 1475 1557 1640 1727 1814 1902 1994 2087
59 118 177 236 297 357 418 480 543 607 672 738 805 874 944 1015 1088 1163 1238 1315 1395 1475 1557 1640 1727 1814 1902 1994 2088
59 118 177 236 297 357 418 480 543 607 672 738 805 874 944 1015 1088 1163 1238 1315 1395 1475 1557 1640 1727 1814 1902 1994 2088
59 118 177 236 297 357 418 480 543 607 672 738 805 874 944 1015 1088 1163 1238 1315 1395 1475 1557 1640 1727 1814 1902 1994 2088
59 118 177 236 297 357 418 480 543 607 672 738 805 874 944 1015 1088 1163 1238 1315 1395 1475 1557 1640 1727 1814 1902 1994 2088
59 118 177 236 297 357 418 480 543 607 672 738 805 874 944 1015 1088 1163 1238 1315 1395 1475 1557 1640 1727 1814 1902 1994 2088
59 118 177 236 297 357 418 480 543 607 672 738 805 874 944 1015 1088 1163 1238 1315 1395 1475 1557 1640 1727 1814 1903 1994 2088
59 118 177 236 297 357 418 480 543 607 672 738 805 874 944 1015 1088 1163 1238 1315 1395 1475 1557 1640 1727 1814 1903 1994 2088
59 118 177 236 297 357 418 480 543 607 672 738 805 874 944 1015 1088 1163 1238 1315 1395 1475 1557 1640 1727 1815 1903 1994 2088
59 118 177 236 297 357 418 480 543 607 672 738 805 874 944 1015 1088 1163 1238 1315 1395 1475 1557 1640 1727 1815 1903 1994 2088
59 118 177 236 297 357 418 480 543 607 672 738 805 874 944 1015 1088 1163 1238 1315 1395 1475 1557 1641 1727 1815 1903 1995 2088
59 118 177 236 297 357 418 480 543 607 672 738 805 874 944 1015 1088 1163 1238 1315 1395 1475 1557 1641 1727 1815 1903 1995 2088
59 118 177 236 297 357 418 480 543 607 672 738 805 874 944 1015 1088 1163 1238 1315 1395 1475 1557 1641 1727 1815 1903 1995 2088
59 118 177 236 297 357 418 480 543 607 672 738 805 874 944 1015 1088 1163 1238 1315 1395 1475 1557 1641 1727 1815 1903 1995 2088
59 118 177 236 297 357 418 480 543 607 672 738 805 874 944 1015 1088 1163 1238 1315 1395 1475 1557 1641 1727 1815 1903 1995 2088
59 118 177 236 297 357 418 480 543 607 672 738 805 874 944 1015 1088 1163 1238 1316 1395 1475 1557 1641 1727 1815 1903 1995 2088
58 118 177 236 297 357 418 480 543 607 672 738 805 874 944 1015 1088 1163 1238 1316 1395 1475 1557 1641 1727 1815 1903 1995 2088
58 118 177 236 297 357 418 480 543 607 672 738 805 874 944 1015 1088 1163 1238 1316 1395 1475 1557 1641 1727 1815 1903 1995 2088
58 118 177 236 297 357 418 480 543 607 672 738 805 874 944 1015 1088 1163 1238 1316 1395 1475 1557 1641 1727 1815 1903 1995 2088
58 118 177 236 297 357 418 480 543 607 672 738 805 874 944 1015 1088 1163 1238 1316 1395 1475 1557 1641 1727 1815 1903 1995 2088
58 118 177 236 297 357 418 480 543 607 672 738 805 874 944 1015 1088 1163 1238 1316 1395 1475 1557 1641 1727 1815 1903 1995 2088
58 118 177 236 297 357 418 480 543 607 672 738 805 874 944 1015 1088 1163 1238 1316 1395 1475 1557 1641 1727 1815 1903 1995 2088
58 118 177 236 297 357 418 480 543 607 672 738 805 874 944 1015 1088 1163 1238 1316 1395 1475 1557 1641 1727 1815 1903 1995 2088
58 118 177 236 297 357 418 480 543 607 672 738 805 874 944 1015 1088 1163 1238 1316 1395 1475 1557 1641 1727 1815 1903 1995 2088
58 117 177 236 297 357 418 480 543 607 672 738 805 874 944 1015 1088 1163 1238 1316 1395 1475 1558 1641 1727 1815 1903 1995 2088
58 117 177 236 297 357 418 480 543 607 672 738 805 874 944 1015 1088 1163 1238 1316 1395 1475 1558 1641 1727 1815 1903 1995 2088
58 117 177 236 297 357 418 480 543 607 672 738 805 874 944 1015 1088 1163 1239 1316 1395 1475 1558 1641 1727 1815 1903 1995 2088
58 117 177 236 297 357 418 480 543 607 672 738 805 874 944 1015 1088 1163 1239 1316 1395 1475 1558 1641 1728 1815 1903 1995 2089
58 117 177 236 297 357 418 480 543 607 672 738 805 874 944 1015 1088 1163 1239 1316 1395 1475 1558 1641 1728 1815 1903 1995 2089
58 117 177 236 297 357 418 480 543 607 672 738 805 874 944 1015 1088 1163 1239 1316 1395 1475 1558 1641 1728 1815 1903 1995 2089
58 117 177 236 296 357 418 480 543 607 672 738 805 874 944 1015 1088 1163 1239 1316 1395 1475 1558 1641 1728 1815 1903 1995 2089
58 117 177 236 296 357 418 480 543 607 672 738 805 874 944 1015 1088 1163 1239 1316 1395 1475 1558 1641 1728 1815 1903 1995 2089
58 117 177 236 296 357 418 480 543 607 672 738 805 874 944 1015 1088 1163 1239 1316 1395 1475 1558 1641 1728 1815 1903 1995 2089
58 117 177 236 296 357 418 480 543 607 672 738 805 874 944 1015 1088 1163 1239 1316 1395 1475 1558 1641 1728 1815 1903 1995 2089
58 117 177 236 296 357 418 480 543 607 672 738 805 874 944 1015 1088 1163 1239 1316 1395 1475 1558 1641 1728 1815 1903 1995 2089
58 117 177 236 296 357 418 480 543 607 672 738 805 874 944 1015 1088 1163 1239 1316 1395 1475 1558 1641 1728 1815 1903 1995 2089
58 117 177 236 296 357 418 480 543 607 672 738 805 874 944 1015 1088 1163 1239 1316 1395 1475 1558 1641 1728 1815 1903 1995 2089
58 117 177 236 296 357 418 480 543 607 672 738 805 874 944 1015 1088 1163 1239 1316 1395 1475 1558 1641 1728 1815 1904 1996 2089
58 117 177 236 296 357 418 480 543 607 672 738 805 874 944 1015 1088 1163 1239 1316 1395 1475 1558 1641 1728 1815 1904 1996 2089
58 117 177 236 296 357 418 480 543 607 672 738 805 874 945 1015 1088 1163 1239 1316 1395 1475 1558 1641 1728 1815 1904 1996 2089
58 117 177 236 296 357 418 480 543 607 672 738 805 874 945 1015 1088 1163 1239 1316 1395 1475 1558 1641 1728 1815 1904 1996 2089
58 117 177 236 296 357 418 480 543 607 672 738 805 874 945 1015 1088 1163 1239 1316 1395 1475 1558 1641 1728 1815 1904 1996 2089
58 117 177 236 296 357 418 480 543 607 672 738 805 874 945 1015 1088 1163 1239 1316 1395 1475 1558 1641 1728 1816 1904 1996 2089
58 117 177 236 296 357 418 480 543 607 672 738 805 874 945 1015 1088 1163 1239 1316 1395 1475 1558 1641 1728 1816 1904 1996 2089
58 117 177 236 296 356 418 480 543 607 672 738 805 874 945 1015 1088 1163 1239 1316 1395 1475 1558 1641 1728 1816 1904 1996 2089
58 117 177 236 296 356 418 480 543 607 672 738 805 874 945 1015 1088 1163 1239 1316 1395 1475 1558 1641 1728 1816 1904 1996 2089
58 117 177 236 296 356 418 480 543 607 672 738 805 874 945 1015 1088 1163 1239 1316 1395 1475 1558 1641 1728 1816 1904 1996 2089
58 117 177 236 296 356 418 480 543 607 672 738 805 874 945 1015 1088 1163 1239 1316 1395 1475 1558 1641 1728 1816 1904 1996 2089
58 117 177 236 296 356 418 480 543 607 672 738 805 874 945 1015 1088 1163 1239 1316 1395 1475 1558 1641 1728 1816 1904 1996 2089
58 117 177 236 296 356 418 480 543 607 672 738 805 874 945 1015 1088 1163 1239 1316 1395 1475 1558 1641 1728 1816 1904 1996 2089
58 117 177 236 296 356 418 480 543 607 672 738 805 874 945 1015 1088 1163 1239 1316 1395 1475 1558 1641 1728 1816 1904 1996 2089
58 117 177 236 296 356 418 480 543 607 672 738 805 874 945 1015 1088 1163 1239 1316 1395 1475 1558 1641 1728 1816 1904 1996 2089
58 117 177 236 296 356 418 480 543 607 672 738 805 874 945 1015 1088 1163 1239 1316 1395 1476 1558 1641 1728 1816 1904 1996 2090
58 117 176 236 296 356 418 480 543 607 672 738 805 874 945 1016 1088 1163 1239 1316 1395 1476 1558 1641 1728 1816 1904 1996 2090
58 117 176 236 296 356 418 480 543 607 672 738 805 874 945 1016 1088 1163 1239 1316 1395 1476 1558 1641 1728 1816 1904 1996 2090
58 117 176 236 296 356 418 480 543 607 672 738 805 874 945 1016 1088 1163 1239 1316 1395 1476 1558 1641 1728 1816 1904 1996 2090
58 117 176 236 296 356 418 480 543 607 672 738 805 874 945 1016 1088 1163 1239 1316 1396 1476 1558 1642 1728 1816 1904 1996 2090
58 117 176 236 296 356 418 480 543 607 672 738 805 874 945 1016 1088 1163 1239 1316 1396 1476 1558 1642 1728 1816 1904 1996 2090
58 117 176 236 296 356 418 480 543 607 672 738 805 874 945 1016 1088 1163 1239 1316 1396 1476 1558 1642 1728 1816 1904 1996 2090
58 117 176 236 296 356 418 480 543 607 672 738 805 874 945 1016 1088 1163 1239 1316 1396 1476 1558 1642 1728 1816 1904 1996 2090
58 117 176 236 296 356 418 480 543 607 672 738 805 874 945 1016 1088 1163 1239 1316 1396 1476 1558 1642 1728 1816 1904 1996 2090
58 117 176 236 296 356 418 480 543 607 672 738 805 874 945 1016 1088 1163 1239 1316 1396 1476 1558 1642 1728 1816 1904 1996 2090
58 117 176 236 296 356 418 480 543 607 672 738 805 874 945 1016 1088 1163 1239 1316 1396 1476 1558 1642 1728 1816 1904 1996 2090
58 117 176 236 296 356 418 480 543 607 672 738 805 874 945 1016 1088 1163 1239 1316 1396 1476 1558 1642 1728 1816 1904 1996 2090
58 117 176 236 296 356 418 480 543 607 672 738 805 874 945 1016 1088 1163 1239 1316 1396 1476 1558 1642 1729 1816 1904 1997 2090
58 117 176 236 296 356 418 480 543 607 672 738 805 874 945 1016 1088 1163 1239 1316 1396 1476 1558 1642 1729 1816 1904 1997 2090
58 117 176 236 296 356 418 480 543 607 672 738 805 874 945 1016 1088 1163 1239 1316 1396 1476 1558 1642 1729 1816 1905 1997 2090
58 117 176 235 296 356 418 480 543 607 672 738 805 874 945 1016 1088 1163 1239 1316 1396 1476 1558 1642 1729 1816 1905 1997 2090
58 117 176 235 296 356 418 480 543 607 672 738 805 874 945 1016 1088 1163 1239 1316 1396 1476 1558 1642 1729 1816 1905 1997 2090
58 117 176 235 296 356 418 480 543 607 672 738 805 874 945 1016 1088 1163 1239 1316 1396 1476 1559 1642 1729 1816 1905 1997 2090
58 117 176 235 296 356 418 480 543 607 672 738 805 874 945 1016 1088 1163 1239 1316 1396 1476 1559 1642 1729 1816 1905 1997 2090
58 117 176 235 296 356 418 480 543 607 672 738 805 874 945 1016 1088 1163 1239 1316 1396 1476 1559 1642 1729 1816 1905 1997 2090
58 117 176 235 296 356 418 480 543 607 672 738 805 874 945 1016 1088 1163 1239 1316 1396 1476 1559 1642 1729 1816 1905 1997 2090
58 117 176 235 296 356 418 480 543 607 672 738 805 874 945 1016 1088 1163 1239 1316 1396 1476 1559 1642 1729 1816 1905 1997 2090
57 117 176 235 296 356 418 480 543 607 672 738 805 874 945 1016 1088 1163 1239 1316 1396 1476 1559 1642 1729 1816 1905 1997 2090
57 117 176 235 296 356 418 480 543 607 672 738 805 874 945 1016 1088 1163 1239 1316 1396 1476 1559 1642 1729 1817 1905 1997 2090
57 117 176 235 296 356 418 480 543 607 672 738 805 874 945 1016 1089 1163 1239 1316 1396 1476 1559 1642 1729 1817 1905 1997 2090
57 117 176 235 296 356 418 480 543 607 672 738 805 874 945 1016 1089 1163 1239 1316 1396 1476 1559 1642 1729 1817 1905 1997 2091
57 117 176 235 296 356 418 480 543 607 672 738 805 874 945 1016 1089 1163 1239 1316 1396 1476 1559 1642 1729 1817 1905 1997 2091
57 117 176 235 296 356 418 480 543 607 672 738 805 874 945 1016 1089 1163 1239 1316 1396 1476 1559 1642 1729 1817 1905 1997 2091
57 117 176 235 296 356 418 480 543 607 672 738 805 874 945 1016 1089 1163 1239 1316 1396 1476 1559 1642 1729 1817 1905 1997 2091
57 117 176 235 296 356 418 480 543 607 672 738 805 874 945 1016 1089 1163 1239 1316 1396 1476 1559 1642 1729 1817 1905 1997 2091
57 117 176 235 296 356 418 479 543 607 672 738 805 874 945 1016 1089 1163 1239 1316 1396 1476 1559 1642 1729 1817 1905 1997 2091
57 117 176 235 296 356 418 479 543 607 672 738 805 874 945 1016 1089 1163 1239 1317 1396 1476 1559 1642 1729 1817 1905 1997 2091
57 117 176 235 296 356 418 479 543 607 672 738 805 874 945 1016 1089 1163 1239 1317 1396 1476 1559 1642 1729 1817 1905 1997 2091
57 116 176 235 296 356 418 479 543 607 672 738 805 874 945 1016 1089 1163 1239 1317 1396 1476 1559 1642 1729 1817 1905 1997 2091
57 116 176 235 296 356 418 479 543 607 672 738 805 874 945 1016 1089 1163 1239 1317 1396 1476 1559 1642 1729 1817 1905 1997 2091
57 116 176 235 296 356 418 479 543 607 672 738 805 874 945 1016 1089 1163 1239 1317 1396 1476 1559 1642 1729 1817 1905 1997 2091
57 116 176 235 296 356 418 479 543 607 672 738 805 874 945 1016 1089 1163 1239 1317 1396 1476 1559 1642 1729 1817 1905 1997 2091
57 116 176 235 296 356 418 479 543 607 672 738 805 874 945 1016 1089 1163 1239 1317 1396 1476 1559 1642 1729 1817 1905 1997 2091
57 116 176 235 296 356 418 479 543 607 672 738 805 874 945 1016 1089 1163 1239 1317 1396 1476 1559 1642 1729 1817 1905 1997 2091
57 116 176 235 296 356 418 479 543 607 672 738 805 874 945 1016 1089 1163 1239 1317 1396 1476 1559 1642 1729 1817 1905 1998 2091
57 116 176 235 296 356 418 479 543 607 672 738 805 874 945 1016 1089 1163 1239 1317 1396 1476 1559 1642 1729 1817 1905 1998 2091
57 116 176 235 296 356 418 479 543 607 672 738 805 874 945 1016 1089 1163 1239 1317 1396 1476 1559 1642 1729 1817 1905 1998 2091
57 116 176 235 296 356 417 479 543 607 672 738 805 874 945 1016 1089 1163 1239 1317 1396 1476 1559 1642 1729 1817 1905 1998 2091
57 116 176 235 296 356 417 479 543 607 672 738 805 874 945 1016 1089 1163 1239 1317 1396 1476 1559 1642 1729 1817 1906 1998 2091
57 116 176 235 296 356 417 479 543 607 672 738 805 874 945 1016 1089 1164 1239 1317 1396 1476 1559 1642 1729 1817 1906 1998 2091
57 116 176 235 296 356 417 479 543 607 672 738 805 874 945 1016 1089 1164 1239 1317 1396 1476 1559 1642 1729 1817 1906 1998 2091
57 116 176 235 296 356 417 479 543 607 672 738 805 874 945 1016 1089 1164 1239 1317 1396 1476 1559 1643 1729 1817 1906 1998 2091
57 116 176 235 296 356 417 479 543 607 672 738 805 874 945 1016 1089 1164 1239 1317 1396 1476 1559 1643 1729 1817 1906 1998 2091
57 116 176 235 296 356 417 479 543 607 672 738 805 874 945 1016 1089 1164 1240 1317 1396 1476 1559 1643 1730 1817 1906 1998 2091
57 116 176 235 296 356 417 479 543 607 672 738 805 874 945 1016 1089 1164 1240 1317 1396 1476 1559 1643 1730 1817 1906 1998 2091
57 116 176 235 296 356 417 479 543 607 672 738 805 874 945 1016 1089 1164 1240 1317 1396 1476 1559 1643 1730 1817 1906 1998 2092
57 116 176 235 296 356 417 479 543 607 672 738 805 874 945 1016 1089 1164 1240 1317 1396 1476 1559 1643 1730 1817 1906 1998 2092
57 116 176 235 296 356 417 479 543 607 672 738 805 874 945 1016 1089 1164 1240 1317 1396 1477 1559 1643 1730 1817 1906 1998 2092
57 116 176 235 296 356 417 479 543 606 672 738 805 874 945 1016 1089 1164 1240 1317 1396 1477 1559 1643 1730 1817 1906 1998 2092
57 116 176 235 296 356 417 479 543 606 672 738 805 874 945 1016 1089 1164 1240 1317 1396 1477 1559 1643 1730 1817 1906 1998 2092
57 116 176 235 296 356 417 479 543 606 672 738 805 874 945 1016 1089 1164 1240 1317 1396 1477 1559 1643 1730 1818 1906 1998 2092
57 116 176 235 296 356 417 479 543 606 672 738 805 874 945 1016 1089 1164 1240 1317 1396 1477 1559 1643 1730 1818 1906 1998 2092
57 116 176 235 296 356 417 479 543 606 672 738 805 874 945 1016 1089 1164 1240 1317 1396 1477 1559 1643 1730 1818 1906 1998 2092
57 116 176 235 296 356 417 479 543 606 672 738 805 874 945 1016 1089 1164 1240 1317 1396 1477 1559 1643 1730 1818 1906 1998 2092
57 116 176 235 295 356 417 479 543 606 672 738 805 874 945 1016 1089 1164 1240 1317 1396 1477 1560 1643 1730 1818 1906 1998 2092
57 116 176 235 295 356 417 479 543 606 672 738 805 874 945 1016 1089 1164 1240 1317 1396 1477 1560 1643 1730 1818 1906 1998 2092
57 116 176 235 295 356 417 479 543 606 672 738 805 874 945 1016 1089 1164 1240 1317 1396 1477 1560 1643 1730 1818 1906 1998 2092
57 116 176 235 295 356 417 479 543 606 672 738 805 874 945 1016 1089 1164 1240 1317 1397 1477 1560 1643 1730 1818 1906 1998 2092
57 116 176 235 295 356 417 479 543 606 672 738 805 874 945 1016 1089 1164 1240 1317 1397 1477 1560 1643 1730 1818 1906 1998 2092
57 116 176 235 295 356 417 479 543 606 672 738 805 874 945 1016 1089 1164 1240 1317 1397 1477 1560 1643 1730 1818 1906 1998 2092
57 116 176 235 295 356 417 479 543 606 672 738 805 874 945 1016 1089 1164 1240 1317 1397 1477 1560 1643 1730 1818 1906 1999 2092
57 116 176 235 295 356 417 479 543 606 672 738 805 874 945 1016 1089 1164 1240 1317 1397 1477 1560 1643 1730 1818 1906 1999 2092
57 116 176 235 295 356 417 479 543 606 672 738 805 874 945 1016 1089 1164 1240 1317 1397 1477 1560 1643 1730 1818 1906 1999 2092
57 116 176 235 295 356 417 479 542 606 672 738 805 874 945 1016 1089 1164 1240 1317 1397 1477 1560 1643 1730 1818 1906 1999 2092
57 116 175 235 295 356 417 479 542 606 672 738 805 874 945 1016 1089 1164 1240 1317 1397 1477 1560 1643 1730 1818 1906 1999 2092
57 116 175 235 295 356 417 479 542 606 672 738 805 874 945 1016 1089 1164 1240 1317 1397 1477 1560 1643 1730 1818 1907 1999 2092
57 116 175 235 295 356 417 479 542 606 672 738 805 874 945 1016 1089 1164 1240 1317 1397 1477 1560 1643 1730 1818 1907 1999 2092
57 116 175 235 295 356 417 479 542 606 672 738 805 874 945 1016 1089 1164 1240 1317 1397 1477 1560 1643 1730 1818 1907 1999 2092
57 116 175 235 295 356 417 479 542 606 672 738 805 874 945 1016 1089 1164 1240 1317 1397 1477 1560 1643 1730 1818 1907 1999 2092
57 116 175 235 295 356 417 479 542 606 672 738 805 874 945 1016 1089 1164 1240 1317 1397 1477 1560 1643 1730 1818 1907 1999 2093
57 116 175 235 295 356 417 479 542 606 672 738 805 874 945 1016 1089 1164 1240 1317 1397 1477 1560 1643 1730 1818 1907 1999 2093
57 116 175 235 295 356 417 479 542 606 672 738 805 874 945 1016 1089 1164 1240 1317 1397 1477 1560 1643 1730 1818 1907 1999 2093
57 116 175 235 295 356 417 479 542 606 672 738 805 874 945 1016 1089 1164 1240 1317 1397 1477 1560 1643 1730 1818 1907 1999 2093
57 116 175 235 295 356 417 479 542 606 672 738 805 874 945 1016 1089 1164 1240 1317 1397 1477 1560 1643 1730 1818 1907 1999 2093
57 116 175 235 295 356 417 479 542 606 672 738 805 874 945 1016 1089 1164 1240 1317 1397 1477 1560 1643 1730 1818 1907 1999 2093
57 116 175 235 295 356 417 479 542 606 672 738 805 874 945 1016 1089 1164 1240 1317 1397 1477 1560 1643 1730 1818 1907 1999 2093
57 116 175 235 295 356 417 479 542 606 672 738 805 874 945 1016 1089 1164 1240 1317 1397 1477 1560 1643 1730 1818 1907 1999 2093
57 116 175 235 295 356 417 479 542 606 672 738 805 874 945 1016 1089 1164 1240 1317 1397 1477 1560 1643 1731 1818 1907 1999 2093
57 116 175 235 295 356 417 479 542 606 672 738 805 874 945 1016 1089 1164 1240 1317 1397 1477 1560 1643 1731 1818 1907 1999 2093
57 116 175 235 295 355 417 479 542 606 672 738 805 874 945 1016 1089 1164 1240 1317 1397 1477 1560 1643 1731 1818 1907 1999 2093
57 116 175 235 295 355 417 479 542 606 672 738 805 874 945 1016 1089 1164 1240 1317 1397 1477 1560 1643 1731 1818 1907 1999 2093
56 116 175 235 295 355 417 479 542 606 672 738 805 874 945 1016 1089 1164 1240 1317 1397 1477 1560 1644 1731 1819 1907 1999 2093
56 116 175 235 295 355 417 479 542 606 672 738 805 874 945 1016 1089 1164 1240 1317 1397 1477 1560 1644 1731 1819 1907 1999 2093
56 116 175 235 295 355 417 479 542 606 672 738 805 874 945 1016 1089 1164 1240 1317 1397 1477 1560 1644 1731 1819 1907 1999 2093
56 116 175 235 295 355 417 479 542 606 672 738 805 874 945 1016 1089 1164 1240 1317 1397 1477 1560 1644 1731 1819 1907 1999 2093
56 116 175 235 295 355 417 479 542 606 672 738 805 874 945 1016 1089 1164 1240 1317 1397 1477 1560 1644 1731 1819 1907 1999 2093
56 116 175 234 295 355 417 479 542 606 672 738 805 874 945 1016 1089 1164 1240 1318 1397 1477 1560 1644 1731 1819 1907 2000 2093
56 116 175 234 295 355 417 479 542 606 672 738 805 874 945 1016 1089 1164 1240 1318 1397 1477 1560 1644 1731 1819 1907 2000 2093
56 116 175 234 295 355 417 479 542 606 672 738 805 874 945 1016 1089 1164 1240 1318 1397 1477 1560 1644 1731 1819 1907 2000 2093
56 116 175 234 295 355 417 479 542 606 672 738 805 874 945 1016 1089 1164 1240 1318 1397 1477 1560 1644 1731 1819 1907 2000 2093
56 116 175 234 295 355 417 479 542 606 672 738 805 874 945 1016 1089 1164 1240 1318 1397 1477 1560 1644 1731 1819 1907 2000 2093
56 116 175 234 295 355 417 479 542 606 672 738 805 874 945 1016 1089 1164 1240 1318 1397 1477 1560 1644 1731 1819 1907 2000 2093
56 116 175 234 295 355 417 479 542 606 672 738 805 874 945 1016 1089 1164 1240 1318 1397 1477 1560 1644 1731 1819 1908 2000 2093
56 116 175 234 295 355 417 479 542 606 672 738 805 874 945 1016 1089 1164 1240 1318 1397 1477 1560 1644 1731 1819 1908 2000 2094
56 116 175 234 295 355 417 479 542 606 672 738 805 874 945 1016 1089 1164 1240 1318 1397 1477 1560 1644 1731 1819 1908 2000 2094
56 116 175 234 295 355 417 479 542 606 672 738 805 874 945 1016 1089 1164 1240 1318 1397 1478 1561 1644 1731 1819 1908 2000 2094
56 115 175 234 295 355 417 479 542 606 672 738 805 874 945 1016 1089 1164 1240 1318 1397 1478 1561 1644 1731 1819 1908 2000 2094
56 115 175 234 295 355 417 479 542 606 672 738 805 874 945 1016 1089 1164 1240 1318 1397 1478 1561 1644 1731 1819 1908 2000 2094
56 115 175 234 295 355 417 479 542 606 672 738 805 874 945 1016 1089 1164 1240 1318 1397 1478 1561 1644 1731 1819 1908 2000 2094
56 115 175 234 295 355 417 479 542 606 672 738 805 874 945 1016 1089 1164 1240 1318 1397 1478 1561 1644 1731 1819 1908 2000 2094
56 115 175 234 295 355 417 479 542 606 672 738 805 874 945 1016 1089 1164 1240 1318 1397 1478 1561 1644 1731 1819 1908 2000 2094
56 115 175 234 295 355 417 479 542 606 672 738 805 874 945 1016 1089 1164 1240 1318 1397 1478 1561 1644 1731 1819 1908 2000 2094
56 115 175 234 295 355 417 479 542 606 672 738 805 874 945 1016 1089 1164 1240 1318 1397 1478 1561 1644 1731 1819 1908 2000 2094
56 115 175 234 295 355 417 479 542 606 672 738 805 874 945 1016 1089 1164 1240 1318 1397 1478 1561 1644 1731 1819 1908 2000 2094
56 115 175 234 295 355 417 479 542 606 672 738 806 874 945 1016 1089 1164 1240 1318 1397 1478 1561 1644 1731 1819 1908 2000 2094
56 115 175 234 295 355 417 479 542 606 672 738 806 874 945 1016 1089 1164 1240 1318 1397 1478 1561 1644 1731 1819 1908 2000 2094
56 115 175 234 295 355 417 479 542 606 672 738 806 874 945 1016 1089 1164 1240 1318 1397 1478 1561 1644 1731 1819 1908 2000 2094
56 115 175 234 295 355 417 479 542 606 672 738 806 874 945 1016 1089 1164 1240 1318 1397 1478 1561 1644 1731 1819 1908 2000 2094
56 115 175 234 295 355 417 479 542 606 672 738 806 874 945 1016 1089 1164 1240 1318 1397 1478 1561 1644 1731 1819 1908 2000 2094
56 115 175 234 295 355 417 479 542 606 672 738 806 874 945 1016 1089 1164 1241 1318 1397 1478 1561 1644 1731 1819 1908 2000 2094
56 115 175 234 295 355 417 479 542 606 672 738 806 874 945 1016 1089 1164 1241 1318 1398 1478 1561 1644 1732 1819 1908 2000 2094
56 115 175 234 295 355 417 479 542 606 672 738 806 874 945 1016 1089 1164 1241 1318 1398 1478 1561 1644 1732 1820 1908 2000 2094
56 115 175 234 295 355 417 479 542 606 672 738 806 874 945 1016 1089 1164 1241 1318 1398 1478 1561 1644 1732 1820 1908 2001 2094
56 115 175 234 295 355 417 479 542 606 672 738 806 874 945 1016 1089 1164 1241 1318 1398 1478 1561 1644 1732 1820 1908 2001 2094
56 115 175 234 295 355 417 479 542 606 672 738 806 874 945 1016 1089 1164 1241 1318 1398 1478 1561 1644 1732 1820 1908 2001 2094
56 115 175 234 295 355 417 479 542 606 672 738 806 874 945 1016 1089 1164 1241 1318 1398 1478 1561 1644 1732 1820 1908 2001 2094
56 115 175 234 295 355 417 479 542 606 672 738 806 874 945 1016 1089 1164 1241 1318 1398 1478 1561 1644 1732 1820 1908 2001 2094
56 115 175 234 295 355 417 479 542 606 672 738 806 874 945 1016 1090 1164 1241 1318 1398 1478 1561 1644 1732 1820 1908 2001 2095
56 115 175 234 295 355 417 479 542 606 672 738 806 874 945 1016 1090 1164 1241 1318 1398 1478 1561 1645 1732 1820 1909 2001 2095
56 115 175 234 295 355 417 479 542 606 672 738 806 874 945 1016 1090 1164 1241 1318 1398 1478 1561 1645 1732 1820 1909 2001 2095
56 115 175 234 295 355 417 479 542 606 672 738 806 874 945 1016 1090 1165 1241 1318 1398 1478 1561 1645 1732 1820 1909 2001 2095
56 115 175 234 295 355 417 479 542 606 672 738 806 874 945 1016 1090 1165 1241 1318 1398 1478 1561 1645 1732 1820 1909 2001 2095
56 115 175 234 295 355 417 479 542 606 672 738 806 874 945 1016 1090 1165 1241 1318 1398 1478 1561 1645 1732 1820 1909 2001 2095
56 115 175 234 295 355 417 479 542 606 672 738 806 874 945 1016 1090 1165 1241 1318 1398 1478 1561 1645 1732 1820 1909 2001 2095
56 115 175 234 295 355 417 479 542 606 672 738 806 874 945 1016 1090 1165 1241 1318 1398 1478 1561 1645 1732 1820 1909 2001 2095
56 115 175 234 295 355 417 479 542 606 672 738 806 874 945 1016 1090 1165 1241 1318 1398 1478 1561 1645 1732 1820 1909 2001 2095
56 115 175 234 295 355 417 479 542 606 672 738 806 874 945 1016 1090 1165 1241 1318 1398 1478 1561 1645 1732 1820 1909 2001 2095
56 115 175 234 295 355 417 479 542 606 672 738 806 874 945 1016 1090 1165 1241 1318 1398 1478 1561 1645 1732 1820 1909 2001 2095
56 115 175 234 295 355 417 479 542 606 672 738 806 874 945 1016 1090 1165 1241 1318 1398 1478 1561 1645 1732 1820 1909 2001 2095
56 115 175 234 295 355 417 479 542 606 672 738 806 874 945 1016 1090 1165 1241 1318 1398 1478 1561 1645 1732 1820 1909 2001 2095
56 115 175 234 295 355 417 479 542 606 672 738 806 874 945 1016 1090 1165 1241 1318 1398 1478 1561 1645 1732 1820 1909 2001 2095
56 115 175 234 295 355 417 479 542 606 672 738 806 874 945 1017 1090 1165 1241 1318 1398 1478 1561 1645 1732 1820 1909 2001 2095
56 115 175 234 295 355 417 479 542 606 672 738 806 874 945 1017 1090 1165 1241 1318 1398 1478 1561 1645 1732 1820 1909 2001 2095
56 115 175 234 295 355 417 479 542 606 672 738 806 874 945 1017 1090 1165 1241 1318 1398 1478 1561 1645 1732 1820 1909 2001 2095
56 115 175 234 295 355 417 479 542 606 672 738 806 874 945 1017 1090 1165 1241 1318 1398 1478 1562 1645 1732 1820 1909 2001 2095
56 115 175 234 295 355 417 479 542 606 672 738 806 874 945 1017 1090 1165 1241 1318 1398 1478 1562 1645 1732 1820 1909 2001 2095
56 115 175 234 295 355 417 479 542 606 672 738 806 874 945 1017 1090 1165 1241 1318 1398 1478 1562 1645 1732 1820 1909 2001 2095
56 115 175 234 295 355 417 479 542 606 672 738 806 874 945 1017 1090 1165 1241 1318 1398 1478 1562 1645 1732 1820 1909 2002 2095
56 115 175 234 295 355 417 479 542 606 672 738 806 874 945 1017 1090 1165 1241 1318 1398 1478 1562 1645 1732 1820 1909 2002 2095
56 115 175 234 295 355 417 479 542 606 672 738 806 874 945 1017 1090 1165 1241 1318 1398 1479 1562 1645 1732 1820 1909 2002 2095
56 115 175 234 295 355 417 479 542 606 672 738 806 874 945 1017 1090 1165 1241 1318 1398 1479 1562 1645 1732 1821 1909 2002 2096
56 115 175 234 295 355 417 479 542 606 672 738 806 874 945 1017 1090 1165 1241 1318 1398 1479 1562 1645 1732 1821 1909 2002 2096
56 115 174 234 295 355 417 479 542 606 672 738 806 874 945 1017 1090 1165 1241 1319 1398 1479 1562 1645 1733 1821 1909 2002 2096
56 115 174 234 295 355 417 479 542 606 672 738 806 874 945 1017 1090 1165 1241 1319 1398 1479 1562 1645 1733 1821 1910 2002 2096
56 115 174 234 295 355 417 479 542 606 672 738 806 874 945 1017 1090 1165 1241 1319 1398 1479 1562 1645 1733 1821 1910 2002 2096
56 115 174 234 295 355 417 479 542 606 672 738 806 874 945 1017 1090 1165 1241 1319 1398 1479 1562 1645 1733 1821 1910 2002 2096
56 115 174 234 295 355 417 479 542 606 672 738 806 874 945 1017 1090 1165 1241 1319 1398 1479 1562 1645 1733 1821 1910 2002 2096
56 115 174 234 295 355 417 479 542 606 672 738 806 874 945 1017 1090 1165 1241 1319 1398 1479 1562 1645 1733 1821 1910 2002 2096
56 115 174 234 295 355 417 479 542 606 672 738 806 874 945 1017 1090 1165 1241 1319 1398 1479 1562 1645 1733 1821 1910 2002 2096
56 115 174 234 295 355 417 479 542 606 672 738 806 874 945 1017 1090 1165 1241 1319 1398 1479 1562 1645 1733 1821 1910 2002 2096
56 115 174 234 295 355 417 479 542 606 672 738 806 874 945 1017 1090 1165 1241 1319 1398 1479 1562 1645 1733 1821 1910 2002 2096
56 115 174 234 294 355 417 479 542 606 672 738 806 874 945 1017 1090 1165 1241 1319 1398 1479 1562 1645 1733 1821 1910 2002 2096
55 115 174 234 294 355 417 479 542 606 672 738 806 874 945 1017 1090 1165 1241 1319 1398 1479 1562 1645 1733 1821 1910 2002 2096
55 115 174 234 294 355 417 479 542 606 672 738 806 874 945 1017 1090 1165 1241 1319 1398 1479 1562 1645 1733 1821 1910 2002 2096
55 115 174 234 294 355 417 479 542 606 672 738 806 874 945 1017 1090 1165 1241 1319 1398 1479 1562 1646 1733 1821 1910 2002 2096
55 115 174 234 294 355 417 479 542 606 672 738 806 874 945 1017 1090 1165 1241 1319 1398 1479 1562 1646 1733 1821 1910 2002 2096
55 115 174 234 294 355 417 479 542 606 672 738 806 874 945 1017 1090 1165 1241 1319 1398 1479 1562 1646 1733 1821 1910 2002 2096
55 115 174 234 294 355 417 479 542 606 672 738 806 874 945 1017 1090 1165 1241 1319 1398 1479 1562 1646 1733 1821 1910 2002 2096
55 115 174 234 294 355 417 479 542 606 672 738 806 874 945 1017 1090 1165 1241 1319 1398 1479 1562 1646 1733 1821 1910 2002 2096
55 115 174 234 294 355 417 479 542 606 672 738 806 875 945 1017 1090 1165 1241 1319 1399 1479 1562 1646 1733 1821 1910 2002 2096
55 115 174 234 294 355 417 479 542 606 672 738 806 875 945 1017 1090 1165 1241 1319 1399 1479 1562 1646 1733 1821 1910 2002 2096
55 115 174 234 294 355 417 479 542 606 672 738 806 875 946 1017 1090 1165 1241 1319 1399 1479 1562 1646 1733 1821 1910 2002 2096
55 115 174 234 294 355 417 479 542 606 672 738 806 875 946 1017 1090 1165 1241 1319 1399 1479 1562 1646 1733 1821 1910 2003 2096
55 115 174 234 294 355 417 479 542 606 672 738 806 875 946 1017 1090 1165 1241 1319 1399 1479 1562 1646 1733 1821 1910 2003 2097
55 115 174 234 294 355 417 479 542 606 672 738 806 875 946 1017 1090 1165 1241 1319 1399 1479 1562 1646 1733 1821 1910 2003 2097
55 115 174 234 294 355 417 479 542 606 672 738 806 875 946 1017 1090 1165 1241 1319 1399 1479 1562 1646 1733 1821 1910 2003 2097
55 115 174 234 294 355 416 479 542 606 672 738 806 875 946 1017 1090 1165 1241 1319 1399 1479 1562 1646 1733 1821 1910 2003 2097
55 115 174 234 294 355 416 479 542 606 672 738 806 875 946 1017 1090 1165 1241 1319 1399 1479 1562 1646 1733 1821 1910 2003 2097
55 115 174 234 294 355 416 479 542 606 672 738 806 875 946 1017 1090 1165 1241 1319 1399 1479 1562 1646 1733 1821 1911 2003 2097
55 115 174 234 294 355 416 479 542 606 672 738 806 875 946 1017 1090 1165 1242 1319 1399 1479 1562 1646 1733 1822 1911 2003 2097
55 115 174 234 294 355 416 479 542 606 672 738 806 875 946 1017 1090 1165 1242 1319 1399 1479 1562 1646 1733 1822 1911 2003 2097
55 115 174 234 294 355 416 479 542 606 672 738 806 875 946 1017 1090 1165 1242 1319 1399 1479 1563 1646 1733 1822 1911 2003 2097
55 114 174 234 294 355 416 479 542 606 672 738 806 875 946 1017 1090 1165 1242 1319 1399 1479 1563 1646 1733 1822 1911 2003 2097
55 114 174 234 294 355 416 479 542 606 672 738 806 875 946 1017 1090 1165 1242 1319 1399 1479 1563 1646 1734 1822 1911 2003 2097
55 114 174 234 294 355 416 479 542 606 672 738 806 875 946 1017 1090 1165 1242 1319 1399 1479 1563 1646 1734 1822 1911 2003 2097
55 114 174 234 294 355 416 479 542 606 672 738 806 875 946 1017 1090 1165 1242 1319 1399 1479 1563 1646 1734 1822 1911 2003 2097
55 114 174 234 294 355 416 479 542 606 672 738 806 875 946 1017 1090 1165 1242 1319 1399 1479 1563 1646 1734 1822 1911 2003 2097
55 114 174 233 294 355 416 479 542 606 672 738 806 875 946 1017 1090 1165 1242 1319 1399 1479 1563 1646 1734 1822 1911 2003 2097
55 114 174 233 294 355 416 479 542 606 672 738 806 875 946 1017 1090 1165 1242 1319 1399 1479 1563 1646 1734 1822 1911 2003 2097
55 114 174 233 294 355 416 479 542 606 672 738 806 875 946 1017 1090 1165 1242 1319 1399 1479 1563 1646 1734 1822 1911 2003 2097
55 114 174 233 294 355 416 479 542 606 672 738 806 875 946 1017 1090 1165 1242 1319 1399 1479 1563 1646 1734 1822 1911 2003 2097
55 114 174 233 294 355 416 479 542 606 672 738 806 875 946 1017 1090 1165 1242 1319 1399 1480 1563 1646 1734 1822 1911 2003 2097
55 114 174 233 294 355 416 479 542 606 672 738 806 875 946 1017 1090 1165 1242 1319 1399 1480 1563 1646 1734 1822 1911 2003 2097
55 114 174 233 294 355 416 479 542 606 672 738 806 875 946 1017 1090 1165 1242 1319 1399 1480 1563 1646 1734 1822 1911 2003 2097
55 114 174 233 294 355 416 479 542 606 672 738 806 875 946 1017 1090 1165 1242 1319 1399 1480 1563 1646 1734 1822 1911 2003 2097
55 114 174 233 294 355 416 479 542 606 672 738 806 875 946 1017 1090 1165 1242 1319 1399 1480 1563 1646 1734 1822 1911 2003 2098
55 114 174 233 294 355 416 479 542 606 672 738 806 875 946 1017 1090 1165 1242 1319 1399 1480 1563 1646 1734 1822 1911 2004 2098
55 114 174 233 294 355 416 479 542 606 672 738 806 875 946 1017 1090 1165 1242 1319 1399 1480 1563 1646 1734 1822 1911 2004 2098
55 114 174 233 294 355 416 479 542 606 672 738 806 875 946 1017 1090 1165 1242 1319 1399 1480 1563 1647 1734 1822 1911 2004 2098
55 114 174 233 294 355 416 478 542 606 672 738 806 875 946 1017 1090 1166 1242 1319 1399 1480 1563 1647 1734 1822 1911 2004 2098
55 114 174 233 294 355 416 478 542 606 672 738 806 875 946 1017 1090 1166 1242 1319 1399 1480 1563 1647 1734 1822 1911 2004 2098
55 114 174 233 294 355 416 478 542 606 672 738 806 875 946 1017 1090 1166 1242 1319 1399 1480 1563 1647 1734 1822 1911 2004 2098
55 114 174 233 294 355 416 478 542 606 672 738 806 875 946 1017 1090 1166 1242 1319 1399 1480 1563 1647 1734 1822 1912 2004 2098
55 114 174 233 294 355 416 478 542 606 672 738 806 875 946 1017 1090 1166 1242 1320 1399 1480 1563 1647 1734 1822 1912 2004 2098
55 114 174 233 294 355 416 478 542 606 672 738 806 875 946 1017 1090 1166 1242 1320 1399 1480 1563 1647 1734 1822 1912 2004 2098
55 114 174 233 294 355 416 478 542 606 672 738 806 875 946 1017 1090 1166 1242 1320 1399 1480 1563 1647 1734 1822 1912 2004 2098
55 114 174 233 294 355 416 478 542 606 672 738 806 875 946 1017 1090 1166 1242 1320 1399 1480 1563 1647 1734 1822 1912 2004 2098
55 114 174 233 294 355 416 478 542 606 672 738 806 875 946 1017 1091 1166 1242 1320 1399 1480 1563 1647 1734 1823 1912 2004 2098
55 114 174 233 294 355 416 478 542 606 672 738 806 875 946 1017 1091 1166 1242 1320 1399 1480 1563 1647 1734 1823 1912 2004 2098
55 114 174 233 294 355 416 478 542 606 672 738 806 875 946 1017 1091 1166 1242 1320 1399 1480 1563 1647 1734 1823 1912 2004 2098
55 114 174 233 294 355 416 478 542 606 672 738 806 875 946 1017 1091 1166 1242 1320 1399 1480 1563 1647 1734 1823 1912 2004 2098
55 114 174 233 294 355 416 478 542 606 672 738 806 875 946 1017 1091 1166 1242 1320 1399 1480 1563 1647 1734 1823 1912 2004 2098
55 114 174 233 294 355 416 478 542 606 672 738 806 875 946 1017 1091 1166 1242 1320 1399 1480 1563 1647 1734 1823 1912 2004 2098
55 114 174 233 294 354 416 478 542 606 672 738 806 875 946 1017 1091 1166 1242 1320 1399 1480 1563 1647 1735 1823 1912 2004 2098
55 114 174 233 294 354 416 478 542 606 672 738 806 875 946 1017 1091 1166 1242 1320 1399 1480 1563 1647 1735 1823 1912 2004 2098
55 114 174 233 294 354 416 478 542 606 672 738 806 875 946 1017 1091 1166 1242 1320 1399 1480 1563 1647 1735 1823 1912 2004 2098
55 114 174 233 294 354 416 478 542 606 672 738 806 875 946 1017 1091 1166 1242 1320 1400 1480 1564 1647 1735 1823 1912 2004 2098
55 114 174 233 294 354 416 478 542 606 672 738 806 875 946 1017 1091 1166 1242 1320 1400 1480 1564 1647 1735 1823 1912 2004 2099
55 114 174 233 294 354 416 478 542 606 672 738 806 875 946 1017 1091 1166 1242 1320 1400 1480 1564 1647 1735 1823 1912 2004 2099
55 114 174 233 294 354 416 478 542 606 672 738 806 875 946 1017 1091 1166 1242 1320 1400 1480 1564 1647 1735 1823 1912 2004 2099
55 114 174 233 294 354 416 478 542 606 672 738 806 875 946 1017 1091 1166 1242 1320 1400 1480 1564 1647 1735 1823 1912 2004 2099
55 114 174 233 294 354 416 478 542 606 672 738 806 875 946 1017 1091 1166 1242 1320 1400 1480 1564 1647 1735 1823 1912 2005 2099
55 114 174 233 294 354 416 478 542 606 672 738 806 875 946 1017 1091 1166 1242 1320 1400 1480 1564 1647 1735 1823 1912 2005 2099
55 114 174 233 294 354 416 478 542 606 672 738 806 875 946 1017 1091 1166 1242 1320 1400 1480 1564 1647 1735 1823 1912 2005 2099
55 114 174 233 294 354 416 478 542 606 672 738 806 875 946 1017 1091 1166 1242 1320 1400 1480 1564 1647 1735 1823 1912 2005 2099
55 114 174 233 294 354 416 478 542 606 672 738 806 875 946 1017 1091 1166 1242 1320 1400 1480 1564 1647 1735 1823 1913 2005 2099
55 114 174 233 294 354 416 478 542 606 672 738 806 875 946 1017 1091 1166 1242 1320 1400 1480 1564 1647 1735 1823 1913 2005 2099
55 114 174 233 294 354 416 478 542 606 672 738 806 875 946 1017 1091 1166 1242 1320 1400 1480 1564 1647 1735 1823 1913 2005 2099
55 114 174 233 294 354 416 478 542 606 672 738 806 875 946 1017 1091 1166 1242 1320 1400 1480 1564 1647 1735 1823 1913 2005 2099
55 114 174 233 294 354 416 478 542 606 672 738 806 875 946 1017 1091 1166 1242 1320 1400 1480 1564 1647 1735 1823 1913 2005 2099
55 114 174 233 294 354 416 478 542 606 672 738 806 875 946 1017 1091 1166 1242 1320 1400 1481 1564 1648 1735 1823 1913 2005 2099
55 114 174 233 294 354 416 478 542 606 672 738 806 875 946 1017 1091 1166 1242 1320 1400 1481 1564 1648 1735 1823 1913 2005 2099
55 114 174 233 294 354 416 478 542 606 672 738 806 875 946 1017 1091 1166 1242 1320 1400 1481 1564 1648 1735 1823 1913 2005 2099
55 114 174 233 294 354 416 478 542 606 672 738 806 875 946 1017 1091 1166 1242 1320 1400 1481 1564 1648 1735 1823 1913 2005 2099
55 114 174 233 294 354 416 478 542 606 672 738 806 875 946 1017 1091 1166 1243 1320 1400 1481 1564 1648 1735 1823 1913 2005 2099
55 114 174 233 294 354 416 478 542 606 672 738 806 875 946 1018 1091 1166 1243 1320 1400 1481 1564 1648 1735 1824 1913 2005 2099
55 114 174 233 294 354 416 478 542 606 672 738 806 875 946 1018 1091 1166 1243 1320 1400 1481 1564 1648 1735 1824 1913 2005 2099
55 114 174 233 294 354 416 478 542 606 672 738 806 875 946 1018 1091 1166 1243 1320 1400 1481 1564 1648 1735 1824 1913 2005 2099
55 114 174 233 294 354 416 478 542 606 672 738 806 875 946 1018 1091 1166 1243 1320 1400 1481 1564 1648 1735 1824 1913 2005 2099
55 114 174 233 294 354 416 478 542 606 672 738 806 875 946 1018 1091 1166 1243 1320 1400 1481 1564 1648 1735 1824 1913 2005 2100
55 114 174 233 294 354 416 478 542 606 672 738 806 875 946 1018 1091 1166 1243 1320 1400 1481 1564 1648 1735 1824 1913 2005 2100
55 114 174 233 294 354 416 478 542 606 672 738 806 875 946 1018 1091 1166 1243 1320 1400 1481 1564 1648 1735 1824 1913 2005 2100
55 114 174 233 294 354 416 478 542 606 672 738 806 875 946 1018 1091 1166 1243 1320 1400 1481 1564 1648 1736 1824 1913 2005 2100
54 114 174 233 294 354 416 478 542 606 672 738 806 875 946 1018 1091 1166 1243 1320 1400 1481 1564 1648 1736 1824 1913 2005 2100
54 114 174 233 294 354 416 478 542 606 672 738 806 875 946 1018 1091 1166 1243 1320 1400 1481 1564 1648 1736 1824 1913 2005 2100
54 114 173 233 294 354 416 478 542 606 672 738 806 875 946 1018 1091 1166 1243 1320 1400 1481 1564 1648 1736 1824 1913 2006 2100
54 114 173 233 294 354 416 478 542 606 672 738 806 875 946 1018 1091 1166 1243 1320 1400 1481 1564 1648 1736 1824 1913 2006 2100
54 114 173 233 294 354 416 478 542 606 672 738 806 875 946 1018 1091 1166 1243 1320 1400 1481 1564 1648 1736 1824 1913 2006 2100
54 114 173 233 294 354 416 478 542 606 672 738 806 875 946 1018 1091 1166 1243 1320 1400 1481 1564 1648 1736 1824 1914 2006 2100
54 114 173 233 294 354 416 478 542 606 672 738 806 875 946 1018 1091 1166 1243 1320 1400 1481 1564 1648 1736 1824 1914 2006 2100
54 114 173 233 294 354 416 478 542 606 672 738 806 875 946 1018 1091 1166 1243 1321 1400 1481 1564 1648 1736 1824 1914 2006 2100
54 114 173 233 294 354 416 478 542 606 672 738 806 875 946 1018 1091 1166 1243 1321 1400 1481 1565 1648 1736 1824 1914 2006 2100
54 114 173 233 294 354 416 478 542 606 672 738 806 875 946 1018 1091 1166 1243 1321 1400 1481 1565 1648 1736 1824 1914 2006 2100
54 114 173 233 294 354 416 478 542 606 672 738 806 875 946 1018 1091 1166 1243 1321 1400 1481 1565 1648 1736 1824 1914 2006 2100
54 114 173 233 294 354 416 478 542 606 672 738 806 875 946 1018 1091 1166 1243 1321 1400 1481 1565 1648 1736 1824 1914 2006 2100
54 114 173 233 294 354 416 478 542 606 672 738 806 875 946 1018 1091 1166 1243 1321 1400 1481 1565 1648 1736 1824 1914 2006 2100
54 114 173 233 294 354 416 478 542 606 672 738 806 875 946 1018 1091 1166 1243 1321 1400 1481 1565 1648 1736 1824 1914 2006 2100
54 114 173 233 294 354 416 478 542 606 672 738 806 875 946 1018 1091 1166 1243 1321 1400 1481 1565 1648 1736 1824 1914 2006 2100
54 114 173 233 294 354 416 478 542 606 672 738 806 875 946 1018 1091 1166 1243 1321 1400 1481 1565 1648 1736 1824 1914 2006 2100
54 114 173 233 294 354 416 478 542 606 672 738 806 875 946 1018 1091 1166 1243 1321 1401 1481 1565 1648 1736 1824 1914 2006 2100
54 114 173 233 294 354 416 478 542 606 672 738 806 875 946 1018 1091 1166 1243 1321 1401 1481 1565 1648 1736 1824 1914 2006 2100
54 114 173 233 294 354 416 478 542 606 672 738 806 875 946 1018 1091 1167 1243 1321 1401 1481 1565 1649 1736 1824 1914 2006 2101
54 114 173 233 294 354 416 478 542 606 672 738 806 875 946 1018 1091 1167 1243 1321 1401 1481 1565 1649 1736 1825 1914 2006 2101
54 114 173 233 294 354 416 478 542 606 672 738 806 875 946 1018 1091 1167 1243 1321 1401 1481 1565 1649 1736 1825 1914 2006 2101
54 114 173 233 294 354 416 478 542 606 672 738 806 875 946 1018 1091 1167 1243 1321 1401 1481 1565 1649 1736 1825 1914 2006 2101
54 114 173 233 294 354 416 478 542 606 672 738 806 875 946 1018 1091 1167 1243 1321 1401 1481 1565 1649 1736 1825 1914 2006 2101
54 114 173 233 294 354 416 478 542 606 672 738 806 875 946 1018 1091 1167 1243 1321 1401 1481 1565 1649 1736 1825 1914 2006 2101
54 114 173 233 294 354 416 478 542 606 672 738 806 875 946 1018 1091 1167 1243 1321 1401 1482 1565 1649 1736 1825 1914 2006 2101
54 114 173 233 294 354 416 478 542 606 672 738 806 875 946 1018 1091 1167 1243 1321 1401 1482 1565 1649 1736 1825 1914 2006 2101
54 114 173 233 294 354 416 478 542 606 672 738 806 875 946 1018 1091 1167 1243 1321 1401 1482 1565 1649 1736 1825 1914 2007 2101
54 114 173 233 294 354 416 478 542 606 672 738 806 875 946 1018 1091 1167 1243 1321 1401 1482 1565 1649 1737 1825 1914 2007 2101
54 114 173 233 294 354 416 478 542 606 672 738 806 875 946 1018 1091 1167 1243 1321 1401 1482 1565 1649 1737 1825 1915 2007 2101
54 113 173 233 294 354 416 478 542 606 672 738 806 875 946 1018 1091 1167 1243 1321 1401 1482 1565 1649 1737 1825 1915 2007 2101
54 113 173 233 294 354 416 478 542 606 672 738 806 875 946 1018 1091 1167 1243 1321 1401 1482 1565 1649 1737 1825 1915 2007 2101
54 113 173 233 294 354 416 478 542 606 672 738 806 875 946 1018 1091 1167 1243 1321 1401 1482 1565 1649 1737 1825 1915 2007 2101
54 113 173 233 294 354 416 478 542 606 672 738 806 875 946 1018 1091 1167 1243 1321 1401 1482 1565 1649 1737 1825 1915 2007 2101
54 113 173 233 294 354 416 478 542 606 672 738 806 875 946 1018 1092 1167 1243 1321 1401 1482 1565 1649 1737 1825 1915 2007 2101
54 113 173 233 294 354 416 478 542 606 672 738 806 875 946 1018 1092 1167 1243 1321 1401 1482 1565 1649 1737 1825 1915 2007 2101
54 113 173 233 294 354 416 478 542 606 672 738 806 875 947 1018 1092 1167 1243 1321 1401 1482 1565 1649 1737 1825 1915 2007 2101
54 113 173 233 294 354 416 478 542 606 672 738 806 875 947 1018 1092 1167 1243 1321 1401 1482 1565 1649 1737 1825 1915 2007 2101
54 113 173 233 294 354 416 478 542 606 672 738 806 875 947 1018 1092 1167 1243 1321 1401 1482 1565 1649 1737 1825 1915 2007 2101
54 113 173 233 294 354 416 478 542 606 672 738 806 875 947 1018 1092 1167 1243 1321 1401 1482 1565 1649 1737 1825 1915 2007 2101
54 113 173 233 294 354 416 478 542 606 672 738 806 875 947 1018 1092 1167 1243 1321 1401 1482 1565 1649 1737 1825 1915 2007 2102
54 113 173 233 294 354 416 478 542 606 672 738 806 875 947 1018 1092 1167 1243 1321 1401 1482 1565 1649 1737 1825 1915 2007 2102
54 113 173 233 294 354 416 478 542 606 672 738 806 875 947 1018 1092 1167 1243 1321 1401 1482 1566 1649 1737 1825 1915 2007 2102
54 113 173 233 294 354 416 478 542 606 672 738 806 875 947 1018 1092 1167 1243 1321 1401 1482 1566 1649 1737 1825 1915 2007 2102
54 113 173 233 294 354 416 478 542 606 672 739 806 875 947 1018 1092 1167 1244 1321 1401 1482 1566 1649 1737 1825 1915 2007 2102
54 113 173 233 294 354 416 478 542 606 672 739 806 875 947 1018 1092 1167 1244 1321 1401 1482 1566 1649 1737 1825 1915 2007 2102
54 113 173 233 294 354 416 478 542 606 672 739 806 875 947 1018 1092 1167 1244 1321 1401 1482 1566 1649 1737 1826 1915 2007 2102
54 113 173 233 294 354 416 478 542 606 672 739 806 875 947 1018 1092 1167 1244 1321 1401 1482 1566 1649 1737 1826 1915 2007 2102
54 113 173 233 294 354 416 478 542 606 672 739 806 875 947 1018 1092 1167 1244 1321 1401 1482 1566 1649 1737 1826 1915 2007 2102
54 113 173 233 294 354 416 478 542 606 672 739 806 875 947 1018 1092 1167 1244 1321 1401 1482 1566 1649 1737 1826 1915 2007 2102
54 113 173 233 294 354 416 478 542 606 672 739 806 875 947 1018 1092 1167 1244 1321 1401 1482 1566 1650 1737 1826 1916 2008 2102
54 113 173 233 294 354 416 478 542 606 672 739 806 875 947 1018 1092 1167 1244 1321 1401 1482 1566 1650 1737 1826 1916 2008 2102
54 113 173 233 293 354 416 478 542 606 672 739 806 875 947 1018 1092 1167 1244 1321 1401 1482 1566 1650 1737 1826 1916 2008 2102
54 113 173 233 293 354 416 478 542 606 672 739 806 875 947 1018 1092 1167 1244 1322 1401 1482 1566 1650 1737 1826 1916 2008 2102
54 113 173 233 293 354 416 478 542 606 672 739 806 875 947 1018 1092 1167 1244 1322 1401 1482 1566 1650 1737 1826 1916 2008 2102
54 113 173 233 293 354 416 478 542 606 672 739 806 875 947 1018 1092 1167 1244 1322 1401 1482 1566 1650 1737 1826 1916 2008 2102
54 113 173 233 293 354 416 478 542 606 672 739 806 875 947 1018 1092 1167 1244 1322 1401 1482 1566 1650 1738 1826 1916 2008 2102
54 113 173 233 293 354 416 478 542 606 672 739 807 876 947 1018 1092 1167 1244 1322 1401 1482 1566 1650 1738 1826 1916 2008 2102
54 113 173 233 293 354 416 478 542 606 672 739 807 876 947 1018 1092 1167 1244 1322 1401 1482 1566 1650 1738 1826 1916 2008 2102
54 113 173 233 293 354 416 478 542 606 672 739 807 876 947 1018 1092 1167 1244 1322 1402 1482 1566 1650 1738 1826 1916 2008 2102
54 113 173 233 293 354 416 478 542 606 672 739 807 876 947 1018 1092 1167 1244 1322 1402 1482 1566 1650 1738 1826 1916 2008 2102
54 113 173 233 293 354 416 478 542 606 672 739 807 876 947 1018 1092 1167 1244 1322 1402 1483 1566 1650 1738 1826 1916 2008 2103
54 113 173 233 293 354 416 478 542 606 672 739 807 876 947 1018 1092 1167 1244 1322 1402 1483 1566 1650 1738 1826 1916 2008 2103
54 113 173 233 293 354 416 478 542 606 672 739 807 876 947 1018 1092 1167 1244 1322 1402 1483 1566 1650 1738 1826 1916 2008 2103
54 113 173 233 293 354 416 478 542 606 672 739 807 876 947 1018 1092 1167 1244 1322 1402 1483 1566 1650 1738 1826 1916 2008 2103
54 113 173 233 293 354 416 478 542 606 672 739 807 876 947 1018 1092 1167 1244 1322 1402 1483 1566 1650 1738 1826 1916 2008 2103
54 113 173 233 293 354 416 478 542 606 672 739 807 876 947 1018 1092 1167 1244 1322 1402 1483 1566 1650 1738 1826 1916 2008 2103
54 113 173 233 293 354 416 478 542 606 672 739 807 876 947 1018 1092 1167 1244 1322 1402 1483 1566 1650 1738 1826 1916 2008 2103
54 113 173 233 293 354 416 478 542 606 672 739 807 876 947 1018 1092 1167 1244 1322 1402 1483 1566 1650 1738 1826 1916 2008 2103
54 113 173 233 293 354 416 478 542 606 672 739 807 876 947 1018 1092 1167 1244 1322 1402 1483 1566 1650 1738 1826 1916 2008 2103
54 113 173 232 293 354 416 478 542 606 672 739 807 876 947 1018 1092 1167 1244 1322 1402 1483 1566 1650 1738 1826 1916 2008 2103
54 113 173 232 293 354 416 478 542 606 672 739 807 876 947 1019 1092 1167 1244 1322 1402 1483 1566 1650 1738 1826 1916 2008 2103
54 113 173 232 293 354 416 478 542 606 672 739 807 876 947 1019 1092 1167 1244 1322 1402 1483 1566 1650 1738 1827 1917 2008 2103
54 113 173 232 293 354 416 478 542 606 672 739 807 876 947 1019 1092 1167 1244 1322 1402 1483 1566 1650 1738 1827 1917 2008 2103
54 113 173 232 293 354 416 478 542 606 672 739 807 876 947 1019 1092 1167 1244 1322 1402 1483 1567 1650 1738 1827 1917 2009 2103
54 113 173 232 293 354 416 478 542 606 672 739 807 876 947 1019 1092 1168 1244 1322 1402 1483 1567 1650 1738 1827 1917 2009 2103
54 113 173 232 293 354 416 478 542 606 672 739 807 876 947 1019 1092 1168 1244 1322 1402 1483 1567 1650 1738 1827 1917 2009 2103
54 113 173 232 293 354 416 478 542 606 672 739 807 876 947 1019 1092 1168 1244 1322 1402 1483 1567 1650 1738 1827 1917 2009 2103
54 113 173 232 293 354 416 478 542 606 672 739 807 876 947 1019 1092 1168 1244 1322 1402 1483 1567 1650 1738 1827 1917 2009 2103
54 113 173 232 293 354 416 478 542 606 672 739 807 876 947 1019 1092 1168 1244 1322 1402 1483 1567 1651 1738 1827 1917 2009 2103
54 113 173 232 293 354 416 478 542 606 672 739 807 876 947 1019 1092 1168 1244 1322 1402 1483 1567 1651 1738 1827 1917 2009 2103
54 113 173 232 293 354 416 478 542 606 672 739 807 876 947 1019 1092 1168 1244 1322 1402 1483 1567 1651 1738 1827 1917 2009 2103
54 113 173 232 293 354 416 478 542 606 672 739 807 876 947 1019 1092 1168 1244 1322 1402 1483 1567 1651 1738 1827 1917 2009 2104
54 113 173 232 293 354 416 478 542 606 672 739 807 876 947 1019 1092 1168 1244 1322 1402 1483 1567 1651 1739 1827 1917 2009 2104
54 113 173 232 293 354 416 478 542 606 672 739 807 876 947 1019 1092 1168 1244 1322 1402 1483 1567 1651 1739 1827 1917 2009 2104
54 113 173 232 293 354 416 478 542 606 672 739 807 876 947 1019 1092 1168 1244 1322 1402 1483 1567 1651 1739 1827 1917 2009 2104
54 113 173 232 293 354 416 478 542 606 672 739 807 876 947 1019 1092 1168 1244 1322 1402 1483 1567 1651 1739 1827 1917 2009 2104
54 113 173 232 293 354 416 478 542 606 672 739 807 876 947 1019 1092 1168 1244 1322 1402 1483 1567 1651 1739 1827 1917 2009 2104
54 113 173 232 293 354 416 478 542 606 672 739 807 876 947 1019 1092 1168 1244 1322 1402 1483 1567 1651 1739 1827 1917 2009 2104
54 113 173 232 293 354 416 478 542 606 672 739 807 876 947 1019 1092 1168 1244 1322 1402 1483 1567 1651 1739 1827 1917 2009 2104
54 113 173 232 293 354 416 478 542 606 672 739 807 876 947 1019 1092 1168 1244 1322 1402 1483 1567 1651 1739 1827 1917 2009 2104
54 113 173 232 293 354 416 478 542 606 672 739 807 876 947 1019 1092 1168 1244 1322 1402 1483 1567 1651 1739 1827 1917 2009 2104
54 113 173 232 293 354 416 478 542 606 672 739 807 876 947 1019 1092 1168 1245 1322 1402 1483 1567 1651 1739 1827 1917 2009 2104
54 113 173 232 293 354 416 478 542 606 672 739 807 876 947 1019 1092 1168 1245 1322 1402 1483 1567 1651 1739 1827 1918 2009 2104
54 113 173 232 293 354 416 478 542 606 672 739 807 876 947 1019 1092 1168 1245 1322 1402 1483 1567 1651 1739 1827 1918 2009 2104
54 113 173 232 293 354 416 478 542 606 672 739 807 876 947 1019 1092 1168 1245 1322 1402 1484 1567 1651 1739 1827 1918 2009 2104
54 113 173 232 293 354 416 478 542 606 672 739 807 876 947 1019 1093 1168 1245 1323 1402 1484 1567 1651 1739 1827 1918 2009 2104
54 113 173 232 293 354 416 478 542 606 672 739 807 876 947 1019 1093 1168 1245 1323 1402 1484 1567 1651 1739 1828 1918 2010 2104
54 113 173 232 293 354 416 478 542 606 672 739 807 876 947 1019 1093 1168 1245 1323 1402 1484 1567 1651 1739 1828 1918 2010 2104
54 113 173 232 293 354 416 478 542 606 672 739 807 876 947 1019 1093 1168 1245 1323 1403 1484 1567 1651 1739 1828 1918 2010 2104
53 113 173 232 293 354 416 478 542 606 672 739 807 876 947 1019 1093 1168 1245 1323 1403 1484 1567 1651 1739 1828 1918 2010 2104
53 113 173 232 293 354 416 478 542 606 672 739 807 876 947 1019 1093 1168 1245 1323 1403 1484 1567 1651 1739 1828 1918 2010 2104
53 113 173 232 293 354 416 478 542 606 672 739 807 876 947 1019 1093 1168 1245 1323 1403 1484 1567 1651 1739 1828 1918 2010 2104
53 113 173 232 293 354 416 478 542 606 672 739 807 876 947 1019 1093 1168 1245 1323 1403 1484 1567 1651 1739 1828 1918 2010 2105
53 113 173 232 293 354 416 478 542 606 672 739 807 876 947 1019 1093 1168 1245 1323 1403 1484 1567 1651 1739 1828 1918 2010 2105
53 113 173 232 293 354 416 478 542 606 672 739 807 876 947 1019 1093 1168 1245 1323 1403 1484 1567 1651 1739 1828 1918 2010 2105
53 113 173 232 293 354 416 478 542 606 672 739 807 876 947 1019 1093 1168 1245 1323 1403 1484 1568 1651 1739 1828 1918 2010 2105
53 113 173 232 293 354 416 478 542 606 672 739 807 876 947 1019 1093 1168 1245 1323 1403 1484 1568 1652 1739 1828 1918 2010 2105
53 113 173 232 293 354 416 478 542 606 672 739 807 876 947 1019 1093 1168 1245 1323 1403 1484 1568 1652 1739 1828 1918 2010 2105
53 113 173 232 293 354 416 478 542 606 672 739 807 876 947 1019 1093 1168 1245 1323 1403 1484 1568 1652 1739 1828 1918 2010 2105
53 113 173 232 293 354 416 478 542 606 672 739 807 876 947 1019 1093 1168 1245 1323 1403 1484 1568 1652 1740 1828 1918 2010 2105
53 113 173 232 293 354 416 478 542 606 672 739 807 876 947 1019 1093 1168 1245 1323 1403 1484 1568 1652 1740 1828 1918 2010 2105
53 113 173 232 293 354 416 478 542 606 672 739 807 876 947 1019 1093 1168 1245 1323 1403 1484 1568 1652 1740 1828 1918 2010 2105
53 113 173 232 293 354 416 478 542 606 672 739 807 876 947 1019 1093 1168 1245 1323 1403 1484 1568 1652 1740 1828 1918 2010 2105
53 113 173 232 293 354 416 478 542 606 672 739 807 876 947 1019 1093 1168 1245 1323 1403 1484 1568 1652 1740 1828 1919 2010 2105
53 113 173 232 293 354 416 478 542 606 672 739 807 876 947 1019 1093 1168 1245 1323 1403 1484 1568 1652 1740 1828 1919 2010 2105
53 113 173 232 293 354 416 478 542 606 672 739 807 876 947 1019 1093 1168 1245 1323 1403 1484 1568 1652 1740 1828 1919 2010 2105
53 113 173 232 293 354 416 478 542 606 672 739 807 876 947 1019 1093 1168 1245 1323 1403 1484 1568 1652 1740 1828 1919 2010 2105
53 113 173 232 293 354 416 478 542 606 672 739 807 876 947 1019 1093 1168 1245 1323 1403 1484 1568 1652 1740 1828 1919 2010 2105
53 113 173 232 293 354 416 478 542 606 672 739 807 876 947 1019 1093 1168 1245 1323 1403 1484 1568 1652 1740 1828 1919 2010 2105
53 113 173 232 293 354 416 478 542 606 672 739 807 876 947 1019 1093 1168 1245 1323 1403 1484 1568 1652 1740 1828 1919 2011 2105
53 113 173 232 293 354 416 478 542 606 672 739 807 876 948 1019 1093 1168 1245 1323 1403 1484 1568 1652 1740 1828 1919 2011 2105
53 113 173 232 293 354 416 478 542 606 672 739 807 876 948 1019 1093 1168 1245 1323 1403 1484 1568 1652 1740 1829 1919 2011 2105
53 113 173 232 293 354 416 478 542 606 672 739 807 876 948 1019 1093 1168 1245 1323 1403 1484 1568 1652 1740 1829 1919 2011 2106
53 113 173 232 293 354 416 478 542 606 672 739 807 876 948 1019 1093 1168 1245 1323 1403 1484 1568 1652 1740 1829 1919 2011 2106
53 113 173 232 293 354 416 478 542 606 672 739 807 876 948 1019 1093 1168 1245 1323 1403 1484 1568 1652 1740 1829 1919 2011 2106
53 113 172 232 293 354 416 478 542 606 672 739 807 876 948 1019 1093 1168 1245 1323 1403 1484 1568 1652 1740 1829 1919 2011 2106
53 113 172 232 293 354 416 478 542 606 672 739 807 876 948 1019 1093 1169 1245 1323 1403 1484 1568 1652 1740 1829 1919 2011 2106
53 113 172 232 293 354 416 478 542 606 672 739 807 876 948 1019 1093 1169 1245 1323 1403 1485 1568 1652 1740 1829 1919 2011 2106
53 113 172 232 293 354 416 478 542 606 672 739 807 876 948 1019 1093 1169 1245 1323 1403 1485 1568 1652 1740 1829 1919 2011 2106
53 113 172 232 293 354 416 478 542 606 672 739 807 876 948 1019 1093 1169 1245 1323 1403 1485 1568 1652 1740 1829 1919 2011 2106
53 113 172 232 293 354 416 478 542 606 672 739 807 876 948 1019 1093 1169 1245 1323 1403 1485 1568 1652 1740 1829 1919 2011 2106
53 113 172 232 293 354 416 478 542 606 672 739 807 876 948 1019 1093 1169 1245 1323 1403 1485 1568 1652 1740 1829 1919 2011 2106
53 113 172 232 293 354 416 478 542 606 672 739 807 876 948 1019 1093 1169 1245 1323 1403 1485 1568 1652 1740 1829 1919 2011 2106
53 113 172 232 293 354 416 478 542 606 672 739 807 876 948 1019 1093 1169 1245 1323 1403 1485 1568 1653 1740 1829 1920 2011 2106
53 113 172 232 293 354 416 478 542 606 672 739 807 876 948 1019 1093 1169 1245 1323 1403 1485 1568 1653 1740 1829 1920 2011 2106
53 113 172 232 293 354 416 478 542 606 672 739 807 876 948 1019 1093 1169 1245 1323 1403 1485 1569 1653 1741 1829 1920 2011 2106
53 113 172 232 293 354 416 478 542 606 672 739 807 876 948 1019 1093 1169 1245 1324 1404 1485 1569 1653 1741 1829 1920 2011 2106
53 113 172 232 293 354 416 478 542 606 672 739 807 876 948 1020 1093 1169 1246 1324 1404 1485 1569 1653 1741 1829 1920 2011 2106
53 113 172 232 293 354 416 478 542 606 672 739 807 876 948 1020 1093 1169 1246 1324 1404 1485 1569 1653 1741 1829 1920 2011 2106
53 113 172 232 293 354 416 478 542 606 672 739 807 876 948 1020 1093 1169 1246 1324 1404 1485 1569 1653 1741 1829 1920 2011 2106
53 113 172 232 293 354 416 478 542 606 672 739 807 876 948 1020 1093 1169 1246 1324 1404 1485 1569 1653 1741 1829 1920 2011 2106
53 113 172 232 293 354 416 478 542 606 672 739 807 876 948 1020 1093 1169 1246 1324 1404 1485 1569 1653 1741 1829 1920 2012 2106
53 113 172 232 293 354 416 478 542 606 672 739 807 876 948 1020 1093 1169 1246 1324 1404 1485 1569 1653 1741 1829 1920 2012 2107
53 113 172 232 293 354 416 478 542 606 672 739 807 876 948 1020 1093 1169 1246 1324 1404 1485 1569 1653 1741 1829 1920 2012 2107
53 113 172 232 293 354 416 478 542 606 672 739 807 876 948 1020 1093 1169 1246 1324 1404 1485 1569 1653 1741 1829 1920 2012 2107
53 113 172 232 293 354 416 478 542 606 672 739 807 876 948 1020 1093 1169 1246 1324 1404 1485 1569 1653 1741 1830 1920 2012 2107
53 112 172 232 293 354 416 478 542 606 672 739 807 876 948 1020 1093 1169 1246 1324 1404 1485 1569 1653 1741 1830 1920 2012 2107
53 112 172 232 293 354 416 478 542 606 672 739 807 876 948 1020 1093 1169 1246 1324 1404 1485 1569 1653 1741 1830 1920 2012 2107
53 112 172 232 293 354 416 478 542 606 672 739 807 876 948 1020 1093 1169 1246 1324 1404 1485 1569 1653 1741 1830 1920 2012 2107
53 112 172 232 293 354 416 478 542 606 672 739 807 876 948 1020 1093 1169 1246 1324 1404 1485 1569 1653 1741 1830 1920 2012 2107
53 112 172 232 293 354 416 478 542 606 672 739 807 877 948 1020 1093 1169 1246 1324 1404 1485 1569 1653 1741 1830 1920 2012 2107
53 112 172 232 293 354 416 478 542 606 672 739 807 877 948 1020 1094 1169 1246 1324 1404 1485 1569 1653 1741 1830 1920 2012 2107
53 112 172 232 293 354 416 478 542 606 672 739 807 877 948 1020 1094 1169 1246 1324 1404 1485 1569 1653 1741 1830 1920 2012 2107
53 112 172 232 293 354 416 478 542 606 672 739 807 877 948 1020 1094 1169 1246 1324 1404 1485 1569 1653 1741 1830 1921 2012 2107
53 112 172 232 293 354 416 478 542 606 672 739 807 877 948 1020 1094 1169 1246 1324 1404 1485 1569 1653 1741 1830 1921 2012 2107
53 112 172 232 293 354 416 478 542 606 672 739 807 877 948 1020 1094 1169 1246 1324 1404 1485 1569 1653 1741 1830 1921 2012 2107
53 112 172 232 293 354 416 478 542 606 672 739 807 877 948 1020 1094 1169 1246 1324 1404 1485 1569 1653 1741 1830 1921 2012 2107
53 112 172 232 293 354 416 478 542 606 672 739 807 877 948 1020 1094 1169 1246 1324 1404 1485 1569 1653 1741 1830 1921 2012 2107
53 112 172 232 293 354 416 478 542 606 672 739 807 877 948 1020 1094 1169 1246 1324 1404 1486 1569 1653 1741 1830 1921 2012 2107
53 112 172 232 293 354 416 478 542 606 672 739 807 877 948 1020 1094 1169 1246 1324 1404 1486 1569 1653 1741 1830 1921 2012 2107
53 112 172 232 293 354 416 478 542 606 672 739 808 877 948 1020 1094 1169 1246 1324 1404 1486 1569 1654 1742 1830 1921 2012 2107
53 112 172 232 293 354 416 478 542 606 672 739 808 877 948 1020 1094 1169 1246 1324 1404 1486 1569 1654 1742 1830 1921 2012 2107
53 112 172 232 293 354 416 478 542 606 672 739 808 877 948 1020 1094 1169 1246 1324 1404 1486 1569 1654 1742 1830 1921 2012 2108
53 112 172 232 293 354 416 478 542 606 672 739 808 877 948 1020 1094 1169 1246 1324 1404 1486 1569 1654 1742 1830 1921 2012 2108
53 112 172 232 293 354 416 478 542 606 672 739 808 877 948 1020 1094 1169 1246 1324 1404 1486 1569 1654 1742 1830 1921 2013 2108
53 112 172 232 293 354 416 478 542 606 672 739 808 877 948 1020 1094 1169 1246 1324 1404 1486 1570 1654 1742 1830 1921 2013 2108
53 112 172 232 293 354 416 478 542 606 672 739 808 877 948 1020 1094 1169 1246 1324 1404 1486 1570 1654 1742 1830 1921 2013 2108
53 112 172 232 293 354 416 478 542 607 672 739 808 877 948 1020 1094 1169 1246 1324 1404 1486 1570 1654 1742 1830 1921 2013 2108
53 112 172 232 293 354 416 478 542 607 672 739 808 877 948 1020 1094 1169 1246 1324 1404 1486 1570 1654 1742 1830 1921 2013 2108
53 112 172 232 293 354 416 478 542 607 672 739 808 877 948 1020 1094 1169 1246 1324 1404 1486 1570 1654 1742 1831 1921 2013 2108
53 112 172 232 293 354 416 478 542 607 673 739 808 877 948 1020 1094 1169 1246 1324 1404 1486 1570 1654 1742 1831 1921 2013 2108
53 112 172 232 293 354 416 478 542 607 673 739 808 877 948 1020 1094 1169 1246 1324 1404 1486 1570 1654 1742 1831 1921 2013 2108
53 112 172 232 293 354 416 478 542 607 673 739 808 877 948 1020 1094 1169 1246 1324 1404 1486 1570 1654 1742 1831 1921 2013 2108
53 112 172 232 293 354 416 478 542 607 673 739 808 877 948 1020 1094 1169 1246 1324 1405 1486 1570 1654 1742 1831 1922 2013 2108
53 112 172 232 293 354 416 478 542 607 673 739 808 877 948 1020 1094 1169 1246 1325 1405 1486 1570 1654 1742 1831 1922 2013 2108
53 112 172 232 293 354 416 478 542 607 673 739 808 877 948 1020 1094 1170 1246 1325 1405 1486 1570 1654 1742 1831 1922 2013 2108
53 112 172 232 293 354 416 478 542 607 673 739 808 877 948 1020 1094 1170 1246 1325 1405 1486 1570 1654 1742 1831 1922 2013 2108
53 112 172 232 293 354 416 478 542 607 673 739 808 877 948 1020 1094 1170 1246 1325 1405 1486 1570 1654 1742 1831 1922 2013 2108
53 112 172 232 293 354 416 478 542 607 673 739 808 877 948 1020 1094 1170 1246 1325 1405 1486 1570 1654 1742 1831 1922 2013 2108
53 112 172 232 293 354 416 478 542 607 673 739 808 877 948 1020 1094 1170 1246 1325 1405 1486 1570 1654 1742 1831 1922 2013 2108
53 112 172 232 293 354 416 478 542 607 673 739 808 877 948 1020 1094 1170 1246 1325 1405 1486 1570 1654 1742 1831 1922 2013 2108
53 112 172 232 293 354 416 478 542 607 673 739 808 877 948 1020 1094 1170 1247 1325 1405 1486 1570 1654 1742 1831 1922 2013 2108
53 112 172 232 293 354 416 478 542 607 673 739 808 877 948 1020 1094 1170 1247 1325 1405 1486 1570 1654 1742 1831 1922 2013 2109
53 112 172 232 293 354 416 478 542 607 673 739 808 877 948 1020 1094 1170 1247 1325 1405 1486 1570 1654 1742 1831 1922 2013 2109
53 112 172 232 293 354 416 478 542 607 673 740 808 877 948 1020 1094 1170 1247 1325 1405 1486 1570 1654 1742 1831 1922 2013 2109
53 112 172 232 293 354 416 478 542 607 673 740 808 877 948 1020 1094 1170 1247 1325 1405 1486 1570 1654 1743 1831 1922 2013 2109
53 112 172 232 293 354 416 478 542 607 673 740 808 877 948 1020 1094 1170 1247 1325 1405 1486 1570 1655 1743 1831 1922 2014 2109
53 112 172 232 293 354 416 478 542 607 673 740 808 877 948 1020 1094 1170 1247 1325 1405 1486 1570 1655 1743 1831 1922 2014 2109
53 112 172 232 293 354 416 478 542 607 673 740 808 877 948 1020 1094 1170 1247 1325 1405 1486 1570 1655 1743 1831 1922 2014 2109
53 112 172 232 293 354 416 478 542 607 673 740 808 877 948 1020 1094 1170 1247 1325 1405 1487 1570 1655 1743 1831 1922 2014 2109
53 112 172 232 293 354 416 478 542 607 673 740 808 877 948 1020 1094 1170 1247 1325 1405 1487 1570 1655 1743 1831 1922 2014 2109
53 112 172 232 293 354 416 478 542 607 673 740 808 877 948 1020 1094 1170 1247 1325 1405 1487 1570 1655 1743 1831 1922 2014 2109
53 112 172 232 293 354 416 478 542 607 673 740 808 877 949 1020 1094 1170 1247 1325 1405 1487 1570 1655 1743 1831 1923 2014 2109
53 112 172 232 293 354 416 478 542 607 673 740 808 877 949 1020 1094 1170 1247 1325 1405 1487 1570 1655 1743 1832 1923 2014 2109
53 112 172 232 293 354 416 478 542 607 673 740 808 877 949 1020 1094 1170 1247 1325 1405 1487 1571 1655 1743 1832 1923 2014 2109
53 112 172 232 293 354 416 478 542 607 673 740 808 877 949 1020 1094 1170 1247 1325 1405 1487 1571 1655 1743 1832 1923 2014 2109
53 112 172 232 293 354 416 478 542 607 673 740 808 877 949 1020 1094 1170 1247 1325 1405 1487 1571 1655 1743 1832 1923 2014 2109
53 112 172 232 293 354 416 478 542 607 673 740 808 877 949 1021 1094 1170 1247 1325 1405 1487 1571 1655 1743 1832 1923 2014 2109
53 112 172 232 293 354 416 478 542 607 673 740 808 877 949 1021 1094 1170 1247 1325 1405 1487 1571 1655 1743 1832 1923 2014 2109
53 112 172 232 293 354 416 478 542 607 673 740 808 877 949 1021 1094 1170 1247 1325 1405 1487 1571 1655 1743 1832 1923 2014 2109
53 112 172 232 293 354 416 478 542 607 673 740 808 877 949 1021 1094 1170 1247 1325 1405 1487 1571 1655 1743 1832 1923 2014 2109
53 112 172 232 293 354 416 478 542 607 673 740 808 877 949 1021 1094 1170 1247 1325 1405 1487 1571 1655 1743 1832 1923 2014 2109
53 112 172 232 293 354 416 478 542 607 673 740 808 877 949 1021 1094 1170 1247 1325 1405 1487 1571 1655 1743 1832 1923 2014 2110
53 112 172 232 293 354 416 478 542 607 673 740 808 877 949 1021 1095 1170 1247 1325 1405 1487 1571 1655 1743 1832 1923 2014 2110
53 112 172 232 293 354 416 478 542 607 673 740 808 877 949 1021 1095 1170 1247 1325 1405 1487 1571 1655 1743 1832 1923 2014 2110
53 112 172 232 293 354 416 478 542 607 673 740 808 877 949 1021 1095 1170 1247 1325 1405 1487 1571 1655 1743 1832 1923 2014 2110
53 112 172 232 293 354 416 478 542 607 673 740 808 877 949 1021 1095 1170 1247 1325 1405 1487 1571 1655 1743 1832 1923 2014 2110
53 112 172 232 293 354 416 478 542 607 673 740 808 877 949 1021 1095 1170 1247 1325 1405 1487 1571 1655 1743 1832 1923 2014 2110
53 112 172 232 293 354 416 478 542 607 673 740 808 877 949 1021 1095 1170 1247 1325 1406 1487 1571 1655 1743 1832 1923 2015 2110
53 112 172 232 293 354 416 478 542 607 673 740 808 877 949 1021 1095 1170 1247 1325 1406 1487 1571 1655 1744 1832 1923 2015 2110
53 112 172 232 293 354 416 478 542 607 673 740 808 877 949 1021 1095 1170 1247 1325 1406 1487 1571 1655 1744 1832 1923 2015 2110
53 112 172 232 293 354 416 478 542 607 673 740 808 877 949 1021 1095 1170 1247 1325 1406 1487 1571 1656 1744 1832 1924 2015 2110
53 112 172 232 293 354 416 478 542 607 673 740 808 877 949 1021 1095 1170 1247 1326 1406 1487 1571 1656 1744 1832 1924 2015 2110
53 112 172 232 293 354 416 478 542 607 673 740 808 877 949 1021 1095 1170 1247 1326 1406 1487 1571 1656 1744 1832 1924 2015 2110
53 112 172 232 293 354 416 478 542 607 673 740 808 877 949 1021 1095 1170 1247 1326 1406 1487 1571 1656 1744 1832 1924 2015 2110
53 112 172 232 293 354 416 478 542 607 673 740 808 877 949 1021 1095 1170 1247 1326 1406 1487 1571 1656 1744 1832 1924 2015 2110
53 112 172 232 293 354 416 478 542 607 673 740 808 877 949 1021 1095 1170 1247 1326 1406 1487 1571 1656 1744 1833 1924 2015 2110
53 112 172 232 293 354 416 478 542 607 673 740 808 877 949 1021 1095 1170 1247 1326 1406 1487 1571 1656 1744 1833 1924 2015 2110
53 112 172 232 293 354 416 478 542 607 673 740 808 877 949 1021 1095 1170 1247 1326 1406 1488 1571 1656 1744 1833 1924 2015 2110
53 112 172 232 293 354 416 478 542 607 673 740 808 877 949 1021 1095 1170 1247 1326 1406 1488 1571 1656 1744 1833 1924 2015 2110
53 112 172 232 293 354 416 478 542 607 673 740 808 877 949 1021 1095 1170 1247 1326 1406 1488 1571 1656 1744 1833 1924 2015 2110
53 112 172 232 293 354 416 478 542 607 673 740 808 877 949 1021 1095 1171 1247 1326 1406 1488 1571 1656 1744 1833 1924 2015 2111
53 112 172 232 293 354 416 478 542 607 673 740 808 877 949 1021 1095 1171 1247 1326 1406 1488 1572 1656 1744 1833 1924 2015 2111
53 112 172 232 293 354 416 478 542 607 673 740 808 877 949 1021 1095 1171 1248 1326 1406 1488 1572 1656 1744 1833 1924 2015 2111
53 112 172 232 293 354 416 478 542 607 673 740 808 877 949 1021 1095 1171 1248 1326 1406 1488 1572 1656 1744 1833 1924 2015 2111
53 112 172 232 293 354 416 478 542 607 673 740 808 877 949 1021 1095 1171 1248 1326 1406 1488 1572 1656 1744 1833 1924 2015 2111
53 112 172 232 293 354 416 478 542 607 673 740 808 877 949 1021 1095 1171 1248 1326 1406 1488 1572 1656 1744 1833 1924 2015 2111
53 112 172 232 293 354 416 478 542 607 673 740 808 878 949 1021 1095 1171 1248 1326 1406 1488 1572 1656 1744 1833 1924 2015 2111
53 112 172 232 293 354 416 478 542 607 673 740 808 878 949 1021 1095 1171 1248 1326 1406 1488 1572 1656 1744 1833 1924 2015 2111
53 112 172 232 293 354 416 478 542 607 673 740 808 878 949 1021 1095 1171 1248 1326 1406 1488 1572 1656 1744 1833 1924 2015 2111
53 112 172 232 293 354 416 478 542 607 673 740 808 878 949 1021 1095 1171 1248 1326 1406 1488 1572 1656 1744 1833 1925 2016 2111
53 112 172 232 293 354 416 478 542 607 673 740 808 878 949 1021 1095 1171 1248 1326 1406 1488 1572 1656 1744 1833 1925 2016 2111
53 112 172 232 293 354 416 478 542 607 673 740 808 878 949 1021 1095 1171 1248 1326 1406 1488 1572 1656 1744 1833 1925 2016 2111
53 112 172 232 293 354 416 478 542 607 673 740 808 878 949 1021 1095 1171 1248 1326 1406 1488 1572 1656 1745 1833 1925 2016 2111
53 112 172 232 293 354 416 478 542 607 673 740 808 878 949 1021 1095 1171 1248 1326 1406 1488 1572 1656 1745 1833 1925 2016 2111
52 112 172 232 293 354 416 478 542 607 673 740 808 878 949 1021 1095 1171 1248 1326 1406 1488 1572 1656 1745 1833 1925 2016 2111
52 112 172 232 293 354 416 478 542 607 673 740 808 878 949 1021 1095 1171 1248 1326 1406 1488 1572 1657 1745 1833 1925 2016 2111
52 112 172 232 293 354 416 478 542 607 673 740 808 878 949 1021 1095 1171 1248 1326 1406 1488 1572 1657 1745 1833 1925 2016 2111
52 112 172 232 293 354 416 478 542 607 673 740 808 878 949 1021 1095 1171 1248 1326 1406 1488 1572 1657 1745 1833 1925 2016 2111
52 112 172 232 293 354 416 478 542 607 673 740 808 878 949 1021 1095 1171 1248 1326 1406 1488 1572 1657 1745 1834 1925 2016 2111
52 112 172 232 293 354 416 478 542 607 673 740 808 878 949 1021 1095 1171 1248 1326 1406 1488 1572 1657 1745 1834 1925 2016 2112
52 112 172 232 293 354 416 478 542 607 673 740 808 878 949 1021 1095 1171 1248 1326 1406 1488 1572 1657 1745 1834 1925 2016 2112
52 112 172 232 293 354 416 478 542 607 673 740 809 878 949 1021 1095 1171 1248 1326 1407 1488 1572 1657 1745 1834 1925 2016 2112
52 112 172 232 293 354 416 478 542 607 673 740 809 878 949 1021 1095 1171 1248 1326 1407 1488 1572 1657 1745 1834 1925 2016 2112
52 112 172 232 293 354 416 478 542 607 673 740 809 878 949 1021 1095 1171 1248 1326 1407 1488 1572 1657 1745 1834 1925 2016 2112
52 112 172 232 293 354 416 478 542 607 673 740 809 878 949 1021 1095 1171 1248 1326 1407 1488 1572 1657 1745 1834 1925 2016 2112
52 112 172 232 293 354 416 478 542 607 673 740 809 878 949 1021 1095 1171 1248 1326 1407 1488 1572 1657 1745 1834 1925 2016 2112
52 112 172 232 293 354 416 478 542 607 673 740 809 878 949 1021 1095 1171 1248 1326 1407 1489 1572 1657 1745 1834 1925 2016 2112
52 112 172 232 293 354 416 478 542 607 673 740 809 878 949 1021 1095 1171 1248 1327 1407 1489 1572 1657 1745 1834 1925 2016 2112
52 112 172 232 293 354 416 478 542 607 673 740 809 878 949 1021 1095 1171 1248 1327 1407 1489 1572 1657 1745 1834 1926 2016 2112
52 112 172 232 293 354 416 478 542 607 673 740 809 878 949 1021 1095 1171 1248 1327 1407 1489 1573 1657 1745 1834 1926 2016 2112
52 112 172 232 293 354 416 478 542 607 673 740 809 878 949 1022 1096 1171 1248 1327 1407 1489 1573 1657 1745 1834 1926 2017 2112
52 112 172 232 293 354 416 478 542 607 673 740 809 878 949 1022 1096 1171 1248 1327 1407 1489 1573 1657 1745 1834 1926 2017 2112
52 112 172 232 293 354 416 478 542 607 673 740 809 878 949 1022 1096 1171 1248 1327 1407 1489 1573 1657 1745 1834 1926 2017 2112
52 112 172 232 293 354 416 478 542 607 673 740 809 878 949 1022 1096 1171 1248 1327 1407 1489 1573 1657 1745 1834 1926 2017 2112
52 112 172 232 293 354 416 478 542 607 673 740 809 878 949 1022 1096 1171 1248 1327 1407 1489 1573 1657 1745 1834 1926 2017 2112
52 112 172 232 293 354 416 478 542 607 673 740 809 878 949 1022 1096 1171 1248 1327 1407 1489 1573 1657 1745 1834 1926 2017 2112
52 112 172 232 293 354 416 478 542 607 673 740 809 878 950 1022 1096 1171 1248 1327 1407 1489 1573 1657 1746 1834 1926 2017 2112
52 112 172 232 293 354 416 478 542 607 673 740 809 878 950 1022 1096 1171 1248 1327 1407 1489 1573 1657 1746 1834 1926 2017 2112
52 112 172 232 293 354 416 478 542 607 673 740 809 878 950 1022 1096 1171 1248 1327 1407 1489 1573 1657 1746 1834 1926 2017 2113
52 112 172 232 293 354 416 478 542 607 673 740 809 878 950 1022 1096 1171 1248 1327 1407 1489 1573 1658 1746 1834 1926 2017 2113
52 112 172 232 293 354 416 478 542 607 673 740 809 878 950 1022 1096 1171 1248 1327 1407 1489 1573 1658 1746 1834 1926 2017 2113
52 112 172 232 293 354 416 478 542 607 673 740 809 878 950 1022 1096 1171 1248 1327 1407 1489 1573 1658 1746 1835 1926 2017 2113
52 112 172 232 293 354 416 478 542 607 673 740 809 878 950 1022 1096 1171 1248 1327 1407 1489 1573 1658 1746 1835 1926 2017 2113
52 112 172 232 293 354 416 478 542 607 673 740 809 878 950 1022 1096 1172 1249 1327 1407 1489 1573 1658 1746 1835 1926 2017 2113
52 112 172 232 293 354 416 478 542 607 673 740 809 878 950 1022 1096 1172 1249 1327 1407 1489 1573 1658 1746 1835 1926 2017 2113
52 112 172 232 293 354 416 478 542 607 673 740 809 878 950 1022 1096 1172 1249 1327 1407 1489 1573 1658 1746 1835 1926 2017 2113
52 112 172 232 293 354 416 478 542 607 673 740 809 878 950 1022 1096 1172 1249 1327 1407 1489 1573 1658 1746 1835 1927 2017 2113
52 112 172 232 293 354 416 478 542 607 673 740 809 878 950 1022 1096 1172 1249 1327 1407 1489 1573 1658 1746 1835 1927 2017 2113
52 112 172 232 293 354 416 478 542 607 673 740 809 878 950 1022 1096 1172 1249 1327 1407 1489 1573 1658 1746 1835 1927 2017 2113
52 112 172 232 293 354 416 478 542 607 673 740 809 878 950 1022 1096 1172 1249 1327 1407 1489 1573 1658 1746 1835 1927 2017 2113
52 112 172 232 293 354 416 478 542 607 673 740 809 878 950 1022 1096 1172 1249 1327 1407 1489 1573 1658 1746 1835 1927 2017 2113
52 112 172 232 293 354 416 478 542 607 673 740 809 878 950 1022 1096 1172 1249 1327 1407 1489 1573 1658 1746 1835 1927 2017 2113
52 112 172 232 293 354 416 478 542 607 673 740 809 878 950 1022 1096 1172 1249 1327 1407 1489 1573 1658 1746 1835 1927 2018 2113
52 112 172 232 293 354 416 478 543 607 673 740 809 878 950 1022 1096 1172 1249 1327 1407 1490 1573 1658 1746 1835 1927 2018 2113
52 112 172 232 293 354 416 478 543 607 673 740 809 878 950 1022 1096 1172 1249 1327 1408 1490 1573 1658 1746 1835 1927 2018 2113
52 112 172 232 293 354 416 478 543 607 673 740 809 878 950 1022 1096 1172 1249 1327 1408 1490 1573 1658 1746 1835 1927 2018 2113
52 112 172 232 293 354 416 478 543 607 673 740 809 878 950 1022 1096 1172 1249 1327 1408 1490 1574 1658 1746 1835 1927 2018 2113
52 112 172 232 293 354 416 478 543 607 673 740 809 878 950 1022 1096 1172 1249 1327 1408 1490 1574 1658 1746 1835 1927 2018 2114
52 112 172 232 293 354 416 478 543 607 673 740 809 878 950 1022 1096 1172 1249 1327 1408 1490 1574 1658 1746 1835 1927 2018 2114
52 112 172 232 293 354 416 478 543 607 673 740 809 878 950 1022 1096 1172 1249 1327 1408 1490 1574 1658 1747 1835 1927 2018 2114
52 112 172 232 293 354 416 478 543 607 673 740 809 878 950 1022 1096 1172 1249 1327 1408 1490 1574 1658 1747 1835 1927 2018 2114
52 112 172 232 293 354 416 478 543 607 673 741 809 878 950 1022 1096 1172 1249 1327 1408 1490 1574 1658 1747 1835 1927 2018 2114
52 112 172 232 293 354 416 478 543 607 673 741 809 878 950 1022 1096 1172 1249 1328 1408 1490 1574 1658 1747 1835 1927 2018 2114
52 112 172 232 293 354 416 478 543 607 673 741 809 878 950 1022 1096 1172 1249 1328 1408 1490 1574 1659 1747 1836 1927 2018 2114
52 112 172 232 293 354 416 478 543 607 673 741 809 878 950 1022 1096 1172 1249 1328 1408 1490 1574 1659 1747 1836 1928 2018 2114
52 112 172 232 293 354 416 478 543 607 673 741 809 878 950 1022 1096 1172 1249 1328 1408 1490 1574 1659 1747 1836 1928 2018 2114
52 112 172 232 293 354 416 478 543 607 673 741 809 878 950 1022 1096 1172 1249 1328 1408 1490 1574 1659 1747 1836 1928 2018 2114
52 112 172 232 293 354 416 478 543 607 673 741 809 878 950 1022 1096 1172 1249 1328 1408 1490 1574 1659 1747 1836 1928 2018 2114
52 112 172 232 293 354 416 479 543 607 673 741 809 878 950 1022 1096 1172 1249 1328 1408 1490 1574 1659 1747 1836 1928 2018 2114
52 112 172 232 293 354 416 479 543 607 673 741 809 878 950 1022 1096 1172 1249 1328 1408 1490 1574 1659 1747 1836 1928 2018 2114
52 112 172 232 293 354 416 479 543 607 673 741 809 878 950 1022 1096 1172 1249 1328 1408 1490 1574 1659 1747 1836 1928 2018 2114
52 112 172 232 293 354 416 479 543 607 673 741 809 878 950 1022 1096 1172 1249 1328 1408 1490 1574 1659 1747 1836 1928 2018 2114
52 112 172 232 293 354 416 479 543 607 674 741 809 878 950 1022 1096 1172 1249 1328 1408 1490 1574 1659 1747 1836 1928 2018 2114
52 112 172 232 293 354 416 479 543 607 674 741 809 878 950 1022 1096 1172 1249 1328 1408 1490 1574 1659 1747 1836 1928 2019 2114
52 112 172 232 293 354 416 479 543 607 674 741 809 879 950 1022 1096 1172 1249 1328 1408 1490 1574 1659 1747 1836 1928 2019 2114
52 112 172 232 293 354 416 479 543 607 674 741 809 879 950 1022 1096 1172 1249 1328 1408 1490 1574 1659 1747 1836 1928 2019 2115
52 112 172 232 293 354 416 479 543 607 674 741 809 879 950 1022 1097 1172 1249 1328 1408 1490 1574 1659 1747 1836 1928 2019 2115
52 112 172 232 293 354 416 479 543 607 674 741 809 879 950 1022 1097 1172 1249 1328 1408 1490 1574 1659 1747 1836 1928 2019 2115
52 112 172 232 293 354 416 479 543 607 674 741 809 879 950 1022 1097 1172 1249 1328 1408 1490 1574 1659 1747 1836 1928 2019 2115
52 112 172 232 293 354 416 479 543 607 674 741 809 879 950 1022 1097 1172 1249 1328 1408 1490 1574 1659 1747 1836 1928 2019 2115
52 112 172 232 293 354 416 479 543 607 674 741 809 879 950 1022 1097 1172 1249 1328 1408 1490 1574 1659 1747 1836 1928 2019 2115
52 112 172 232 293 354 416 479 543 607 674 741 809 879 950 1023 1097 1172 1249 1328 1408 1491 1574 1659 1747 1836 1928 2019 2115
52 112 172 232 293 354 416 479 543 607 674 741 809 879 950 1023 1097 1172 1250 1328 1408 1491 1575 1659 1748 1836 1929 2019 2115
52 112 172 232 293 354 416 479 543 607 674 741 809 879 950 1023 1097 1172 1250 1328 1408 1491 1575 1659 1748 1836 1929 2019 2115
52 112 172 232 293 354 416 479 543 607 674 741 809 879 950 1023 1097 1172 1250 1328 1408 1491 1575 1659 1748 1836 1929 2019 2115
52 112 172 232 293 354 416 479 543 607 674 741 809 879 950 1023 1097 1173 1250 1328 1408 1491 1575 1659 1748 1837 1929 2019 2115
52 112 172 232 293 354 416 479 543 607 674 741 809 879 950 1023 1097 1173 1250 1328 1408 1491 1575 1660 1748 1837 1929 2019 2115
52 112 172 232 293 354 416 479 543 607 674 741 809 879 950 1023 1097 1173 1250 1328 1409 1491 1575 1660 1748 1837 1929 2019 2115
52 112 172 232 293 354 416 479 543 607 674 741 809 879 950 1023 1097 1173 1250 1328 1409 1491 1575 1660 1748 1837 1929 2019 2115
52 112 172 232 293 354 416 479 543 607 674 741 809 879 950 1023 1097 1173 1250 1328 1409 1491 1575 1660 1748 1837 1929 2019 2115
52 112 172 232 293 354 416 479 543 607 674 741 810 879 950 1023 1097 1173 1250 1328 1409 1491 1575 1660 1748 1837 1929 2019 2115
52 112 172 232 293 354 416 479 543 607 674 741 810 879 950 1023 1097 1173 1250 1328 1409 1491 1575 1660 1748 1837 1929 2019 2115
52 112 172 232 293 354 416 479 543 607 674 741 810 879 950 1023 1097 1173 1250 1328 1409 1491 1575 1660 1748 1837 1929 2019 2115
52 112 172 232 293 354 416 479 543 607 674 741 810 879 950 1023 1097 1173 1250 1328 1409 1491 1575 1660 1748 1837 1929 2019 2115
52 112 172 232 293 354 416 479 543 607 674 741 810 879 951 1023 1097 1173 1250 1328 1409 1491 1575 1660 1748 1837 1929 2020 2116
52 112 172 232 293 354 416 479 543 607 674 741 810 879 951 1023 1097 1173 1250 1329 1409 1491 1575 1660 1748 1837 1929 2020 2116
52 112 172 232 293 354 416 479 543 607 674 741 810 879 951 1023 1097 1173 1250 1329 1409 1491 1575 1660 1748 1837 1929 2020 2116
52 112 172 232 293 354 416 479 543 607 674 741 810 879 951 1023 1097 1173 1250 1329 1409 1491 1575 1660 1748 1837 1929 2020 2116
52 112 172 232 293 354 416 479 543 607 674 741 810 879 951 1023 1097 1173 1250 1329 1409 1491 1575 1660 1748 1837 1929 2020 2116
52 112 172 232 293 354 416 479 543 607 674 741 810 879 951 1023 1097 1173 1250 1329 1409 1491 1575 1660 1748 1837 1930 2020 2116
52 112 172 232 293 354 416 479 543 608 674 741 810 879 951 1023 1097 1173 1250 1329 1409 1491 1575 1660 1748 1837 1930 2020 2116
52 112 172 232 293 354 416 479 543 608 674 741 810 879 951 1023 1097 1173 1250 1329 1409 1491 1575 1660 1748 1837 1930 2020 2116
52 112 172 232 293 354 416 479 543 608 674 741 810 879 951 1023 1097 1173 1250 1329 1409 1491 1575 1660 1748 1837 1930 2020 2116
52 112 172 232 293 354 416 479 543 608 674 741 810 879 951 1023 1097 1173 1250 1329 1409 1491 1575 1660 1748 1837 1930 2020 2116
52 112 172 232 293 354 416 479 543 608 674 741 810 879 951 1023 1097 1173 1250 1329 1409 1491 1575 1660 1749 1837 1930 2020 2116
52 112 172 232 293 354 416 479 543 608 674 741 810 879 951 1023 1097 1173 1250 1329 1409 1491 1575 1660 1749 1837 1930 2020 2116
52 112 172 232 293 354 416 479 543 608 674 741 810 879 951 1023 1097 1173 1250 1329 1409 1491 1575 1660 1749 1837 1930 2020 2116
52 112 172 232 293 354 416 479 543 608 674 741 810 879 951 1023 1097 1173 1250 1329 1409 1492 1575 1660 1749 1838 1930 2020 2116
52 112 172 232 293 354 416 479 543 608 674 741 810 879 951 1023 1097 1173 1250 1329 1409 1492 1576 1661 1749 1838 1930 2020 2116
52 112 172 232 293 354 416 479 543 608 674 741 810 879 951 1023 1097 1173 1250 1329 1409 1492 1576 1661 1749 1838 1930 2020 2116
52 112 172 232 293 354 416 479 543 608 674 741 810 879 951 1023 1097 1173 1250 1329 1409 1492 1576 1661 1749 1838 1930 2020 2116
52 112 172 232 293 354 416 479 543 608 674 741 810 879 951 1023 1097 1173 1250 1329 1409 1492 1576 1661 1749 1838 1930 2020 2116
52 112 172 232 293 354 416 479 543 608 674 741 810 879 951 1023 1097 1173 1250 1329 1409 1492 1576 1661 1749 1838 1930 2020 2117
52 112 172 232 293 354 416 479 543 608 674 741 810 879 951 1023 1097 1173 1250 1329 1409 1492 1576 1661 1749 1838 1930 2020 2117
52 112 172 232 293 354 416 479 543 608 674 741 810 879 951 1023 1097 1173 1250 1329 1409 1492 1576 1661 1749 1838 1930 2020 2117
52 112 172 232 293 354 416 479 543 608 674 741 810 879 951 1023 1097 1173 1250 1329 1409 1492 1576 1661 1749 1838 1930 2021 2117
52 112 172 232 293 354 416 479 543 608 674 741 810 879 951 1023 1097 1173 1250 1329 1409 1492 1576 1661 1749 1838 1931 2021 2117
52 112 172 232 293 354 416 479 543 608 674 741 810 879 951 1023 1097 1173 1250 1329 1409 1492 1576 1661 1749 1838 1931 2021 2117
52 112 172 232 293 354 416 479 543 608 674 741 810 879 951 1023 1097 1173 1250 1329 1410 1492 1576 1661 1749 1838 1931 2021 2117
52 112 172 232 293 354 416 479 543 608 674 741 810 879 951 1023 1097 1173 1251 1329 1410 1492 1576 1661 1749 1838 1931 2021 2117
52 112 172 232 293 354 416 479 543 608 674 741 810 879 951 1023 1098 1173 1251 1329 1410 1492 1576 1661 1749 1838 1931 2021 2117
52 112 172 232 293 354 416 479 543 608 674 741 810 879 951 1023 1098 1173 1251 1329 1410 1492 1576 1661 1749 1838 1931 2021 2117
52 112 172 232 293 354 416 479 543 608 674 741 810 879 951 1023 1098 1173 1251 1329 1410 1492 1576 1661 1749 1838 1931 2021 2117
52 112 172 232 293 354 416 479 543 608 674 741 810 879 951 1023 1098 1173 1251 1329 1410 1492 1576 1661 1749 1838 1931 2021 2117
52 112 172 232 293 354 416 479 543 608 674 741 810 879 951 1023 1098 1173 1251 1329 1410 1492 1576 1661 1749 1838 1931 2021 2117
52 112 172 232 293 354 416 479 543 608 674 741 810 879 951 1023 1098 1174 1251 1329 1410 1492 1576 1661 1749 1838 1931 2021 2117
52 112 172 232 293 354 416 479 543 608 674 741 810 879 951 1023 1098 1174 1251 1329 1410 1492 1576 1661 1750 1838 1931 2021 2117
52 112 172 232 293 354 416 479 543 608 674 741 810 879 951 1023 1098 1174 1251 1329 1410 1492 1576 1661 1750 1838 1931 2021 2117
52 112 172 232 293 354 416 479 543 608 674 741 810 879 951 1024 1098 1174 1251 1330 1410 1492 1576 1661 1750 1839 1931 2021 2117
52 112 172 232 293 354 416 479 543 608 674 741 810 879 951 1024 1098 1174 1251 1330 1410 1492 1576 1661 1750 1839 1931 2021 2117
52 112 172 232 293 354 416 479 543 608 674 741 810 879 951 1024 1098 1174 1251 1330 1410 1492 1576 1661 1750 1839 1931 2021 2118
52 112 172 232 293 354 416 479 543 608 674 741 810 879 951 1024 1098 1174 1251 1330 1410 1492 1576 1662 1750 1839 1931 2021 2118
52 112 172 232 293 354 416 479 543 608 674 741 810 879 951 1024 1098 1174 1251 1330 1410 1492 1576 1662 1750 1839 1931 2021 2118
52 112 172 232 293 354 416 479 543 608 674 741 810 879 951 1024 1098 1174 1251 1330 1410 1493 1576 1662 1750 1839 1931 2021 2118
52 112 172 232 293 354 416 479 543 608 674 741 810 879 951 1024 1098 1174 1251 1330 1410 1493 1577 1662 1750 1839 1932 2021 2118
52 112 172 232 293 354 416 479 543 608 674 741 810 880 951 1024 1098 1174 1251 1330 1410 1493 1577 1662 1750 1839 1932 2021 2118
52 112 172 232 293 354 416 479 543 608 674 741 810 880 951 1024 1098 1174 1251 1330 1410 1493 1577 1662 1750 1839 1932 2022 2118
52 112 172 232 293 354 416 479 543 608 674 741 810 880 951 1024 1098 1174 1251 1330 1410 1493 1577 1662 1750 1839 1932 2022 2118
52 112 172 232 293 354 416 479 543 608 674 741 810 880 951 1024 1098 1174 1251 1330 1410 1493 1577 1662 1750 1839 1932 2022 2118
52 112 172 232 293 354 416 479 543 608 674 741 810 880 951 1024 1098 1174 1251 1330 1410 1493 1577 1662 1750 1839 1932 2022 2118
52 112 172 232 293 354 416 479 543 608 674 741 810 880 951 1024 1098 1174 1251 1330 1410 1493 1577 1662 1750 1839 1932 2022 2118
52 112 172 232 293 354 416 479 543 608 674 741 810 880 951 1024 1098 1174 1251 1330 1410 1493 1577 1662 1750 1839 1932 2022 2118
52 112 172 232 293 354 416 479 543 608 674 742 810 880 951 1024 1098 1174 1251 1330 1410 1493 1577 1662 1750 1839 1932 2022 2118
52 112 172 232 293 354 416 479 543 608 674 742 810 880 951 1024 1098 1174 1251 1330 1410 1493 1577 1662 1750 1839 1932 2022 2118
52 112 172 232 293 354 416 479 543 608 674 742 810 880 951 1024 1098 1174 1251 1330 1410 1493 1577 1662 1750 1839 1932 2022 2118
52 112 172 232 293 354 416 479 543 608 674 742 810 880 951 1024 1098 1174 1251 1330 1410 1493 1577 1662 1750 1839 1932 2022 2118
52 112 172 232 293 354 416 479 543 608 674 742 810 880 951 1024 1098 1174 1251 1330 1410 1493 1577 1662 1750 1839 1932 2022 2118
52 112 172 232 293 354 416 479 543 608 674 742 810 880 952 1024 1098 1174 1251 1330 1410 1493 1577 1662 1750 1839 1932 2022 2118
52 112 172 232 293 354 416 479 543 608 674 742 810 880 952 1024 1098 1174 1251 1330 1411 1493 1577 1662 1751 1839 1932 2022 2119
52 112 172 232 293 354 416 479 543 608 674 742 810 880 952 1024 1098 1174 1251 1330 1411 1493 1577 1662 1751 1840 1932 2022 2119
52 111 172 232 293 354 416 479 543 608 674 742 810 880 952 1024 1098 1174 1251 1330 1411 1493 1577 1662 1751 1840 1933 2022 2119
52 111 172 232 293 354 416 479 543 608 674 742 811 880 952 1024 1098 1174 1251 1330 1411 1493 1577 1662 1751 1840 1933 2022 2119
52 111 172 232 293 354 416 479 543 608 674 742 811 880 952 1024 1098 1174 1251 1330 1411 1493 1577 1663 1751 1840 1933 2022 2119
52 111 172 232 293 354 416 479 543 608 674 742 811 880 952 1024 1098 1174 1251 1330 1411 1493 1577 1663 1751 1840 1933 2022 2119
52 111 172 232 293 354 416 479 543 608 674 742 811 880 952 1024 1098 1174 1251 1330 1411 1493 1577 1663 1751 1840 1933 2022 2119
52 111 172 232 293 354 416 479 543 608 674 742 811 880 952 1024 1098 1174 1251 1330 1411 1493 1577 1663 1751 1840 1933 2022 2119
52 111 172 232 293 354 416 479 543 608 674 742 811 880 952 1024 1098 1174 1252 1330 1411 1493 1577 1663 1751 1840 1933 2023 2119
52 111 172 232 293 354 416 479 543 608 674 742 811 880 952 1024 1098 1174 1252 1330 1411 1493 1577 1663 1751 1840 1933 2023 2119
52 111 172 232 293 354 416 479 543 608 674 742 811 880 952 1024 1098 1174 1252 1330 1411 1494 1577 1663 1751 1840 1933 2023 2119
52 111 172 232 293 354 416 479 543 608 674 742 811 880 952 1024 1098 1174 1252 1330 1411 1494 1578 1663 1751 1840 1933 2023 2119
52 111 172 232 293 354 416 479 543 608 674 742 811 880 952 1024 1098 1174 1252 1331 1411 1494 1578 1663 1751 1840 1933 2023 2119
52 111 172 232 293 354 416 479 543 608 674 742 811 880 952 1024 1099 1174 1252 1331 1411 1494 1578 1663 1751 1840 1933 2023 2119
52 111 172 232 293 354 416 479 543 608 674 742 811 880 952 1024 1099 1174 1252 1331 1411 1494 1578 1663 1751 1840 1933 2023 2119
52 111 172 232 293 354 416 479 543 608 674 742 811 880 952 1024 1099 1175 1252 1331 1411 1494 1578 1663 1751 1840 1933 2023 2119
52 111 172 232 293 354 416 479 543 608 675 742 811 880 952 1024 1099 1175 1252 1331 1411 1494 1578 1663 1751 1840 1933 2023 2119
52 111 172 232 293 354 416 479 543 608 675 742 811 880 952 1024 1099 1175 1252 1331 1411 1494 1578 1663 1751 1840 1933 2023 2119
52 111 172 232 293 354 416 479 543 608 675 742 811 880 952 1024 1099 1175 1252 1331 1411 1494 1578 1663 1751 1840 1933 2023 2120
52 111 172 232 293 354 416 479 543 608 675 742 811 880 952 1024 1099 1175 1252 1331 1411 1494 1578 1663 1751 1840 1934 2023 2120
52 111 172 232 293 354 416 479 543 608 675 742 811 880 952 1024 1099 1175 1252 1331 1411 1494 1578 1663 1751 1840 1934 2023 2120
52 111 172 232 293 354 416 479 543 608 675 742 811 880 952 1024 1099 1175 1252 1331 1411 1494 1578 1663 1751 1840 1934 2023 2120
52 111 172 232 293 354 416 479 543 608 675 742 811 880 952 1024 1099 1175 1252 1331 1411 1494 1578 1663 1752 1841 1934 2023 2120
52 111 172 232 293 354 416 479 543 608 675 742 811 880 952 1024 1099 1175 1252 1331 1411 1494 1578 1663 1752 1841 1934 2023 2120
52 111 172 232 293 354 416 479 543 608 675 742 811 880 952 1024 1099 1175 1252 1331 1411 1494 1578 1663 1752 1841 1934 2023 2120
52 111 172 232 293 354 416 479 543 608 675 742 811 880 952 1025 1099 1175 1252 1331 1411 1494 1578 1663 1752 1841 1934 2023 2120
52 111 172 232 293 354 416 479 543 608 675 742 811 880 952 1025 1099 1175 1252 1331 1411 1494 1578 1664 1752 1841 1934 2023 2120
52 111 172 232 293 354 416 479 543 608 675 742 811 880 952 1025 1099 1175 1252 1331 1411 1494 1578 1664 1752 1841 1934 2023 2120
52 111 172 232 293 354 416 479 543 608 675 742 811 880 952 1025 1099 1175 1252 1331 1411 1494 1578 1664 1752 1841 1934 2023 2120
52 111 172 232 293 354 416 479 543 608 675 742 811 880 952 1025 1099 1175 1252 1331 1411 1494 1578 1664 1752 1841 1934 2024 2120
52 111 172 232 293 354 416 479 543 608 675 742 811 880 952 1025 1099 1175 1252 1331 1412 1494 1578 1664 1752 1841 1934 2024 2120
52 111 172 232 293 354 416 479 543 608 675 742 811 880 952 1025 1099 1175 1252 1331 1412 1494 1578 1664 1752 1841 1934 2024 2120
52 111 172 232 293 354 416 479 543 608 675 742 811 880 952 1025 1099 1175 1252 1331 1412 1494 1578 1664 1752 1841 1934 2024 2120
52 111 172 232 293 354 416 479 543 608 675 742 811 880 952 1025 1099 1175 1252 1331 1412 1494 1578 1664 1752 1841 1934 2024 2120
52 111 172 232 293 354 416 479 543 608 675 742 811 880 952 1025 1099 1175 1252 1331 1412 1495 1578 1664 1752 1841 1934 2024 2120
52 111 172 232 293 354 416 479 543 608 675 742 811 880 952 1025 1099 1175 1252 1331 1412 1495 1579 1664 1752 1841 1934 2024 2121
52 111 172 232 293 354 416 479 543 608 675 742 811 880 952 1025 1099 1175 1252 1331 1412 1495 1579 1664 1752 1841 1935 2024 2121
52 111 172 232 293 354 416 479 543 608 675 742 811 880 952 1025 1099 1175 1252 1331 1412 1495 1579 1664 1752 1841 1935 2024 2121
52 111 172 232 293 354 416 479 543 608 675 742 811 880 952 1025 1099 1175 1252 1331 1412 1495 1579 1664 1752 1841 1935 2024 2121
52 111 172 232 293 354 416 479 543 608 675 742 811 880 952 1025 1099 1175 1252 1331 1412 1495 1579 1664 1752 1841 1935 2024 2121
52 111 172 232 293 354 416 479 543 608 675 742 811 880 952 1025 1099 1175 1252 1331 1412 1495 1579 1664 1752 1841 1935 2024 2121
52 111 172 232 293 354 416 479 543 608 675 742 811 880 952 1025 1099 1175 1252 1331 1412 1495 1579 1664 1752 1841 1935 2024 2121
52 111 172 232 293 354 416 479 543 608 675 742 811 881 952 1025 1099 1175 1252 1331 1412 1495 1579 1664 1752 1841 1935 2024 2121
52 111 172 232 293 354 416 479 543 608 675 742 811 881 952 1025 1099 1175 1253 1332 1412 1495 1579 1664 1753 1842 1935 2024 2121
52 111 172 232 293 354 416 479 544 608 675 742 811 881 952 1025 1099 1175 1253 1332 1412 1495 1579 1664 1753 1842 1935 2024 2121
52 111 172 232 293 354 416 479 544 608 675 742 811 881 952 1025 1099 1175 1253 1332 1412 1495 1579 1664 1753 1842 1935 2024 2121
52 111 172 232 293 354 416 479 544 608 675 742 811 881 952 1025 1099 1175 1253 1332 1412 1495 1579 1664 1753 1842 1935 2024 2121
52 111 172 232 293 354 416 479 544 608 675 742 811 881 952 1025 1099 1175 1253 1332 1412 1495 1579 1665 1753 1842 1935 2024 2121
52 111 172 232 293 354 416 479 544 608 675 742 811 881 952 1025 1099 1175 1253 1332 1412 1495 1579 1665 1753 1842 1935 2024 2121
52 111 172 232 293 354 416 479 544 608 675 742 811 881 953 1025 1099 1175 1253 1332 1412 1495 1579 1665 1753 1842 1935 2025 2121
52 111 172 232 293 354 416 479 544 608 675 742 811 881 953 1025 1099 1175 1253 1332 1412 1495 1579 1665 1753 1842 1935 2025 2121
52 111 172 232 293 354 416 479 544 608 675 742 811 881 953 1025 1099 1176 1253 1332 1412 1495 1579 1665 1753 1842 1935 2025 2121
52 111 172 232 293 354 416 479 544 608 675 742 811 881 953 1025 1099 1176 1253 1332 1412 1495 1579 1665 1753 1842 1936 2025 2121
52 111 172 232 293 354 416 479 544 608 675 742 811 881 953 1025 1100 1176 1253 1332 1412 1495 1579 1665 1753 1842 1936 2025 2122
52 111 172 232 293 354 416 479 544 608 675 742 811 881 953 1025 1100 1176 1253 1332 1412 1495 1579 1665 1753 1842 1936 2025 2122
52 111 172 232 293 354 416 479 544 609 675 742 811 881 953 1025 1100 1176 1253 1332 1412 1495 1579 1665 1753 1842 1936 2025 2122
52 111 172 232 293 354 416 479 544 609 675 742 811 881 953 1025 1100 1176 1253 1332 1412 1495 1579 1665 1753 1842 1936 2025 2122
52 111 172 232 293 354 416 479 544 609 675 742 811 881 953 1025 1100 1176 1253 1332 1412 1495 1579 1665 1753 1842 1936 2025 2122
52 111 172 232 293 354 416 479 544 609 675 742 811 881 953 1025 1100 1176 1253 1332 1412 1495 1579 1665 1753 1842 1936 2025 2122
52 111 172 232 293 354 417 479 544 609 675 742 812 881 953 1025 1100 1176 1253 1332 1413 1496 1580 1665 1753 1842 1936 2025 2122
52 111 172 232 293 354 417 479 544 609 675 742 812 881 953 1025 1100 1176 1253 1332 1413 1496 1580 1665 1753 1842 1936 2025 2122
52 111 172 232 293 354 417 479 544 609 675 742 812 881 953 1025 1100 1176 1253 1332 1413 1496 1580 1665 1753 1842 1936 2025 2122
52 111 172 232 293 354 417 479 544 609 675 742 812 881 953 1025 1100 1176 1253 1332 1413 1496 1580 1665 1753 1842 1936 2025 2122
52 111 172 232 293 354 417 479 544 609 675 743 812 881 953 1025 1100 1176 1253 1332 1413 1496 1580 1665 1753 1843 1936 2025 2122
52 111 172 232 293 354 417 479 544 609 675 743 812 881 953 1025 1100 1176 1253 1332 1413 1496 1580 1665 1754 1843 1936 2025 2122
52 111 172 232 293 354 417 479 544 609 675 743 812 881 953 1025 1100 1176 1253 1332 1413 1496 1580 1665 1754 1843 1936 2025 2122
52 111 172 232 293 354 417 479 544 609 675 743 812 881 953 1025 1100 1176 1253 1332 1413 1496 1580 1665 1754 1843 1936 2025 2122
52 111 172 232 293 354 417 479 544 609 675 743 812 881 953 1025 1100 1176 1253 1332 1413 1496 1580 1666 1754 1843 1936 2025 2122
52 111 172 232 293 354 417 479 544 609 675 743 812 881 953 1026 1100 1176 1253 1332 1413 1496 1580 1666 1754 1843 1937 2025 2122
52 111 172 232 293 354 417 479 544 609 675 743 812 881 953 1026 1100 1176 1253 1332 1413 1496 1580 1666 1754 1843 1937 2026 2122
52 111 172 232 293 354 417 479 544 609 675 743 812 881 953 1026 1100 1176 1253 1332 1413 1496 1580 1666 1754 1843 1937 2026 2123
52 111 172 232 293 354 417 479 544 609 675 743 812 881 953 1026 1100 1176 1253 1332 1413 1496 1580 1666 1754 1843 1937 2026 2123
52 111 172 232 293 354 417 479 544 609 675 743 812 881 953 1026 1100 1176 1253 1332 1413 1496 1580 1666 1754 1843 1937 2026 2123
52 111 172 232 293 354 417 479 544 609 675 743 812 881 953 1026 1100 1176 1253 1333 1413 1496 1580 1666 1754 1843 1937 2026 2123
52 111 172 232 293 354 417 479 544 609 675 743 812 881 953 1026 1100 1176 1253 1333 1413 1496 1580 1666 1754 1843 1937 2026 2123
52 111 172 232 293 354 417 479 544 609 675 743 812 881 953 1026 1100 1176 1253 1333 1413 1496 1580 1666 1754 1843 1937 2026 2123
52 111 172 232 293 354 417 479 544 609 675 743 812 881 953 1026 1100 1176 1253 1333 1413 1496 1580 1666 1754 1843 1937 2026 2123
52 111 172 232 293 354 417 479 544 609 675 743 812 881 953 1026 1100 1176 1254 1333 1413 1496 1580 1666 1754 1843 1937 2026 2123
52 111 172 232 293 354 417 479 544 609 675 743 812 881 953 1026 1100 1176 1254 1333 1413 1496 1580 1666 1754 1843 1937 2026 2123
52 111 172 232 293 354 417 479 544 609 675 743 812 881 953 1026 1100 1176 1254 1333 1413 1496 1580 1666 1754 1843 1937 2026 2123
52 111 172 232 293 354 417 479 544 609 675 743 812 881 953 1026 1100 1176 1254 1333 1413 1496 1580 1666 1754 1843 1937 2026 2123
52 111 172 232 293 354 417 479 544 609 675 743 812 881 953 1026 1100 1176 1254 1333 1413 1496 1580 1666 1754 1843 1937 2026 2123
52 111 172 232 293 354 417 479 544 609 675 743 812 881 953 1026 1100 1176 1254 1333 1413 1497 1580 1666 1754 1843 1937 2026 2123
52 111 172 232 293 354 417 479 544 609 675 743 812 881 953 1026 1100 1176 1254 1333 1413 1497 1581 1666 1754 1844 1937 2026 2123
52 111 172 232 293 354 417 480 544 609 675 743 812 881 953 1026 1100 1176 1254 1333 1413 1497 1581 1666 1755 1844 1938 2026 2123
52 111 172 232 293 354 417 480 544 609 675 743 812 881 953 1026 1100 1176 1254 1333 1413 1497 1581 1666 1755 1844 1938 2026 2123
52 111 172 232 293 354 417 480 544 609 675 743 812 881 953 1026 1100 1176 1254 1333 1413 1497 1581 1666 1755 1844 1938 2026 2123
52 111 172 232 293 354 417 480 544 609 675 743 812 881 953 1026 1100 1177 1254 1333 1413 1497 1581 1666 1755 1844 1938 2026 2124
52 111 172 232 293 354 417 480 544 609 675 743 812 881 953 1026 1100 1177 1254 1333 1414 1497 1581 1667 1755 1844 1938 2026 2124
52 111 172 232 293 354 417 480 544 609 675 743 812 881 953 1026 1100 1177 1254 1333 1414 1497 1581 1667 1755 1844 1938 2027 2124
52 111 172 232 293 354 417 480 544 609 675 743 812 881 953 1026 1100 1177 1254 1333 1414 1497 1581 1667 1755 1844 1938 2027 2124
52 111 172 232 293 354 417 480 544 609 675 743 812 881 953 1026 1101 1177 1254 1333 1414 1497 1581 1667 1755 1844 1938 2027 2124
52 111 172 232 293 354 417 480 544 609 675 743 812 881 953 1026 1101 1177 1254 1333 1414 1497 1581 1667 1755 1844 1938 2027 2124
52 111 172 232 293 354 417 480 544 609 676 743 812 881 953 1026 1101 1177 1254 1333 1414 1497 1581 1667 1755 1844 1938 2027 2124
52 111 172 232 293 354 417 480 544 609 676 743 812 882 953 1026 1101 1177 1254 1333 1414 1497 1581 1667 1755 1844 1938 2027 2124
52 111 172 232 293 354 417 480 544 609 676 743 812 882 953 1026 1101 1177 1254 1333 1414 1497 1581 1667 1755 1844 1938 2027 2124
52 111 172 232 293 354 417 480 544 609 676 743 812 882 954 1026 1101 1177 1254 1333 1414 1497 1581 1667 1755 1844 1938 2027 2124
52 111 172 232 293 354 417 480 544 609 676 743 812 882 954 1026 1101 1177 1254 1333 1414 1497 1581 1667 1755 1844 1938 2027 2124
52 111 172 232 293 354 417 480 544 609 676 743 812 882 954 1026 1101 1177 1254 1333 1414 1497 1581 1667 1755 1844 1938 2027 2124
52 111 172 232 293 354 417 480 544 609 676 743 812 882 954 1026 1101 1177 1254 1333 1414 1497 1581 1667 1755 1844 1938 2027 2124
52 111 172 232 293 354 417 480 544 609 676 743 812 882 954 1026 1101 1177 1254 1333 1414 1497 1581 1667 1755 1844 1939 2027 2124
52 111 172 232 293 354 417 480 544 609 676 743 812 882 954 1026 1101 1177 1254 1333 1414 1497 1581 1667 1755 1844 1939 2027 2124
52 111 172 232 293 354 417 480 544 609 676 743 812 882 954 1026 1101 1177 1254 1334 1414 1497 1581 1667 1755 1844 1939 2027 2124
52 111 172 232 293 354 417 480 544 609 676 743 812 882 954 1026 1101 1177 1254 1334 1414 1497 1581 1667 1755 1845 1939 2027 2124
52 111 172 232 293 354 417 480 544 609 676 743 812 882 954 1026 1101 1177 1254 1334 1414 1497 1581 1667 1755 1845 1939 2027 2125
52 111 172 232 293 354 417 480 544 609 676 743 812 882 954 1026 1101 1177 1254 1334 1414 1498 1581 1667 1756 1845 1939 2027 2125
52 111 172 232 293 354 417 480 544 609 676 743 812 882 954 1026 1101 1177 1254 1334 1414 1498 1582 1667 1756 1845 1939 2027 2125
52 111 172 232 293 355 417 480 544 609 676 743 812 882 954 1026 1101 1177 1254 1334 1414 1498 1582 1667 1756 1845 1939 2027 2125
52 111 172 232 293 355 417 480 544 609 676 743 812 882 954 1027 1101 1177 1254 1334 1414 1498 1582 1668 1756 1845 1939 2027 2125
52 111 172 232 293 355 417 480 544 609 676 743 812 882 954 1027 1101 1177 1254 1334 1414 1498 1582 1668 1756 1845 1939 2028 2125
52 111 172 232 293 355 417 480 544 609 676 743 813 882 954 1027 1101 1177 1255 1334 1414 1498 1582 1668 1756 1845 1939 2028 2125
52 111 172 232 293 355 417 480 544 609 676 743 813 882 954 1027 1101 1177 1255 1334 1414 1498 1582 1668 1756 1845 1939 2028 2125
52 111 172 232 293 355 417 480 544 609 676 743 813 882 954 1027 1101 1177 1255 1334 1414 1498 1582 1668 1756 1845 1939 2028 2125
52 111 172 232 293 355 417 480 544 609 676 743 813 882 954 1027 1101 1177 1255 1334 1414 1498 1582 1668 1756 1845 1939 2028 2125
52 111 172 232 293 355 417 480 544 609 676 743 813 882 954 1027 1101 1177 1255 1334 1414 1498 1582 1668 1756 1845 1939 2028 2125
52 111 172 232 293 355 417 480 544 609 676 743 813 882 954 1027 1101 1177 1255 1334 1415 1498 1582 1668 1756 1845 1940 2028 2125
52 111 172 232 293 355 417 480 544 609 676 743 813 882 954 1027 1101 1177 1255 1334 1415 1498 1582 1668 1756 1845 1940 2028 2125
52 111 172 232 293 355 417 480 544 609 676 743 813 882 954 1027 1101 1177 1255 1334 1415 1498 1582 1668 1756 1845 1940 2028 2125
52 111 172 232 293 355 417 480 544 609 676 743 813 882 954 1027 1101 1177 1255 1334 1415 1498 1582 1668 1756 1845 1940 2028 2125
52 111 172 232 293 355 417 480 544 609 676 743 813 882 954 1027 1101 1177 1255 1334 1415 1498 1582 1668 1756 1845 1940 2028 2125
52 111 172 232 293 355 417 480 544 609 676 743 813 882 954 1027 1101 1177 1255 1334 1415 1498 1582 1668 1756 1845 1940 2028 2125
52 111 172 232 293 355 417 480 544 609 676 743 813 882 954 1027 1101 1178 1255 1334 1415 1498 1582 1668 1756 1845 1940 2028 2126
52 111 172 232 293 355 417 480 544 609 676 743 813 882 954 1027 1101 1178 1255 1334 1415 1498 1582 1668 1756 1845 1940 2028 2126
52 111 172 232 293 355 417 480 544 609 676 743 813 882 954 1027 1101 1178 1255 1334 1415 1498 1582 1668 1756 1846 1940 2028 2126
52 111 172 232 293 355 417 480 544 609 676 743 813 882 954 1027 1101 1178 1255 1334 1415 1498 1582 1668 1756 1846 1940 2028 2126
52 111 172 232 293 355 417 480 544 609 676 743 813 882 954 1027 1101 1178 1255 1334 1415 1498 1582 1668 1757 1846 1940 2028 2126
52 111 172 232 293 355 417 480 544 609 676 744 813 882 954 1027 1101 1178 1255 1334 1415 1498 1582 1668 1757 1846 1940 2028 2126
52 111 172 232 293 355 417 480 544 609 676 744 813 882 954 1027 1102 1178 1255 1334 1415 1498 1582 1668 1757 1846 1940 2028 2126
52 111 172 232 293 355 417 480 544 609 676 744 813 882 954 1027 1102 1178 1255 1334 1415 1499 1582 1669 1757 1846 1940 2029 2126
52 111 172 232 293 355 417 480 544 609 676 744 813 882 954 1027 1102 1178 1255 1334 1415 1499 1583 1669 1757 1846 1940 2029 2126
52 111 172 232 293 355 417 480 544 609 676 744 813 882 954 1027 1102 1178 1255 1334 1415 1499 1583 1669 1757 1846 1940 2029 2126
52 111 172 232 293 355 417 480 544 609 676 744 813 882 954 1027 1102 1178 1255 1335 1415 1499 1583 1669 1757 1846 1941 2029 2126
52 111 172 232 293 355 417 480 544 609 676 744 813 882 954 1027 1102 1178 1255 1335 1415 1499 1583 1669 1757 1846 1941 2029 2126
52 111 172 232 293 355 417 480 544 609 676 744 813 882 954 1027 1102 1178 1255 1335 1415 1499 1583 1669 1757 1846 1941 2029 2126
52 111 172 232 293 355 417 480 544 609 676 744 813 882 954 1027 1102 1178 1255 1335 1415 1499 1583 1669 1757 1846 1941 2029 2126
52 111 172 232 293 355 417 480 544 609 676 744 813 882 954 1027 1102 1178 1255 1335 1415 1499 1583 1669 1757 1846 1941 2029 2126
52 111 172 232 293 355 417 480 544 609 676 744 813 882 954 1027 1102 1178 1255 1335 1415 1499 1583 1669 1757 1846 1941 2029 2126
52 111 172 232 293 355 417 480 544 610 676 744 813 882 954 1027 1102 1178 1255 1335 1415 1499 1583 1669 1757 1846 1941 2029 2126
52 111 172 232 293 355 417 480 544 610 676 744 813 882 954 1027 1102 1178 1255 1335 1415 1499 1583 1669 1757 1846 1941 2029 2127
52 111 172 232 293 355 417 480 544 610 676 744 813 882 954 1027 1102 1178 1255 1335 1415 1499 1583 1669 1757 1846 1941 2029 2127
52 111 172 232 293 355 417 480 544 610 676 744 813 882 954 1027 1102 1178 1255 1335 1415 1499 1583 1669 1757 1846 1941 2029 2127
52 111 172 232 293 355 417 480 544 610 676 744 813 882 955 1027 1102 1178 1255 1335 1415 1499 1583 1669 1757 1846 1941 2029 2127
52 111 172 232 293 355 417 480 544 610 676 744 813 883 955 1027 1102 1178 1255 1335 1415 1499 1583 1669 1757 1847 1941 2029 2127
52 112 172 232 293 355 417 480 545 610 676 744 813 883 955 1027 1102 1178 1256 1335 1416 1499 1583 1669 1757 1847 1941 2029 2127
52 112 172 232 293 355 417 480 545 610 676 744 813 883 955 1027 1102 1178 1256 1335 1416 1499 1583 1669 1758 1847 1941 2029 2127
52 112 172 232 293 355 417 480 545 610 676 744 813 883 955 1027 1102 1178 1256 1335 1416 1499 1583 1669 1758 1847 1941 2029 2127
52 112 172 232 293 355 417 480 545 610 676 744 813 883 955 1027 1102 1178 1256 1335 1416 1499 1583 1669 1758 1847 1942 2029 2127
52 112 172 232 293 355 417 480 545 610 676 744 813 883 955 1028 1102 1178 1256 1335 1416 1499 1583 1670 1758 1847 1942 2029 2127
52 112 172 232 293 355 417 480 545 610 676 744 813 883 955 1028 1102 1178 1256 1335 1416 1499 1583 1670 1758 1847 1942 2030 2127
52 112 172 232 293 355 417 480 545 610 676 744 813 883 955 1028 1102 1178 1256 1335 1416 1499 1583 1670 1758 1847 1942 2030 2127
52 112 172 232 293 355 417 480 545 610 676 744 813 883 955 1028 1102 1178 1256 1335 1416 1500 1583 1670 1758 1847 1942 2030 2127
52 112 172 232 293 355 417 480 545 610 676 744 813 883 955 1028 1102 1178 1256 1335 1416 1500 1583 1670 1758 1847 1942 2030 2127
52 112 172 232 293 355 417 480 545 610 676 744 813 883 955 1028 1102 1178 1256 1335 1416 1500 1584 1670 1758 1847 1942 2030 2127
52 112 172 232 293 355 417 480 545 610 676 744 813 883 955 1028 1102 1178 1256 1335 1416 1500 1584 1670 1758 1847 1942 2030 2127
52 112 172 232 293 355 417 480 545 610 676 744 813 883 955 1028 1102 1178 1256 1335 1416 1500 1584 1670 1758 1847 1942 2030 2127
52 112 172 232 293 355 417 480 545 610 676 744 813 883 955 1028 1102 1179 1256 1335 1416 1500 1584 1670 1758 1847 1942 2030 2128
52 112 172 232 293 355 417 480 545 610 676 744 813 883 955 1028 1102 1179 1256 1335 1416 1500 1584 1670 1758 1847 1942 2030 2128
52 112 172 232 293 355 417 480 545 610 676 744 814 883 955 1028 1102 1179 1256 1335 1416 1500 1584 1670 1758 1847 1942 2030 2128
52 112 172 232 293 355 417 480 545 610 676 744 814 883 955 1028 1102 1179 1256 1335 1416 1500 1584 1670 1758 1847 1942 2030 2128
52 112 172 232 293 355 417 480 545 610 676 744 814 883 955 1028 1102 1179 1256 1336 1416 1500 1584 1670 1758 1847 1942 2030 2128
52 112 172 232 293 355 417 480 545 610 677 744 814 883 955 1028 1102 1179 1256 1336 1416 1500 1584 1670 1758 1847 1942 2030 2128
52 112 172 232 293 355 417 480 545 610 677 744 814 883 955 1028 1102 1179 1256 1336 1416 1500 1584 1670 1758 1847 1943 2030 2128
52 112 172 232 293 355 417 480 545 610 677 744 814 883 955 1028 1102 1179 1256 1336 1416 1500 1584 1670 1758 1848 1943 2030 2128
52 112 172 232 293 355 417 480 545 610 677 744 814 883 955 1028 1103 1179 1256 1336 1416 1500 1584 1670 1758 1848 1943 2030 2128
52 112 172 232 293 355 417 480 545 610 677 744 814 883 955 1028 1103 1179 1256 1336 1416 1500 1584 1670 1759 1848 1943 2030 2128
52 112 172 232 293 355 417 480 545 610 677 744 814 883 955 1028 1103 1179 1256 1336 1416 1500 1584 1670 1759 1848 1943 2030 2128
52 112 172 232 293 355 417 480 545 610 677 744 814 883 955 1028 1103 1179 1256 1336 1416 1500 1584 1671 1759 1848 1943 2030 2128
52 112 172 232 293 355 417 480 545 610 677 744 814 883 955 1028 1103 1179 1256 1336 1416 1500 1584 1671 1759 1848 1943 2031 2128
52 112 172 232 293 355 417 480 545 610 677 744 814 883 955 1028 1103 1179 1256 1336 1416 1500 1584 1671 1759 1848 1943 2031 2128
52 112 172 232 293 355 417 480 545 610 677 744 814 883 955 1028 1103 1179 1256 1336 1417 1500 1584 1671 1759 1848 1943 2031 2128
52 112 172 232 293 355 417 480 545 610 677 744 814 883 955 1028 1103 1179 1256 1336 1417 1500 1584 1671 1759 1848 1943 2031 2128
52 112 172 232 293 355 417 480 545 610 677 744 814 883 955 1028 1103 1179 1256 1336 1417 1500 1584 1671 1759 1848 1943 2031 2129
52 112 172 232 293 355 417 480 545 610 677 744 814 883 955 1028 1103 1179 1256 1336 1417 1501 1584 1671 1759 1848 1943 2031 2129
52 112 172 232 293 355 417 480 545 610 677 744 814 883 955 1028 1103 1179 1256 1336 1417 1501 1584 1671 1759 1848 1943 2031 2129
52 112 172 232 293 355 417 480 545 610 677 744 814 883 955 1028 1103 1179 1256 1336 1417 1501 1585 1671 1759 1848 1943 2031 2129
52 112 172 232 293 355 417 480 545 610 677 744 814 883 955 1028 1103 1179 1257 1336 1417 1501 1585 1671 1759 1848 1943 2031 2129
52 112 172 232 293 355 417 480 545 610 677 744 814 883 955 1028 1103 1179 1257 1336 1417 1501 1585 1671 1759 1848 1944 2031 2129
52 112 172 232 293 355 417 480 545 610 677 744 814 883 955 1028 1103 1179 1257 1336 1417 1501 1585 1671 1759 1848 1944 2031 2129
52 112 172 232 293 355 417 480 545 610 677 744 814 883 955 1028 1103 1179 1257 1336 1417 1501 1585 1671 1759 1848 1944 2031 2129
52 112 172 233 293 355 417 480 545 610 677 744 814 883 955 1028 1103 1179 1257 1336 1417 1501 1585 1671 1759 1848 1944 2031 2129
52 112 172 233 293 355 417 480 545 610 677 744 814 883 955 1028 1103 1179 1257 1336 1417 1501 1585 1671 1759 1848 1944 2031 2129
52 112 172 233 293 355 417 480 545 610 677 744 814 883 955 1028 1103 1179 1257 1336 1417 1501 1585 1671 1759 1849 1944 2031 2129
52 112 172 233 293 355 417 480 545 610 677 745 814 883 955 1028 1103 1179 1257 1336 1417 1501 1585 1671 1759 1849 1944 2031 2129
52 112 172 233 293 355 417 480 545 610 677 745 814 883 955 1028 1103 1179 1257 1336 1417 1501 1585 1671 1760 1849 1944 2031 2129
52 112 172 233 293 355 417 480 545 610 677 745 814 883 956 1029 1103 1179 1257 1336 1417 1501 1585 1671 1760 1849 1944 2031 2129
52 112 172 233 293 355 417 480 545 610 677 745 814 883 956 1029 1103 1179 1257 1336 1417 1501 1585 1672 1760 1849 1944 2031 2129
52 112 172 233 293 355 417 480 545 610 677 745 814 883 956 1029 1103 1179 1257 1337 1417 1501 1585 1672 1760 1849 1944 2032 2129
52 112 172 233 293 355 418 480 545 610 677 745 814 884 956 1029 1103 1180 1257 1337 1417 1501 1585 1672 1760 1849 1944 2032 2129
52 112 172 233 293 355 418 480 545 610 677 745 814 884 956 1029 1103 1180 1257 1337 1417 1501 1585 1672 1760 1849 1944 2032 2130
52 112 172 233 294 355 418 480 545 610 677 745 814 884 956 1029 1103 1180 1257 1337 1417 1501 1585 1672 1760 1849 1944 2032 2130
52 112 172 233 294 355 418 481 545 610 677 745 814 884 956 1029 1103 1180 1257 1337 1417 1501 1585 1672 1760 1849 1944 2032 2130
52 112 172 233 294 355 418 481 545 610 677 745 814 884 956 1029 1103 1180 1257 1337 1417 1501 1585 1672 1760 1849 1945 2032 2130
52 112 172 233 294 355 418 481 545 610 677 745 814 884 956 1029 1103 1180 1257 1337 1417 1501 1585 1672 1760 1849 1945 2032 2130
52 112 172 233 294 355 418 481 545 610 677 745 814 884 956 1029 1103 1180 1257 1337 1417 1501 1585 1672 1760 1849 1945 2032 2130
52 112 172 233 294 355 418 481 545 610 677 745 814 884 956 1029 1103 1180 1257 1337 1417 1502 1585 1672 1760 1849 1945 2032 2130
52 112 172 233 294 355 418 481 545 610 677 745 814 884 956 1029 1103 1180 1257 1337 1418 1502 1585 1672 1760 1849 1945 2032 2130
52 112 172 233 294 355 418 481 545 610 677 745 814 884 956 1029 1103 1180 1257 1337 1418 1502 1586 1672 1760 1849 1945 2032 2130
52 112 172 233 294 355 418 481 545 610 677 745 814 884 956 1029 1104 1180 1257 1337 1418 1502 1586 1672 1760 1849 1945 2032 2130
52 112 172 233 294 355 418 481 545 610 677 745 814 884 956 1029 1104 1180 1257 1337 1418 1502 1586 1672 1760 1849 1945 2032 2130
52 112 172 233 294 355 418 481 545 610 677 745 814 884 956 1029 1104 1180 1257 1337 1418 1502 1586 1672 1760 1850 1945 2032 2130
52 112 172 233 294 355 418 481 545 610 677 745 814 884 956 1029 1104 1180 1257 1337 1418 1502 1586 1672 1760 1850 1945 2032 2130
52 112 172 233 294 355 418 481 545 610 677 745 814 884 956 1029 1104 1180 1257 1337 1418 1502 1586 1672 1760 1850 1945 2032 2130
52 112 172 233 294 355 418 481 545 610 677 745 815 884 956 1029 1104 1180 1257 1337 1418 1502 1586 1672 1761 1850 1945 2032 2130
52 112 172 233 294 355 418 481 545 610 677 745 815 884 956 1029 1104 1180 1257 1337 1418 1502 1586 1672 1761 1850 1945 2032 2130
52 112 172 233 294 355 418 481 545 610 677 745 815 884 956 1029 1104 1180 1257 1337 1418 1502 1586 1673 1761 1850 1945 2032 2131
52 112 172 233 294 355 418 481 545 610 677 745 815 884 956 1029 1104 1180 1257 1337 1418 1502 1586 1673 1761 1850 1945 2033 2131
52 112 172 233 294 355 418 481 545 610 677 745 815 884 956 1029 1104 1180 1258 1337 1418 1502 1586 1673 1761 1850 1946 2033 2131
52 112 172 233 294 355 418 481 545 610 677 745 815 884 956 1029 1104 1180 1258 1337 1418 1502 1586 1673 1761 1850 1946 2033 2131
52 112 172 233 294 355 418 481 545 611 677 745 815 884 956 1029 1104 1180 1258 1337 1418 1502 1586 1673 1761 1850 1946 2033 2131
52 112 172 233 294 355 418 481 545 611 677 745 815 884 956 1029 1104 1180 1258 1337 1418 1502 1586 1673 1761 1850 1946 2033 2131
52 112 172 233 294 355 418 481 545 611 677 745 815 884 956 1029 1104 1180 1258 1337 1418 1502 1586 1673 1761 1850 1946 2033 2131
52 112 172 233 294 355 418 481 545 611 677 745 815 884 956 1029 1104 1180 1258 1337 1418 1502 1586 1673 1761 1850 1946 2033 2131
52 112 172 233 294 355 418 481 545 611 677 745 815 884 956 1029 1104 1180 1258 1337 1418 1502 1586 1673 1761 1850 1946 2033 2131
52 112 172 233 294 355 418 481 545 611 677 745 815 884 956 1029 1104 1180 1258 1338 1418 1502 1586 1673 1761 1850 1946 2033 2131
52 112 172 233 294 355 418 481 545 611 677 745 815 884 956 1029 1104 1180 1258 1338 1418 1502 1586 1673 1761 1850 1946 2033 2131
52 112 172 233 294 355 418 481 545 611 677 745 815 884 956 1029 1104 1180 1258 1338 1418 1503 1586 1673 1761 1850 1946 2033 2131
52 112 172 233 294 355 418 481 545 611 677 745 815 884 956 1029 1104 1180 1258 1338 1418 1503 1586 1673 1761 1850 1946 2033 2131
52 112 172 233 294 355 418 481 545 611 677 745 815 884 956 1029 1104 1180 1258 1338 1418 1503 1586 1673 1761 1850 1946 2033 2131
52 112 172 233 294 355 418 481 545 611 677 745 815 884 956 1029 1104 1180 1258 1338 1418 1503 1587 1673 1761 1851 1946 2033 2131
52 112 172 233 294 355 418 481 545 611 677 745 815 884 956 1029 1104 1181 1258 1338 1418 1503 1587 1673 1761 1851 1946 2033 2131
52 112 172 233 294 355 418 481 545 611 678 745 815 884 956 1030 1104 1181 1258 1338 1418 1503 1587 1673 1761 1851 1946 2033 2132
52 112 172 233 294 355 418 481 545 611 678 745 815 884 956 1030 1104 1181 1258 1338 1419 1503 1587 1673 1762 1851 1947 2033 2132
52 112 172 233 294 355 418 481 545 611 678 745 815 884 956 1030 1104 1181 1258 1338 1419 1503 1587 1674 1762 1851 1947 2033 2132
52 112 172 233 294 355 418 481 545 611 678 745 815 884 956 1030 1104 1181 1258 1338 1419 1503 1587 1674 1762 1851 1947 2033 2132
52 112 172 233 294 355 418 481 546 611 678 745 815 884 957 1030 1104 1181 1258 1338 1419 1503 1587 1674 1762 1851 1947 2034 2132
52 112 172 233 294 355 418 481 546 611 678 745 815 884 957 1030 1104 1181 1258 1338 1419 1503 1587 1674 1762 1851 1947 2034 2132
52 112 172 233 294 355 418 481 546 611 678 745 815 884 957 1030 1104 1181 1258 1338 1419 1503 1587 1674 1762 1851 1947 2034 2132
52 112 172 233 294 355 418 481 546 611 678 745 815 884 957 1030 1104 1181 1258 1338 1419 1503 1587 1674 1762 1851 1947 2034 2132
52 112 172 233 294 355 418 481 546 611 678 745 815 884 957 1030 1104 1181 1258 1338 1419 1503 1587 1674 1762 1851 1947 2034 2132
52 112 172 233 294 355 418 481 546 611 678 745 815 884 957 1030 1104 1181 1258 1338 1419 1503 1587 1674 1762 1851 1947 2034 2132
52 112 172 233 294 355 418 481 546 611 678 745 815 884 957 1030 1105 1181 1258 1338 1419 1503 1587 1674 1762 1851 1947 2034 2132
52 112 172 233 294 356 418 481 546 611 678 745 815 885 957 1030 1105 1181 1258 1338 1419 1503 1587 1674 1762 1851 1947 2034 2132
52 112 172 233 294 356 418 481 546 611 678 745 815 885 957 1030 1105 1181 1258 1338 1419 1503 1587 1674 1762 1851 1947 2034 2132
52 112 172 233 294 356 418 481 546 611 678 745 815 885 957 1030 1105 1181 1258 1338 1419 1503 1587 1674 1762 1851 1947 2034 2132
52 112 172 233 294 356 418 481 546 611 678 745 815 885 957 1030 1105 1181 1258 1338 1419 1503 1587 1674 1762 1851 1947 2034 2132
52 112 172 233 294 356 418 481 546 611 678 746 815 885 957 1030 1105 1181 1258 1338 1419 1503 1587 1674 1762 1851 1948 2034 2132
52 112 172 233 294 356 418 481 546 611 678 746 815 885 957 1030 1105 1181 1259 1338 1419 1504 1587 1674 1762 1851 1948 2034 2133
52 112 172 233 294 356 418 481 546 611 678 746 815 885 957 1030 1105 1181 1259 1338 1419 1504 1587 1674 1762 1852 1948 2034 2133
52 112 172 233 294 356 418 481 546 611 678 746 815 885 957 1030 1105 1181 1259 1338 1419 1504 1587 1674 1762 1852 1948 2034 2133
52 112 172 233 294 356 418 481 546 611 678 746 815 885 957 1030 1105 1181 1259 1338 1419 1504 1588 1674 1762 1852 1948 2034 2133
52 112 172 233 294 356 418 481 546 611 678 746 815 885 957 1030 1105 1181 1259 1339 1419 1504 1588 1675 1763 1852 1948 2034 2133
52 112 172 233 294 356 418 481 546 611 678 746 815 885 957 1030 1105 1181 1259 1339 1419 1504 1588 1675 1763 1852 1948 2034 2133
52 112 172 233 294 356 418 481 546 611 678 746 815 885 957 1030 1105 1181 1259 1339 1419 1504 1588 1675 1763 1852 1948 2034 2133
52 112 172 233 294 356 418 481 546 611 678 746 815 885 957 1030 1105 1181 1259 1339 1419 1504 1588 1675 1763 1852 1948 2035 2133
52 112 172 233 294 356 418 481 546 611 678 746 816 885 957 1030 1105 1181 1259 1339 1419 1504 1588 1675 1763 1852 1948 2035 2133
52 112 172 233 294 356 418 481 546 611 678 746 816 885 957 1030 1105 1181 1259 1339 1419 1504 1588 1675 1763 1852 1948 2035 2133
52 112 172 233 294 356 418 481 546 611 678 746 816 885 957 1030 1105 1181 1259 1339 1420 1504 1588 1675 1763 1852 1948 2035 2133
52 112 172 233 294 356 418 481 546 611 678 746 816 885 957 1030 1105 1181 1259 1339 1420 1504 1588 1675 1763 1852 1948 2035 2133
52 112 172 233 294 356 418 481 546 611 678 746 816 885 957 1030 1105 1181 1259 1339 1420 1504 1588 1675 1763 1852 1948 2035 2133
52 112 172 233 294 356 418 481 546 611 678 746 816 885 957 1030 1105 1182 1259 1339 1420 1504 1588 1675 1763 1852 1949 2035 2133
52 112 172 233 294 356 418 481 546 611 678 746 816 885 957 1030 1105 1182 1259 1339 1420 1504 1588 1675 1763 1852 1949 2035 2133
52 112 172 233 294 356 418 481 546 611 678 746 816 885 957 1030 1105 1182 1259 1339 1420 1504 1588 1675 1763 1852 1949 2035 2133
52 112 172 233 294 356 418 481 546 611 678 746 816 885 957 1030 1105 1182 1259 1339 1420 1504 1588 1675 1763 1852 1949 2035 2134
52 112 172 233 294 356 418 481 546 611 678 746 816 885 957 1030 1105 1182 1259 1339 1420 1504 1588 1675 1763 1852 1949 2035 2134
52 112 172 233 294 356 418 481 546 611 678 746 816 885 957 1030 1105 1182 1259 1339 1420 1504 1588 1675 1763 1852 1949 2035 2134
52 112 172 233 294 356 418 481 546 611 678 746 816 885 957 1031 1105 1182 1259 1339 1420 1504 1588 1675 1763 1853 1949 2035 2134
52 112 172 233 294 356 418 481 546 611 678 746 816 885 957 1031 1105 1182 1259 1339 1420 1504 1588 1675 1763 1853 1949 2035 2134
52 112 172 233 294 356 418 481 546 611 678 746 816 885 957 1031 1105 1182 1259 1339 1420 1505 1588 1675 1763 1853 1949 2035 2134
52 112 172 233 294 356 418 481 546 611 678 746 816 885 957 1031 1105 1182 1259 1339 1420 1505 1588 1676 1763 1853 1949 2035 2134
52 112 172 233 294 356 418 481 546 611 678 746 816 885 957 1031 1105 1182 1259 1339 1420 1505 1588 1676 1764 1853 1949 2035 2134
52 112 172 233 294 356 418 481 546 611 678 746 816 885 957 1031 1105 1182 1259 1339 1420 1505 1589 1676 1764 1853 1949 2035 2134
52 112 172 233 294 356 418 481 546 611 678 746 816 885 957 1031 1105 1182 1259 1339 1420 1505 1589 1676 1764 1853 1949 2035 2134
52 112 172 233 294 356 418 481 546 611 678 746 816 885 957 1031 1105 1182 1259 1339 1420 1505 1589 1676 1764 1853 1949 2036 2134
52 112 172 233 294 356 418 481 546 611 678 746 816 885 958 1031 1106 1182 1259 1339 1420 1505 1589 1676 1764 1853 1949 2036 2134
52 112 172 233 294 356 418 481 546 611 678 746 816 885 958 1031 1106 1182 1259 1339 1420 1505 1589 1676 1764 1853 1950 2036 2134
52 112 172 233 294 356 418 481 546 611 678 746 816 885 958 1031 1106 1182 1259 1339 1420 1505 1589 1676 1764 1853 1950 2036 2134
52 112 172 233 294 356 418 481 546 611 678 746 816 885 958 1031 1106 1182 1260 1340 1420 1505 1589 1676 1764 1853 1950 2036 2134
52 112 172 233 294 356 418 481 546 611 678 746 816 885 958 1031 1106 1182 1260 1340 1420 1505 1589 1676 1764 1853 1950 2036 2134
52 112 172 233 294 356 418 481 546 611 678 746 816 885 958 1031 1106 1182 1260 1340 1420 1505 1589 1676 1764 1853 1950 2036 2135
52 112 172 233 294 356 418 481 546 611 678 746 816 885 958 1031 1106 1182 1260 1340 1420 1505 1589 1676 1764 1853 1950 2036 2135
52 112 172 233 294 356 418 481 546 611 678 746 816 885 958 1031 1106 1182 1260 1340 1420 1505 1589 1676 1764 1853 1950 2036 2135
52 112 172 233 294 356 418 481 546 612 678 746 816 885 958 1031 1106 1182 1260 1340 1421 1505 1589 1676 1764 1853 1950 2036 2135
52 112 172 233 294 356 418 481 546 612 678 746 816 886 958 1031 1106 1182 1260 1340 1421 1505 1589 1676 1764 1853 1950 2036 2135
52 112 172 233 294 356 418 481 546 612 678 746 816 886 958 1031 1106 1182 1260 1340 1421 1505 1589 1676 1764 1854 1950 2036 2135
52 112 172 233 294 356 418 481 546 612 678 746 816 886 958 1031 1106 1182 1260 1340 1421 1505 1589 1676 1764 1854 1950 2036 2135
52 112 172 233 294 356 418 482 546 612 679 746 816 886 958 1031 1106 1182 1260 1340 1421 1505 1589 1676 1764 1854 1950 2036 2135
52 112 172 233 294 356 418 482 546 612 679 746 816 886 958 1031 1106 1182 1260 1340 1421 1505 1589 1677 1764 1854 1950 2036 2135
52 112 172 233 294 356 418 482 546 612 679 746 816 886 958 1031 1106 1182 1260 1340 1421 1506 1589 1677 1765 1854 1950 2036 2135
52 112 172 233 294 356 418 482 546 612 679 746 816 886 958 1031 1106 1182 1260 1340 1421 1506 1589 1677 1765 1854 1951 2036 2135
52 112 172 233 294 356 418 482 546 612 679 746 816 886 958 1031 1106 1183 1260 1340 1421 1506 1589 1677 1765 1854 1951 2036 2135
52 112 172 233 294 356 418 482 546 612 679 746 816 886 958 1031 1106 1183 1260 1340 1421 1506 1589 1677 1765 1854 1951 2037 2135
52 112 172 233 294 356 418 482 546 612 679 746 816 886 958 1031 1106 1183 1260 1340 1421 1506 1590 1677 1765 1854 1951 2037 2135
52 112 172 233 294 356 419 482 546 612 679 746 816 886 958 1031 1106 1183 1260 1340 1421 1506 1590 1677 1765 1854 1951 2037 2135
52 112 172 233 294 356 419 482 546 612 679 746 816 886 958 1031 1106 1183 1260 1340 1421 1506 1590 1677 1765 1854 1951 2037 2135
52 112 172 233 294 356 419 482 546 612 679 747 816 886 958 1031 1106 1183 1260 1340 1421 1506 1590 1677 1765 1854 1951 2037 2136
52 112 172 233 294 356 419 482 546 612 679 747 817 886 958 1031 1106 1183 1260 1340 1421 1506 1590 1677 1765 1854 1951 2037 2136
52 112 172 233 294 356 419 482 546 612 679 747 817 886 958 1031 1106 1183 1260 1340 1421 1506 1590 1677 1765 1854 1951 2037 2136
52 112 172 233 294 356 419 482 546 612 679 747 817 886 958 1031 1106 1183 1260 1340 1421 1506 1590 1677 1765 1854 1951 2037 2136
52 112 172 233 294 356 419 482 546 612 679 747 817 886 958 1032 1106 1183 1260 1340 1421 1506 1590 1677 1765 1854 1951 2037 2136
52 112 172 233 294 356 419 482 546 612 679 747 817 886 958 1032 1106 1183 1260 1340 1421 1506 1590 1677 1765 1854 1951 2037 2136
52 112 172 233 294 356 419 482 546 612 679 747 817 886 958 1032 1106 1183 1260 1340 1421 1506 1590 1677 1765 1854 1951 2037 2136
52 112 172 233 294 356 419 482 546 612 679 747 817 886 958 1032 1106 1183 1260 1341 1421 1506 1590 1677 1765 1855 1951 2037 2136
52 112 172 233 294 356 419 482 546 612 679 747 817 886 958 1032 1106 1183 1260 1341 1421 1506 1590 1677 1765 1855 1952 2037 2136
52 112 173 233 294 356 419 482 546 612 679 747 817 886 958 1032 1106 1183 1260 1341 1421 1506 1590 1678 1765 1855 1952 2037 2136
52 112 173 233 294 356 419 482 546 612 679 747 817 886 958 1032 1107 1183 1260 1341 1421 1506 1590 1678 1765 1855 1952 2037 2136
52 112 173 233 294 356 419 482 547 612 679 747 817 886 958 1032 1107 1183 1261 1341 1421 1506 1590 1678 1766 1855 1952 2037 2136
52 112 173 233 294 356 419 482 547 612 679 747 817 886 958 1032 1107 1183 1261 1341 1422 1506 1590 1678 1766 1855 1952 2037 2136
52 112 173 233 294 356 419 482 547 612 679 747 817 886 958 1032 1107 1183 1261 1341 1422 1507 1590 1678 1766 1855 1952 2037 2136
52 112 173 233 294 356 419 482 547 612 679 747 817 886 958 1032 1107 1183 1261 1341 1422 1507 1590 1678 1766 1855 1952 2037 2136
52 112 173 233 294 356 419 482 547 612 679 747 817 886 958 1032 1107 1183 1261 1341 1422 1507 1590 1678 1766 1855 1952 2038 2137
52 112 173 233 294 356 419 482 547 612 679 747 817 886 958 1032 1107 1183 1261 1341 1422 1507 1590 1678 1766 1855 1952 2038 2137
52 112 173 233 294 356 419 482 547 612 679 747 817 886 959 1032 1107 1183 1261 1341 1422 1507 1590 1678 1766 1855 1952 2038 2137
52 112 173 233 294 356 419 482 547 612 679 747 817 886 959 1032 1107 1183 1261 1341 1422 1507 1591 1678 1766 1855 1952 2038 2137
52 112 173 233 294 356 419 482 547 612 679 747 817 886 959 1032 1107 1183 1261 1341 1422 1507 1591 1678 1766 1855 1952 2038 2137
52 112 173 234 294 356 419 482 547 612 679 747 817 886 959 1032 1107 1183 1261 1341 1422 1507 1591 1678 1766 1855 1952 2038 2137
52 112 173 234 294 356 419 482 547 612 679 747 817 886 959 1032 1107 1183 1261 1341 1422 1507 1591 1678 1766 1855 1952 2038 2137
52 112 173 234 294 356 419 482 547 612 679 747 817 886 959 1032 1107 1183 1261 1341 1422 1507 1591 1678 1766 1855 1953 2038 2137
52 112 173 234 294 356 419 482 547 612 679 747 817 886 959 1032 1107 1183 1261 1341 1422 1507 1591 1678 1766 1855 1953 2038 2137
52 112 173 234 294 356 419 482 547 612 679 747 817 886 959 1032 1107 1183 1261 1341 1422 1507 1591 1678 1766 1855 1953 2038 2137
52 112 173 234 294 356 419 482 547 612 679 747 817 886 959 1032 1107 1184 1261 1341 1422 1507 1591 1678 1766 1856 1953 2038 2137
52 112 173 234 294 356 419 482 547 612 679 747 817 886 959 1032 1107 1184 1261 1341 1422 1507 1591 1678 1766 1856 1953 2038 2137
52 112 173 234 294 356 419 482 547 612 679 747 817 887 959 1032 1107 1184 1261 1341 1422 1507 1591 1679 1766 1856 1953 2038 2137
52 112 173 234 294 356 419 482 547 612 679 747 817 887 959 1032 1107 1184 1261 1341 1422 1507 1591 1679 1766 1856 1953 2038 2137
52 112 173 234 294 356 419 482 547 612 679 747 817 887 959 1032 1107 1184 1261 1341 1422 1507 1591 1679 1767 1856 1953 2038 2137
52 112 173 234 294 356 419 482 547 612 679 747 817 887 959 1032 1107 1184 1261 1341 1422 1507 1591 1679 1767 1856 1953 2038 2137
52 112 173 234 294 356 419 482 547 612 679 747 817 887 959 1032 1107 1184 1261 1341 1422 1507 1591 1679 1767 1856 1953 2038 2138
52 112 173 234 294 356 419 482 547 612 679 747 817 887 959 1032 1107 1184 1261 1342 1422 1507 1591 1679 1767 1856 1953 2038 2138
52 112 173 234 294 356 419 482 547 612 679 747 817 887 959 1032 1107 1184 1261 1342 1422 1508 1591 1679 1767 1856 1953 2039 2138
52 112 173 234 294 356 419 482 547 612 679 747 817 887 959 1032 1107 1184 1261 1342 1422 1508 1591 1679 1767 1856 1953 2039 2138
52 112 173 234 294 356 419 482 547 612 679 747 817 887 959 1032 1107 1184 1261 1342 1422 1508 1591 1679 1767 1856 1954 2039 2138
52 112 173 234 294 356 419 482 547 612 679 747 817 887 959 1032 1107 1184 1261 1342 1423 1508 1591 1679 1767 1856 1954 2039 2138
52 112 173 234 294 356 419 482 547 612 679 747 817 887 959 1033 1107 1184 1261 1342 1423 1508 1591 1679 1767 1856 1954 2039 2138
52 112 173 234 295 356 419 482 547 612 679 747 817 887 959 1033 1107 1184 1261 1342 1423 1508 1592 1679 1767 1856 1954 2039 2138
52 112 173 234 295 357 419 482 547 612 679 747 818 887 959 1033 1107 1184 1262 1342 1423 1508 1592 1679 1767 1856 1954 2039 2138
52 112 173 234 295 357 419 482 547 612 679 747 818 887 959 1033 1107 1184 1262 1342 1423 1508 1592 1679 1767 1856 1954 2039 2138
52 112 173 234 295 357 419 482 547 612 679 747 818 887 959 1033 1108 1184 1262 1342 1423 1508 1592 1679 1767 1856 1954 2039 2138
52 112 173 234 295 357 419 482 547 612 680 747 818 887 959 1033 1108 1184 1262 1342 1423 1508 1592 1679 1767 1857 1954 2039 2138
52 112 173 234 295 357 419 482 547 612 680 747 818 887 959 1033 1108 1184 1262 1342 1423 1508 1592 1679 1767 1857 1954 2039 2138
52 112 173 234 295 357 419 482 547 612 680 747 818 887 959 1033 1108 1184 1262 1342 1423 1508 1592 1680 1767 1857 1954 2039 2138
52 112 173 234 295 357 419 482 547 613 680 747 818 887 959 1033 1108 1184 1262 1342 1423 1508 1592 1680 1767 1857 1954 2039 2138
52 112 173 234 295 357 419 482 547 613 680 747 818 887 959 1033 1108 1184 1262 1342 1423 1508 1592 1680 1767 1857 1954 2039 2139
52 112 173 234 295 357 419 482 547 613 680 748 818 887 959 1033 1108 1184 1262 1342 1423 1508 1592 1680 1768 1857 1954 2039 2139
52 112 173 234 295 357 419 482 547 613 680 748 818 887 959 1033 1108 1184 1262 1342 1423 1508 1592 1680 1768 1857 1954 2039 2139
52 112 173 234 295 357 419 482 547 613 680 748 818 887 959 1033 1108 1184 1262 1342 1423 1508 1592 1680 1768 1857 1955 2039 2139
52 112 173 234 295 357 419 482 547 613 680 748 818 887 959 1033 1108 1184 1262 1342 1423 1508 1592 1680 1768 1857 1955 2039 2139
52 112 173 234 295 357 419 482 547 613 680 748 818 887 959 1033 1108 1184 1262 1342 1423 1508 1592 1680 1768 1857 1955 2040 2139
52 112 173 234 295 357 419 482 547 613 680 748 818 887 959 1033 1108 1184 1262 1342 1423 1509 1592 1680 1768 1857 1955 2040 2139
52 112 173 234 295 357 419 482 547 613 680 748 818 887 960 1033 1108 1185 1262 1342 1423 1509 1592 1680 1768 1857 1955 2040 2139
52 112 173 234 295 357 419 482 547 613 680 748 818 887 960 1033 1108 1185 1262 1342 1423 1509 1592 1680 1768 1857 1955 2040 2139
52 112 173 234 295 357 419 482 547 613 680 748 818 887 960 1033 1108 1185 1262 1342 1423 1509 1592 1680 1768 1857 1955 2040 2139
52 112 173 234 295 357 419 482 547 613 680 748 818 887 960 1033 1108 1185 1262 1342 1423 1509 1592 1680 1768 1857 1955 2040 2139
52 112 173 234 295 357 419 482 547 613 680 748 818 887 960 1033 1108 1185 1262 1343 1423 1509 1592 1680 1768 1857 1955 2040 2139
52 112 173 234 295 357 419 482 547 613 680 748 818 887 960 1033 1108 1185 1262 1343 1423 1509 1593 1680 1768 1857 1955 2040 2139
53 112 173 234 295 357 419 482 547 613 680 748 818 887 960 1033 1108 1185 1262 1343 1424 1509 1593 1680 1768 1857 1955 2040 2139
53 112 173 234 295 357 419 482 547 613 680 748 818 887 960 1033 1108 1185 1262 1343 1424 1509 1593 1680 1768 1858 1955 2040 2139
53 112 173 234 295 357 419 482 547 613 680 748 818 887 960 1033 1108 1185 1262 1343 1424 1509 1593 1681 1768 1858 1955 2040 2140
53 112 173 234 295 357 419 482 547 613 680 748 818 887 960 1033 1108 1185 1262 1343 1424 1509 1593 1681 1768 1858 1955 2040 2140
53 112 173 234 295 357 419 482 547 613 680 748 818 887 960 1033 1108 1185 1262 1343 1424 1509 1593 1681 1768 1858 1956 2040 2140
53 112 173 234 295 357 419 483 547 613 680 748 818 887 960 1033 1108 1185 1262 1343 1424 1509 1593 1681 1769 1858 1956 2040 2140
53 112 173 234 295 357 419 483 547 613 680 748 818 888 960 1033 1108 1185 1262 1343 1424 1509 1593 1681 1769 1858 1956 2040 2140
53 112 173 234 295 357 419 483 547 613 680 748 818 888 960 1033 1108 1185 1262 1343 1424 1509 1593 1681 1769 1858 1956 2040 2140
53 112 173 234 295 357 419 483 547 613 680 748 818 888 960 1033 1108 1185 1263 1343 1424 1509 1593 1681 1769 1858 1956 2040 2140
53 112 173 234 295 357 419 483 547 613 680 748 818 888 960 1033 1108 1185 1263 1343 1424 1509 1593 1681 1769 1858 1956 2040 2140
53 112 173 234 295 357 419 483 547 613 680 748 818 888 960 1034 1108 1185 1263 1343 1424 1509 1593 1681 1769 1858 1956 2041 2140
53 112 173 234 295 357 419 483 547 613 680 748 818 888 960 1034 1108 1185 1263 1343 1424 1509 1593 1681 1769 1858 1956 2041 2140
53 112 173 234 295 357 419 483 547 613 680 748 818 888 960 1034 1109 1185 1263 1343 1424 1510 1593 1681 1769 1858 1956 2041 2140
53 112 173 234 295 357 419 483 547 613 680 748 818 888 960 1034 1109 1185 1263 1343 1424 1510 1593 1681 1769 1858 1956 2041 2140
53 112 173 234 295 357 419 483 547 613 680 748 818 888 960 1034 1109 1185 1263 1343 1424 1510 1593 1681 1769 1858 1956 2041 2140
53 112 173 234 295 357 419 483 548 613 680 748 818 888 960 1034 1109 1185 1263 1343 1424 1510 1593 1681 1769 1858 1956 2041 2140
53 112 173 234 295 357 419 483 548 613 680 748 818 888 960 1034 1109 1185 1263 1343 1424 1510 1593 1681 1769 1858 1956 2041 2140
53 112 173 234 295 357 419 483 548 613 680 748 819 888 960 1034 1109 1185 1263 1343 1424 1510 1593 1681 1769 1858 1957 2041 2140
53 112 173 234 295 357 420 483 548 613 680 748 819 888 960 1034 1109 1185 1263 1343 1424 1510 1593 1682 1769 1859 1957 2041 2141
53 112 173 234 295 357 420 483 548 613 680 748 819 888 960 1034 1109 1185 1263 1343 1424 1510 1594 1682 1769 1859 1957 2041 2141
53 112 173 234 295 357 420 483 548 613 680 748 819 888 960 1034 1109 1185 1263 1343 1424 1510 1594 1682 1769 1859 1957 2041 2141
53 112 173 234 295 357 420 483 548 613 680 748 819 888 960 1034 1109 1185 1263 1343 1424 1510 1594 1682 1769 1859 1957 2041 2141
53 112 173 234 295 357 420 483 548 613 680 748 819 888 960 1034 1109 1186 1263 1344 1424 1510 1594 1682 1769 1859 1957 2041 2141
53 112 173 234 295 357 420 483 548 613 680 748 819 888 960 1034 1109 1186 1263 1344 1425 1510 1594 1682 1770 1859 1957 2041 2141
53 112 173 234 295 357 420 483 548 613 680 748 819 888 960 1034 1109 1186 1263 1344 1425 1510 1594 1682 1770 1859 1957 2041 2141
53 113 173 234 295 357 420 483 548 613 680 748 819 888 960 1034 1109 1186 1263 1344 1425 1510 1594 1682 1770 1859 1957 2041 2141
53 113 173 234 295 357 420 483 548 613 680 748 819 888 960 1034 1109 1186 1263 1344 1425 1510 1594 1682 1770 1859 1957 2041 2141
53 113 173 234 295 357 420 483 548 613 680 748 819 888 960 1034 1109 1186 1263 1344 1425 1510 1594 1682 1770 1859 1957 2041 2141
53 113 173 234 295 357 420 483 548 613 680 748 819 888 960 1034 1109 1186 1263 1344 1425 1510 1594 1682 1770 1859 1957 2042 2141
53 113 173 234 295 357 420 483 548 613 680 748 819 888 961 1034 1109 1186 1263 1344 1425 1510 1594 1682 1770 1859 1957 2042 2141
53 113 173 234 295 357 420 483 548 613 680 748 819 888 961 1034 1109 1186 1263 1344 1425 1510 1594 1682 1770 1859 1958 2042 2141
53 113 173 234 295 357 420 483 548 613 680 748 819 888 961 1034 1109 1186 1263 1344 1425 1511 1594 1682 1770 1859 1958 2042 2141
53 113 173 234 295 357 420 483 548 613 681 749 819 888 961 1034 1109 1186 1263 1344 1425 1511 1594 1682 1770 1859 1958 2042 2141
53 113 173 234 295 357 420 483 548 613 681 749 819 888 961 1034 1109 1186 1263 1344 1425 1511 1594 1682 1770 1859 1958 2042 2142
53 113 173 234 295 357 420 483 548 613 681 749 819 888 961 1034 1109 1186 1263 1344 1425 1511 1594 1682 1770 1859 1958 2042 2142
53 113 173 234 295 357 420 483 548 613 681 749 819 888 961 1034 1109 1186 1264 1344 1425 1511 1594 1683 1770 1860 1958 2042 2142
53 113 173 234 295 357 420 483 548 613 681 749 819 888 961 1034 1109 1186 1264 1344 1425 1511 1594 1683 1770 1860 1958 2042 2142
53 113 173 234 295 357 420 483 548 613 681 749 819 888 961 1034 1109 1186 1264 1344 1425 1511 1594 1683 1770 1860 1958 2042 2142
53 113 173 234 295 357 420 483 548 613 681 749 819 888 961 1034 1109 1186 1264 1344 1425 1511 1595 1683 1770 1860 1958 2042 2142
53 113 173 234 295 357 420 483 548 614 681 749 819 888 961 1034 1109 1186 1264 1344 1425 1511 1595 1683 1770 1860 1958 2042 2142
53 113 173 234 295 357 420 483 548 614 681 749 819 888 961 1035 1109 1186 1264 1344 1425 1511 1595 1683 1771 1860 1958 2042 2142
53 113 173 234 295 357 420 483 548 614 681 749 819 888 961 1035 1110 1186 1264 1344 1425 1511 1595 1683 1771 1860 1958 2042 2142
53 113 173 234 295 357 420 483 548 614 681 749 819 888 961 1035 1110 1186 1264 1344 1425 1511 1595 1683 1771 1860 1958 2042 2142
53 113 173 234 295 357 420 483 548 614 681 749 819 889 961 1035 1110 1186 1264 1344 1425 1511 1595 1683 1771 1860 1958 2042 2142
53 113 173 234 295 357 420 483 548 614 681 749 819 889 961 1035 1110 1186 1264 1344 1425 1511 1595 1683 1771 1860 1959 2042 2142
53 113 173 234 295 357 420 483 548 614 681 749 819 889 961 1035 1110 1186 1264 1344 1425 1511 1595 1683 1771 1860 1959 2042 2142
53 113 173 234 295 357 420 483 548 614 681 749 819 889 961 1035 1110 1186 1264 1345 1426 1511 1595 1683 1771 1860 1959 2043 2142
53 113 173 234 295 357 420 483 548 614 681 749 819 889 961 1035 1110 1186 1264 1345 1426 1511 1595 1683 1771 1860 1959 2043 2142
53 113 173 234 295 357 420 483 548 614 681 749 819 889 961 1035 1110 1186 1264 1345 1426 1511 1595 1683 1771 1860 1959 2043 2143
53 113 173 234 295 357 420 483 548 614 681 749 819 889 961 1035 1110 1186 1264 1345 1426 1511 1595 1683 1771 1860 1959 2043 2143
53 113 173 234 295 357 420 483 548 614 681 749 819 889 961 1035 1110 1187 1264 1345 1426 1512 1595 1683 1771 1860 1959 2043 2143
53 113 173 234 295 357 420 483 548 614 681 749 819 889 961 1035 1110 1187 1264 1345 1426 1512 1595 1684 1771 1860 1959 2043 2143
53 113 173 235 295 357 420 483 548 614 681 749 819 889 961 1035 1110 1187 1264 1345 1426 1512 1595 1684 1771 1861 1959 2043 2143
53 113 173 235 295 357 420 483 548 614 681 749 820 889 961 1035 1110 1187 1264 1345 1426 1512 1595 1684 1771 1861 1959 2043 2143
53 113 173 235 295 357 420 483 548 614 681 749 820 889 961 1035 1110 1187 1264 1345 1426 1512 1595 1684 1771 1861 1959 2043 2143
53 113 173 235 295 357 420 483 548 614 681 749 820 889 961 1035 1110 1187 1264 1345 1426 1512 1595 1684 1771 1861 1959 2043 2143
53 113 173 235 295 357 420 483 548 614 681 749 820 889 961 1035 1110 1187 1264 1345 1426 1512 1595 1684 1771 1861 1959 2043 2143
53 113 173 235 295 358 420 483 548 614 681 749 820 889 961 1035 1110 1187 1264 1345 1426 1512 1595 1684 1772 1861 1960 2043 2143
53 113 173 235 295 358 420 483 548 614 681 749 820 889 961 1035 1110 1187 1264 1345 1426 1512 1596 1684 1772 1861 1960 2043 2143
53 113 173 235 295 358 420 483 548 614 681 749 820 889 961 1035 1110 1187 1264 1345 1426 1512 1596 1684 1772 1861 1960 2043 2143
53 113 173 235 295 358 420 483 548 614 681 749 820 889 961 1035 1110 1187 1264 1345 1426 1512 1596 1684 1772 1861 1960 2043 2143
53 113 173 235 295 358 420 483 548 614 681 749 820 889 961 1035 1110 1187 1264 1345 1426 1512 1596 1684 1772 1861 1960 2043 2143
53 113 173 235 295 358 420 483 548 614 681 749 820 889 961 1035 1110 1187 1265 1345 1426 1512 1596 1684 1772 1861 1960 2043 2143
53 113 173 235 295 358 420 483 548 614 681 749 820 889 962 1035 1110 1187 1265 1345 1426 1512 1596 1684 1772 1861 1960 2043 2144
53 113 173 235 295 358 420 483 548 614 681 749 820 889 962 1035 1110 1187 1265 1345 1426 1512 1596 1684 1772 1861 1960 2044 2144
53 113 173 235 295 358 420 483 548 614 681 749 820 889 962 1035 1110 1187 1265 1345 1426 1512 1596 1684 1772 1861 1960 2044 2144
53 113 173 235 295 358 420 483 548 614 681 749 820 889 962 1035 1110 1187 1265 1345 1426 1512 1596 1684 1772 1861 1960 2044 2144
53 113 173 235 295 358 420 483 548 614 681 749 820 889 962 1035 1110 1187 1265 1345 1426 1512 1596 1685 1772 1861 1960 2044 2144
53 113 173 235 295 358 420 483 548 614 681 749 820 889 962 1035 1110 1187 1265 1345 1426 1513 1596 1685 1772 1861 1960 2044 2144
53 113 173 235 295 358 420 483 548 614 681 749 820 889 962 1035 1110 1187 1265 1346 1427 1513 1596 1685 1772 1862 1960 2044 2144
53 113 173 235 295 358 420 484 548 614 681 749 820 889 962 1036 1111 1187 1265 1346 1427 1513 1596 1685 1772 1862 1961 2044 2144
53 113 173 235 295 358 420 484 548 614 681 749 820 889 962 1036 1111 1187 1265 1346 1427 1513 1596 1685 1772 1862 1961 2044 2144
53 113 173 235 295 358 420 484 548 614 681 749 820 889 962 1036 1111 1187 1265 1346 1427 1513 1596 1685 1772 1862 1961 2044 2144
53 113 174 235 295 358 420 484 549 614 681 749 820 889 962 1036 1111 1187 1265 1346 1427 1513 1596 1685 1772 1862 1961 2044 2144
53 113 174 235 295 358 420 484 549 614 681 750 820 889 962 1036 1111 1187 1265 1346 1427 1513 1596 1685 1773 1862 1961 2044 2144
53 113 174 235 295 358 420 484 549 614 681 750 820 889 962 1036 1111 1187 1265 1346 1427 1513 1596 1685 1773 1862 1961 2044 2144
53 113 174 235 296 358 420 484 549 614 681 750 820 889 962 1036 1111 1187 1265 1346 1427 1513 1596 1685 1773 1862 1961 2044 2144
53 113 174 235 296 358 420 484 549 614 682 750 820 889 962 1036 1111 1188 1265 1346 1427 1513 1597 1685 1773 1862 1961 2044 2144
53 113 174 235 296 358 420 484 549 614 682 750 820 889 962 1036 1111 1188 1265 1346 1427 1513 1597 1685 1773 1862 1961 2044 2145
53 113 174 235 296 358 420 484 549 614 682 750 820 890 962 1036 1111 1188 1265 1346 1427 1513 1597 1685 1773 1862 1961 2044 2145
53 113 174 235 296 358 420 484 549 614 682 750 820 890 962 1036 1111 1188 1265 1346 1427 1513 1597 1685 1773 1862 1961 2044 2145
53 113 174 235 296 358 420 484 549 614 682 750 820 890 962 1036 1111 1188 1265 1346 1427 1513 1597 1685 1773 1862 1961 2045 2145
53 113 174 235 296 358 420 484 549 614 682 750 820 890 962 1036 1111 1188 1265 1346 1427 1513 1597 1685 1773 1862 1961 2045 2145
53 113 174 235 296 358 420 484 549 614 682 750 820 890 962 1036 1111 1188 1265 1346 1427 1513 1597 1686 1773 1862 1962 2045 2145
53 113 174 235 296 358 420 484 549 614 682 750 820 890 962 1036 1111 1188 1265 1346 1427 1513 1597 1686 1773 1862 1962 2045 2145
53 113 174 235 296 358 420 484 549 614 682 750 820 890 962 1036 1111 1188 1265 1346 1427 1513 1597 1686 1773 1862 1962 2045 2145
53 113 174 235 296 358 420 484 549 614 682 750 820 890 962 1036 1111 1188 1265 1346 1427 1514 1597 1686 1773 1863 1962 2045 2145
53 113 174 235 296 358 421 484 549 614 682 750 821 890 962 1036 1111 1188 1265 1346 1427 1514 1597 1686 1773 1863 1962 2045 2145
53 113 174 235 296 358 421 484 549 614 682 750 821 890 962 1036 1111 1188 1265 1346 1427 1514 1597 1686 1773 1863 1962 2045 2145
53 113 174 235 296 358 421 484 549 615 682 750 821 890 962 1036 1111 1188 1266 1346 1427 1514 1597 1686 1773 1863 1962 2045 2145
53 113 174 235 296 358 421 484 549 615 682 750 821 890 962 1036 1111 1188 1266 1346 1427 1514 1597 1686 1773 1863 1962 2045 2145
53 113 174 235 296 358 421 484 549 615 682 750 821 890 962 1036 1111 1188 1266 1346 1428 1514 1597 1686 1774 1863 1962 2045 2145
53 113 174 235 296 358 421 484 549 615 682 750 821 890 962 1036 1111 1188 1266 1347 1428 1514 1597 1686 1774 1863 1962 2045 2146
53 113 174 235 296 358 421 484 549 615 682 750 821 890 962 1036 1111 1188 1266 1347 1428 1514 1597 1686 1774 1863 1962 2045 2146
53 113 174 235 296 358 421 484 549 615 682 750 821 890 962 1036 1111 1188 1266 1347 1428 1514 1597 1686 1774 1863 1962 2045 2146
53 113 174 235 296 358 421 484 549 615 682 750 821 890 962 1036 1111 1188 1266 1347 1428 1514 1597 1686 1774 1863 1962 2045 2146
53 113 174 235 296 358 421 484 549 615 682 750 821 890 963 1036 1111 1188 1266 1347 1428 1514 1598 1686 1774 1863 1963 2045 2146
53 113 174 235 296 358 421 484 549 615 682 750 821 890 963 1036 1111 1188 1266 1347 1428 1514 1598 1686 1774 1863 1963 2045 2146
53 113 174 235 296 358 421 484 549 615 682 750 821 890 963 1036 1112 1188 1266 1347 1428 1514 1598 1686 1774 1863 1963 2045 2146
53 113 174 235 296 358 421 484 549 615 682 750 821 890 963 1036 1112 1188 1266 1347 1428 1514 1598 1687 1774 1863 1963 2046 2146
53 113 174 235 296 358 421 484 549 615 682 750 821 890 963 1037 1112 1188 1266 1347 1428 1514 1598 1687 1774 1863 1963 2046 2146
53 113 174 235 296 358 421 484 549 615 682 750 821 890 963 1037 1112 1188 1266 1347 1428 1514 1598 1687 1774 1863 1963 2046 2146
53 113 174 235 296 358 421 484 549 615 682 750 821 890 963 1037 1112 1188 1266 1347 1428 1514 1598 1687 1774 1863 1963 2046 2146
53 113 174 235 296 358 421 484 549 615 682 750 821 890 963 1037 1112 1189 1266 1347 1428 1514 1598 1687 1774 1864 1963 2046 2146
53 113 174 235 296 358 421 484 549 615 682 750 821 890 963 1037 1112 1189 1266 1347 1428 1515 1598 1687 1774 1864 1963 2046 2146
53 113 174 235 296 358 421 484 549 615 682 750 821 890 963 1037 1112 1189 1266 1347 1428 1515 1598 1687 1774 1864 1963 2046 2146
53 113 174 235 296 358 421 484 549 615 682 750 821 890 963 1037 1112 1189 1266 1347 1428 1515 1598 1687 1774 1864 1963 2046 2146
53 113 174 235 296 358 421 484 549 615 682 750 821 890 963 1037 1112 1189 1266 1347 1428 1515 1598 1687 1775 1864 1963 2046 2147
53 113 174 235 296 358 421 484 549 615 682 750 821 890 963 1037 1112 1189 1266 1347 1428 1515 1598 1687 1775 1864 1963 2046 2147
53 113 174 235 296 358 421 484 549 615 682 750 821 890 963 1037 1112 1189 1266 1347 1428 1515 1598 1687 1775 1864 1964 2046 2147
53 113 174 235 296 358 421 484 549 615 682 750 821 890 963 1037 1112 1189 1266 1347 1428 1515 1598 1687 1775 1864 1964 2046 2147
53 113 174 235 296 358 421 484 549 615 682 750 821 890 963 1037 1112 1189 1266 1347 1428 1515 1598 1687 1775 1864 1964 2046 2147
53 113 174 235 296 358 421 484 549 615 682 750 821 890 963 1037 1112 1189 1266 1347 1428 1515 1598 1687 1775 1864 1964 2046 2147
53 113 174 235 296 358 421 484 549 615 682 750 821 891 963 1037 1112 1189 1266 1347 1429 1515 1598 1687 1775 1864 1964 2046 2147
53 113 174 235 296 358 421 484 549 615 682 751 821 891 963 1037 1112 1189 1266 1347 1429 1515 1598 1687 1775 1864 1964 2046 2147
53 113 174 235 296 358 421 484 549 615 682 751 821 891 963 1037 1112 1189 1267 1348 1429 1515 1599 1688 1775 1864 1964 2046 2147
53 113 174 235 296 358 421 484 549 615 682 751 821 891 963 1037 1112 1189 1267 1348 1429 1515 1599 1688 1775 1864 1964 2047 2147
53 113 174 235 296 358 421 484 549 615 682 751 821 891 963 1037 1112 1189 1267 1348 1429 1515 1599 1688 1775 1864 1964 2047 2147
53 113 174 235 296 358 421 484 549 615 682 751 821 891 963 1037 1112 1189 1267 1348 1429 1515 1599 1688 1775 1864 1964 2047 2147
53 113 174 235 296 358 421 484 549 615 682 751 821 891 963 1037 1112 1189 1267 1348 1429 1515 1599 1688 1775 1865 1964 2047 2147
53 113 174 235 296 358 421 484 549 615 683 751 821 891 963 1037 1112 1189 1267 1348 1429 1515 1599 1688 1775 1865 1964 2047 2147
53 113 174 235 296 358 421 484 549 615 683 751 822 891 963 1037 1112 1189 1267 1348 1429 1515 1599 1688 1775 1865 1965 2047 2147
53 113 174 235 296 358 421 484 549 615 683 751 822 891 963 1037 1112 1189 1267 1348 1429 1516 1599 1688 1775 1865 1965 2047 2148
53 113 174 235 296 358 421 484 549 615 683 751 822 891 963 1037 1112 1189 1267 1348 1429 1516 1599 1688 1775 1865 1965 2047 2148
53 113 174 235 296 358 421 484 549 615 683 751 822 891 963 1037 1112 1189 1267 1348 1429 1516 1599 1688 1776 1865 1965 2047 2148
53 113 174 235 296 359 421 484 549 615 683 751 822 891 963 1037 1113 1189 1267 1348 1429 1516 1599 1688 1776 1865 1965 2047 2148
53 113 174 235 296 359 421 484 550 615 683 751 822 891 963 1037 1113 1189 1267 1348 1429 1516 1599 1688 1776 1865 1965 2047 2148
53 113 174 235 296 359 421 484 550 615 683 751 822 891 963 1037 1113 1189 1267 1348 1429 1516 1599 1688 1776 1865 1965 2047 2148
53 113 174 236 296 359 421 484 550 615 683 751 822 891 964 1038 1113 1189 1267 1348 1429 1516 1599 1688 1776 1865 1965 2047 2148
53 113 174 236 296 359 421 485 550 615 683 751 822 891 964 1038 1113 1190 1267 1348 1429 1516 1599 1688 1776 1865 1965 2047 2148
53 113 174 236 296 359 421 485 550 615 683 751 822 891 964 1038 1113 1190 1267 1348 1429 1516 1599 1688 1776 1865 1965 2047 2148
53 113 174 236 296 359 421 485 550 615 683 751 822 891 964 1038 1113 1190 1267 1348 1429 1516 1599 1689 1776 1865 1965 2047 2148
53 113 174 236 296 359 421 485 550 615 683 751 822 891 964 1038 1113 1190 1267 1348 1429 1516 1599 1689 1776 1865 1965 2047 2148
53 113 174 236 296 359 421 485 550 615 683 751 822 891 964 1038 1113 1190 1267 1348 1429 1516 1600 1689 1776 1865 1965 2047 2148
53 113 174 236 296 359 421 485 550 615 683 751 822 891 964 1038 1113 1190 1267 1348 1429 1516 1600 1689 1776 1865 1966 2048 2148
53 113 174 236 296 359 421 485 550 615 683 751 822 891 964 1038 1113 1190 1267 1348 1430 1516 1600 1689 1776 1865 1966 2048 2148
53 113 174 236 296 359 421 485 550 616 683 751 822 891 964 1038 1113 1190 1267 1348 1430 1516 1600 1689 1776 1866 1966 2048 2149
54 113 174 236 296 359 421 485 550 616 683 751 822 891 964 1038 1113 1190 1267 1349 1430 1516 1600 1689 1776 1866 1966 2048 2149
54 113 174 236 296 359 421 485 550 616 683 751 822 891 964 1038 1113 1190 1267 1349 1430 1516 1600 1689 1776 1866 1966 2048 2149
54 113 174 236 296 359 421 485 550 616 683 751 822 891 964 1038 1113 1190 1267 1349 1430 1516 1600 1689 1776 1866 1966 2048 2149
54 113 174 236 296 359 421 485 550 616 683 751 822 891 964 1038 1113 1190 1268 1349 1430 1517 1600 1689 1777 1866 1966 2048 2149
54 113 174 236 296 359 421 485 550 616 683 751 822 891 964 1038 1113 1190 1268 1349 1430 1517 1600 1689 1777 1866 1966 2048 2149
54 114 174 236 296 359 421 485 550 616 683 751 822 891 964 1038 1113 1190 1268 1349 1430 1517 1600 1689 1777 1866 1966 2048 2149
54 114 174 236 296 359 421 485 550 616 683 751 822 891 964 1038 1113 1190 1268 1349 1430 1517 1600 1689 1777 1866 1966 2048 2149
54 114 174 236 296 359 421 485 550 616 683 751 822 891 964 1038 1113 1190 1268 1349 1430 1517 1600 1689 1777 1866 1966 2048 2149
54 114 174 236 296 359 421 485 550 616 683 751 822 891 964 1038 1113 1190 1268 1349 1430 1517 1600 1689 1777 1866 1966 2048 2149
54 114 174 236 296 359 421 485 550 616 683 751 822 892 964 1038 1113 1190 1268 1349 1430 1517 1600 1690 1777 1866 1967 2048 2149
54 114 174 236 296 359 421 485 550 616 683 751 822 892 964 1038 1113 1190 1268 1349 1430 1517 1600 1690 1777 1866 1967 2048 2149
54 114 174 236 296 359 422 485 550 616 683 751 822 892 964 1038 1113 1190 1268 1349 1430 1517 1600 1690 1777 1866 1967 2048 2149
54 114 174 236 296 359 422 485 550 616 683 751 822 892 964 1038 1113 1190 1268 1349 1430 1517 1600 1690 1777 1866 1967 2048 2149
54 114 174 236 296 359 422 485 550 616 683 751 822 892 964 1038 1113 1190 1268 1349 1430 1517 1600 1690 1777 1866 1967 2048 2149
54 114 174 236 296 359 422 485 550 616 683 751 822 892 964 1038 1113 1190 1268 1349 1430 1517 1600 1690 1777 1866 1967 2049 2150
54 114 174 236 296 359 422 485 550 616 683 751 822 892 964 1038 1114 1190 1268 1349 1430 1517 1601 1690 1777 1867 1967 2049 2150
54 114 174 236 296 359 422 485 550 616 683 752 823 892 964 1038 1114 1190 1268 1349 1430 1517 1601 1690 1777 1867 1967 2049 2150
54 114 174 236 296 359 422 485 550 616 683 752 823 892 964 1038 1114 1191 1268 1349 1430 1517 1601 1690 1777 1867 1967 2049 2150
54 114 174 236 296 359 422 485 550 616 683 752 823 892 964 1038 1114 1191 1268 1349 1430 1517 1601 1690 1777 1867 1967 2049 2150
54 114 174 236 296 359 422 485 550 616 683 752 823 892 964 1039 1114 1191 1268 1349 1431 1517 1601 1690 1778 1867 1967 2049 2150
54 114 174 236 297 359 422 485 550 616 683 752 823 892 964 1039 1114 1191 1268 1349 1431 1518 1601 1690 1778 1867 1967 2049 2150
54 114 174 236 297 359 422 485 550 616 683 752 823 892 964 1039 1114 1191 1268 1349 1431 1518 1601 1690 1778 1867 1967 2049 2150
54 114 174 236 297 359 422 485 550 616 683 752 823 892 965 1039 1114 1191 1268 1349 1431 1518 1601 1690 1778 1867 1968 2049 2150
54 114 174 236 297 359 422 485 550 616 683 752 823 892 965 1039 1114 1191 1268 1350 1431 1518 1601 1690 1778 1867 1968 2049 2150
54 114 174 236 297 359 422 485 550 616 683 752 823 892 965 1039 1114 1191 1268 1350 1431 1518 1601 1691 1778 1867 1968 2049 2150
54 114 174 236 297 359 422 485 550 616 684 752 823 892 965 1039 1114 1191 1268 1350 1431 1518 1601 1691 1778 1867 1968 2049 2150
54 114 174 236 297 359 422 485 550 616 684 752 823 892 965 1039 1114 1191 1268 1350 1431 1518 1601 1691 1778 1867 1968 2049 2150
54 114 174 236 297 359 422 485 550 616 684 752 823 892 965 1039 1114 1191 1268 1350 1431 1518 1601 1691 1778 1867 1968 2049 2150
54 114 174 236 297 359 422 485 550 616 684 752 823 892 965 1039 1114 1191 1268 1350 1431 1518 1601 1691 1778 1867 1968 2049 2151
54 114 175 236 297 359 422 485 550 616 684 752 823 892 965 1039 1114 1191 1269 1350 1431 1518 1601 1691 1778 1867 1968 2049 2151
54 114 175 236 297 359 422 485 550 616 684 752 823 892 965 1039 1114 1191 1269 1350 1431 1518 1601 1691 1778 1867 1968 2049 2151
54 114 175 236 297 359 422 485 550 616 684 752 823 892 965 1039 1114 1191 1269 1350 1431 1518 1601 1691 1778 1868 1968 2050 2151
54 114 175 236 297 359 422 485 550 616 684 752 823 892 965 1039 1114 1191 1269 1350 1431 1518 1601 1691 1778 1868 1968 2050 2151
54 114 175 236 297 359 422 485 550 616 684 752 823 892 965 1039 1114 1191 1269 1350 1431 1518 1602 1691 1778 1868 1968 2050 2151
54 114 175 236 297 359 422 485 550 616 684 752 823 892 965 1039 1114 1191 1269 1350 1431 1518 1602 1691 1778 1868 1969 2050 2151
54 114 175 236 297 359 422 485 550 616 684 752 823 892 965 1039 1114 1191 1269 1350 1431 1518 1602 1691 1779 1868 1969 2050 2151
54 114 175 236 297 359 422 485 550 616 684 752 823 892 965 1039 1114 1191 1269 1350 1431 1518 1602 1691 1779 1868 1969 2050 2151
54 114 175 236 297 359 422 485 550 616 684 752 823 892 965 1039 1114 1191 1269 1350 1431 1518 1602 1691 1779 1868 1969 2050 2151
54 114 175 236 297 359 422 485 550 616 684 752 823 892 965 1039 1114 1191 1269 1350 1431 1519 1602 1691 1779 1868 1969 2050 2151
54 114 175 236 297 359 422 485 550 616 684 752 823 892 965 1039 1114 1191 1269 1350 1431 1519 1602 1691 1779 1868 1969 2050 2151
54 114 175 236 297 359 422 485 551 616 684 752 823 892 965 1039 1114 1191 1269 1350 1431 1519 1602 1692 1779 1868 1969 2050 2151
54 114 175 236 297 359 422 485 551 616 684 752 823 893 965 1039 1115 1191 1269 1350 1432 1519 1602 1692 1779 1868 1969 2050 2151
54 114 175 236 297 359 422 485 551 616 684 752 823 893 965 1039 1115 1192 1269 1350 1432 1519 1602 1692 1779 1868 1969 2050 2152
54 114 175 236 297 359 422 485 551 617 684 752 823 893 965 1039 1115 1192 1269 1350 1432 1519 1602 1692 1779 1868 1969 2050 2152
54 114 175 236 297 359 422 485 551 617 684 752 823 893 965 1039 1115 1192 1269 1351 1432 1519 1602 1692 1779 1868 1969 2050 2152
54 114 175 236 297 359 422 485 551 617 684 752 823 893 965 1039 1115 1192 1269 1351 1432 1519 1602 1692 1779 1868 1969 2050 2152
54 114 175 236 297 359 422 486 551 617 684 752 823 893 965 1039 1115 1192 1269 1351 1432 1519 1602 1692 1779 1868 1969 2050 2152
54 114 175 236 297 359 422 486 551 617 684 752 824 893 965 1040 1115 1192 1269 1351 1432 1519 1602 1692 1779 1869 1970 2050 2152
54 114 175 236 297 360 422 486 551 617 684 752 824 893 965 1040 1115 1192 1269 1351 1432 1519 1602 1692 1779 1869 1970 2051 2152
54 114 175 236 297 360 422 486 551 617 684 752 824 893 965 1040 1115 1192 1269 1351 1432 1519 1602 1692 1779 1869 1970 2051 2152
54 114 175 236 297 360 422 486 551 617 684 752 824 893 965 1040 1115 1192 1269 1351 1432 1519 1602 1692 1779 1869 1970 2051 2152
54 114 175 236 297 360 422 486 551 617 684 752 824 893 965 1040 1115 1192 1269 1351 1432 1519 1603 1692 1780 1869 1970 2051 2152
54 114 175 236 297 360 422 486 551 617 684 752 824 893 965 1040 1115 1192 1269 1351 1432 1519 1603 1692 1780 1869 1970 2051 2152
54 114 175 236 297 360 422 486 551 617 684 753 824 893 966 1040 1115 1192 1269 1351 1432 1519 1603 1692 1780 1869 1970 2051 2152
54 114 175 236 297 360 422 486 551 617 684 753 824 893 966 1040 1115 1192 1270 1351 1432 1519 1603 1692 1780 1869 1970 2051 2152
54 114 175 236 297 360 422 486 551 617 684 753 824 893 966 1040 1115 1192 1270 1351 1432 1520 1603 1693 1780 1869 1970 2051 2152
54 114 175 236 297 360 422 486 551 617 684 753 824 893 966 1040 1115 1192 1270 1351 1432 1520 1603 1693 1780 1869 1970 2051 2153
54 114 175 236 297 360 422 486 551 617 684 753 824 893 966 1040 1115 1192 1270 1351 1432 1520 1603 1693 1780 1869 1970 2051 2153
54 114 175 237 297 360 422 486 551 617 684 753 824 893 966 1040 1115 1192 1270 1351 1432 1520 1603 1693 1780 1869 1970 2051 2153
54 114 175 237 297 360 422 486 551 617 684 753 824 893 966 1040 1115 1192 1270 1351 1432 1520 1603 1693 1780 1869 1971 2051 2153
54 114 175 237 297 360 422 486 551 617 684 753 824 893 966 1040 1115 1192 1270 1351 1432 1520 1603 1693 1780 1869 1971 2051 2153
54 114 175 237 297 360 422 486 551 617 684 753 824 893 966 1040 1115 1192 1270 1351 1433 1520 1603 1693 1780 1869 1971 2051 2153
54 114 175 237 297 360 422 486 551 617 684 753 824 893 966 1040 1115 1192 1270 1351 1433 1520 1603 1693 1780 1869 1971 2051 2153
54 114 175 237 297 360 422 486 551 617 684 753 824 893 966 1040 1115 1192 1270 1351 1433 1520 1603 1693 1780 1870 1971 2051 2153
54 114 175 237 297 360 422 486 551 617 685 753 824 893 966 1040 1115 1192 1270 1351 1433 1520 1603 1693 1780 1870 1971 2051 2153
54 114 175 237 297 360 422 486 551 617 685 753 824 893 966 1040 1115 1192 1270 1351 1433 1520 1603 1693 1780 1870 1971 2052 2153
54 114 175 237 297 360 422 486 551 617 685 753 824 893 966 1040 1115 1192 1270 1352 1433 1520 1603 1693 1780 1870 1971 2052 2153
54 114 175 237 297 360 422 486 551 617 685 753 824 893 966 1040 1116 1193 1270 1352 1433 1520 1603 1693 1781 1870 1971 2052 2153
54 114 175 237 297 360 423 486 551 617 685 753 824 893 966 1040 1116 1193 1270 1352 1433 1520 1603 1693 1781 1870 1971 2052 2153
54 114 175 237 297 360 423 486 551 617 685 753 824 893 966 1040 1116 1193 1270 1352 1433 1520 1604 1694 1781 1870 1971 2052 2153
54 114 175 237 297 360 423 486 551 617 685 753 824 893 966 1040 1116 1193 1270 1352 1433 1520 1604 1694 1781 1870 1971 2052 2154
54 114 175 237 297 360 423 486 551 617 685 753 824 893 966 1040 1116 1193 1270 1352 1433 1520 1604 1694 1781 1870 1972 2052 2154
54 114 175 237 297 360 423 486 551 617 685 753 824 893 966 1040 1116 1193 1270 1352 1433 1521 1604 1694 1781 1870 1972 2052 2154
54 114 175 237 297 360 423 486 551 617 685 753 824 894 966 1040 1116 1193 1270 1352 1433 1521 1604 1694 1781 1870 1972 2052 2154
54 114 175 237 297 360 423 486 551 617 685 753 824 894 966 1041 1116 1193 1270 1352 1433 1521 1604 1694 1781 1870 1972 2052 2154
54 114 175 237 297 360 423 486 551 617 685 753 824 894 966 1041 1116 1193 1270 1352 1433 1521 1604 1694 1781 1870 1972 2052 2154
54 114 175 237 297 360 423 486 551 617 685 753 824 894 966 1041 1116 1193 1270 1352 1433 1521 1604 1694 1781 1870 1972 2052 2154
54 114 175 237 297 360 423 486 551 617 685 753 824 894 966 1041 1116 1193 1270 1352 1433 1521 1604 1694 1781 1870 1972 2052 2154
54 114 175 237 297 360 423 486 551 617 685 753 825 894 966 1041 1116 1193 1271 1352 1433 1521 1604 1694 1781 1870 1972 2052 2154
54 114 175 237 297 360 423 486 551 617 685 753 825 894 966 1041 1116 1193 1271 1352 1433 1521 1604 1694 1781 1871 1972 2052 2154
54 114 175 237 297 360 423 486 551 617 685 753 825 894 966 1041 1116 1193 1271 1352 1433 1521 1604 1694 1781 1871 1972 2052 2154
54 114 175 237 297 360 423 486 551 617 685 753 825 894 966 1041 1116 1193 1271 1352 1433 1521 1604 1694 1781 1871 1972 2052 2154
54 114 175 237 297 360 423 486 551 617 685 753 825 894 966 1041 1116 1193 1271 1352 1434 1521 1604 1694 1781 1871 1972 2053 2154
54 114 175 237 297 360 423 486 551 617 685 753 825 894 967 1041 1116 1193 1271 1352 1434 1521 1604 1694 1782 1871 1973 2053 2154
54 114 175 237 297 360 423 486 551 617 685 753 825 894 967 1041 1116 1193 1271 1352 1434 1521 1604 1695 1782 1871 1973 2053 2155
54 114 175 237 297 360 423 486 551 617 685 753 825 894 967 1041 1116 1193 1271 1352 1434 1521 1604 1695 1782 1871 1973 2053 2155
54 114 175 237 297 360 423 486 551 618 685 753 825 894 967 1041 1116 1193 1271 1352 1434 1521 1604 1695 1782 1871 1973 2053 2155
54 114 175 237 297 360 423 486 552 618 685 753 825 894 967 1041 1116 1193 1271 1353 1434 1521 1605 1695 1782 1871 1973 2053 2155
54 114 175 237 297 360 423 486 552 618 685 753 825 894 967 1041 1116 1193 1271 1353 1434 1522 1605 1695 1782 1871 1973 2053 2155
54 114 175 237 297 360 423 486 552 618 685 754 825 894 967 1041 1116 1193 1271 1353 1434 1522 1605 1695 1782 1871 1973 2053 2155
54 114 175 237 297 360 423 486 552 618 685 754 825 894 967 1041 1116 1193 1271 1353 1434 1522 1605 1695 1782 1871 1973 2053 2155
54 114 175 237 298 360 423 486 552 618 685 754 825 894 967 1041 1116 1194 1271 1353 1434 1522 1605 1695 1782 1871 1973 2053 2155
54 114 175 237 298 360 423 486 552 618 685 754 825 894 967 1041 1116 1194 1271 1353 1434 1522 1605 1695 1782 1871 1973 2053 2155
54 114 175 237 298 360 423 486 552 618 685 754 825 894 967 1041 1117 1194 1271 1353 1434 1522 1605 1695 1782 1871 1973 2053 2155
54 114 175 237 298 360 423 486 552 618 685 754 825 894 967 1041 1117 1194 1271 1353 1434 1522 1605 1695 1782 1872 1973 2053 2155
54 115 175 237 298 360 423 486 552 618 685 754 825 894 967 1041 1117 1194 1271 1353 1434 1522 1605 1695 1782 1872 1974 2053 2155
54 115 175 237 298 360 423 486 552 618 685 754 825 894 967 1041 1117 1194 1271 1353 1434 1522 1605 1695 1782 1872 1974 2053 2155
54 115 175 237 298 360 423 487 552 618 685 754 825 894 967 1041 1117 1194 1271 1353 1434 1522 1605 1695 1782 1872 1974 2053 2155
55 115 175 237 298 360 423 487 552 618 685 754 825 894 967 1041 1117 1194 1271 1353 1434 1522 1605 1695 1783 1872 1974 2054 2156
55 115 175 237 298 360 423 487 552 618 685 754 825 894 967 1041 1117 1194 1271 1353 1434 1522 1605 1696 1783 1872 1974 2054 2156
55 115 175 237 298 360 423 487 552 618 685 754 825 894 967 1042 1117 1194 1271 1353 1434 1522 1605 1696 1783 1872 1974 2054 2156
55 115 175 237 298 360 423 487 552 618 685 754 825 894 967 1042 1117 1194 1271 1353 1434 1522 1605 1696 1783 1872 1974 2054 2156
55 115 175 237 298 360 423 487 552 618 686 754 825 894 967 1042 1117 1194 1272 1353 1434 1522 1605 1696 1783 1872 1974 2054 2156
55 115 175 237 298 360 423 487 552 618 686 754 825 894 967 1042 1117 1194 1272 1353 1435 1522 1605 1696 1783 1872 1974 2054 2156
55 115 175 237 298 361 423 487 552 618 686 754 825 895 967 1042 1117 1194 1272 1353 1435 1522 1606 1696 1783 1872 1974 2054 2156
55 115 175 237 298 361 423 487 552 618 686 754 825 895 967 1042 1117 1194 1272 1353 1435 1523 1606 1696 1783 1872 1974 2054 2156
55 115 175 237 298 361 423 487 552 618 686 754 825 895 967 1042 1117 1194 1272 1353 1435 1523 1606 1696 1783 1872 1974 2054 2156
55 115 176 237 298 361 423 487 552 618 686 754 826 895 967 1042 1117 1194 1272 1353 1435 1523 1606 1696 1783 1872 1975 2054 2156
55 115 176 237 298 361 423 487 552 618 686 754 826 895 967 1042 1117 1194 1272 1354 1435 1523 1606 1696 1783 1872 1975 2054 2156
55 115 176 237 298 361 423 487 552 618 686 754 826 895 967 1042 1117 1194 1272 1354 1435 1523 1606 1696 1783 1872 1975 2054 2156
55 115 176 237 298 361 423 487 552 618 686 754 826 895 967 1042 1117 1194 1272 1354 1435 1523 1606 1696 1783 1873 1975 2054 2156
55 115 176 237 298 361 423 487 552 618 686 754 826 895 967 1042 1117 1194 1272 1354 1435 1523 1606 1696 1783 1873 1975 2054 2156
55 115 176 237 298 361 423 487 552 618 686 754 826 895 968 1042 1117 1194 1272 1354 1435 1523 1606 1696 1783 1873 1975 2054 2157
55 115 176 237 298 361 423 487 552 618 686 754 826 895 968 1042 1117 1194 1272 1354 1435 1523 1606 1697 1783 1873 1975 2054 2157
55 115 176 237 298 361 423 487 552 618 686 754 826 895 968 1042 1117 1194 1272 1354 1435 1523 1606 1697 1784 1873 1975 2054 2157
55 115 176 237 298 361 423 487 552 618 686 754 826 895 968 1042 1117 1195 1272 1354 1435 1523 1606 1697 1784 1873 1975 2055 2157
55 115 176 237 298 361 423 487 552 618 686 754 826 895 968 1042 1117 1195 1272 1354 1435 1523 1606 1697 1784 1873 1975 2055 2157
55 115 176 237 298 361 423 487 552 618 686 754 826 895 968 1042 1117 1195 1272 1354 1435 1523 1606 1697 1784 1873 1975 2055 2157
55 115 176 238 298 361 423 487 552 618 686 754 826 895 968 1042 1118 1195 1272 1354 1435 1523 1606 1697 1784 1873 1975 2055 2157
55 115 176 238 298 361 423 487 552 618 686 754 826 895 968 1042 1118 1195 1272 1354 1435 1523 1606 1697 1784 1873 1976 2055 2157
55 115 176 238 298 361 423 487 552 618 686 754 826 895 968 1042 1118 1195 1272 1354 1435 1523 1606 1697 1784 1873 1976 2055 2157
55 115 176 238 298 361 424 487 552 618 686 754 826 895 968 1042 1118 1195 1272 1354 1435 1524 1606 1697 1784 1873 1976 2055 2157
55 115 176 238 298 361 424 487 552 618 686 754 826 895 968 1042 1118 1195 1272 1354 1435 1524 1607 1697 1784 1873 1976 2055 2157
55 115 176 238 298 361 424 487 552 618 686 754 826 895 968 1042 1118 1195 1272 1354 1436 1524 1607 1697 1784 1873 1976 2055 2157
55 115 176 238 298 361 424 487 552 618 686 755 826 895 968 1042 1118 1195 1272 1354 1436 1524 1607 1697 1784 1873 1976 2055 2157
55 115 176 238 298 361 424 487 552 618 686 755 826 895 968 1042 1118 1195 1272 1354 1436 1524 1607 1697 1784 1874 1976 2055 2157
55 115 176 238 298 361 424 487 552 619 686 755 826 895 968 1043 1118 1195 1273 1354 1436 1524 1607 1697 1784 1874 1976 2055 2158
55 115 176 238 298 361 424 487 552 619 686 755 826 895 968 1043 1118 1195 1273 1354 1436 1524 1607 1697 1784 1874 1976 2055 2158
55 115 176 238 298 361 424 487 552 619 686 755 826 895 968 1043 1118 1195 1273 1354 1436 1524 1607 1698 1784 1874 1976 2055 2158
55 115 176 238 298 361 424 487 552 619 686 755 826 895 968 1043 1118 1195 1273 1355 1436 1524 1607 1698 1785 1874 1976 2055 2158
55 115 176 238 298 361 424 487 552 619 686 755 826 895 968 1043 1118 1195 1273 1355 1436 1524 1607 1698 1785 1874 1977 2055 2158
55 115 176 238 298 361 424 487 552 619 686 755 826 895 968 1043 1118 1195 1273 1355 1436 1524 1607 1698 1785 1874 1977 2055 2158
55 115 176 238 298 361 424 487 553 619 686 755 826 895 968 1043 1118 1195 1273 1355 1436 1524 1607 1698 1785 1874 1977 2056 2158
55 115 176 238 298 361 424 487 553 619 686 755 826 895 968 1043 1118 1195 1273 1355 1436 1524 1607 1698 1785 1874 1977 2056 2158
55 115 176 238 298 361 424 487 553 619 686 755 826 896 968 1043 1118 1195 1273 1355 1436 1524 1607 1698 1785 1874 1977 2056 2158
55 115 176 238 298 361 424 487 553 619 686 755 826 896 968 1043 1118 1195 1273 1355 1436 1524 1607 1698 1785 1874 1977 2056 2158
55 115 176 238 298 361 424 487 553 619 686 755 827 896 968 1043 1118 1195 1273 1355 1436 1524 1607 1698 1785 1874 1977 2056 2158
55 115 176 238 298 361 424 487 553 619 686 755 827 896 968 1043 1118 1195 1273 1355 1436 1525 1607 1698 1785 1874 1977 2056 2158
55 115 176 238 298 361 424 487 553 619 686 755 827 896 968 1043 1118 1195 1273 1355 1436 1525 1607 1698 1785 1874 1977 2056 2158
55 115 176 238 298 361 424 487 553 619 687 755 827 896 968 1043 1118 1196 1273 1355 1436 1525 1608 1698 1785 1874 1977 2056 2158
55 115 176 238 298 361 424 487 553 619 687 755 827 896 969 1043 1118 1196 1273 1355 1436 1525 1608 1698 1785 1874 1977 2056 2159
55 115 176 238 298 361 424 487 553 619 687 755 827 896 969 1043 1118 1196 1273 1355 1436 1525 1608 1698 1785 1875 1977 2056 2159
55 115 176 238 298 361 424 487 553 619 687 755 827 896 969 1043 1118 1196 1273 1355 1436 1525 1608 1699 1785 1875 1978 2056 2159
55 115 176 238 298 361 424 487 553 619 687 755 827 896 969 1043 1119 1196 1273 1355 1437 1525 1608 1699 1785 1875 1978 2056 2159
55 115 176 238 298 361 424 487 553 619 687 755 827 896 969 1043 1119 1196 1273 1355 1437 1525 1608 1699 1786 1875 1978 2056 2159
55 115 176 238 298 361 424 488 553 619 687 755 827 896 969 1043 1119 1196 1273 1355 1437 1525 1608 1699 1786 1875 1978 2056 2159
55 115 176 238 298 361 424 488 553 619 687 755 827 896 969 1043 1119 1196 1273 1355 1437 1525 1608 1699 1786 1875 1978 2056 2159
55 115 176 238 298 361 424 488 553 619 687 755 827 896 969 1043 1119 1196 1273 1355 1437 1525 1608 1699 1786 1875 1978 2056 2159
55 115 176 238 298 361 424 488 553 619 687 755 827 896 969 1043 1119 1196 1273 1355 1437 1525 1608 1699 1786 1875 1978 2057 2159
55 115 176 238 298 361 424 488 553 619 687 755 827 896 969 1043 1119 1196 1273 1355 1437 1525 1608 1699 1786 1875 1978 2057 2159
55 115 176 238 298 361 424 488 553 619 687 755 827 896 969 1043 1119 1196 1274 1356 1437 1525 1608 1699 1786 1875 1978 2057 2159
55 115 176 238 298 361 424 488 553 619 687 755 827 896 969 1044 1119 1196 1274 1356 1437 1525 1608 1699 1786 1875 1978 2057 2159
55 115 176 238 298 361 424 488 553 619 687 755 827 896 969 1044 1119 1196 1274 1356 1437 1525 1608 1699 1786 1875 1978 2057 2159
55 115 176 238 298 361 424 488 553 619 687 755 827 896 969 1044 1119 1196 1274 1356 1437 1525 1608 1699 1786 1875 1978 2057 2159
55 115 176 238 298 361 424 488 553 619 687 755 827 896 969 1044 1119 1196 1274 1356 1437 1526 1608 1699 1786 1875 1979 2057 2160
55 115 176 238 299 361 424 488 553 619 687 755 827 896 969 1044 1119 1196 1274 1356 1437 1526 1608 1699 1786 1875 1979 2057 2160
55 115 176 238 299 362 424 488 553 619 687 755 827 896 969 1044 1119 1196 1274 1356 1437 1526 1609 1700 1786 1876 1979 2057 2160
55 115 176 238 299 362 424 488 553 619 687 755 827 896 969 1044 1119 1196 1274 1356 1437 1526 1609 1700 1786 1876 1979 2057 2160
55 115 176 238 299 362 424 488 553 619 687 756 827 896 969 1044 1119 1196 1274 1356 1437 1526 1609 1700 1786 1876 1979 2057 2160
55 115 176 238 299 362 424 488 553 619 687 756 827 896 969 1044 1119 1196 1274 1356 1437 1526 1609 1700 1786 1876 1979 2057 2160
55 115 176 238 299 362 424 488 553 619 687 756 827 896 969 1044 1119 1196 1274 1356 1437 1526 1609 1700 1787 1876 1979 2057 2160
55 115 176 238 299 362 424 488 553 619 687 756 827 896 969 1044 1119 1196 1274 1356 1437 1526 1609 1700 1787 1876 1979 2057 2160
55 115 176 238 299 362 424 488 553 619 687 756 827 896 969 1044 1119 1197 1274 1356 1438 1526 1609 1700 1787 1876 1979 2057 2160
55 115 176 238 299 362 424 488 553 619 687 756 827 897 969 1044 1119 1197 1274 1356 1438 1526 1609 1700 1787 1876 1979 2057 2160
55 115 176 238 299 362 424 488 553 619 687 756 828 897 969 1044 1119 1197 1274 1356 1438 1526 1609 1700 1787 1876 1979 2057 2160
55 115 176 238 299 362 424 488 553 620 687 756 828 897 969 1044 1119 1197 1274 1356 1438 1526 1609 1700 1787 1876 1980 2058 2160
55 115 176 238 299 362 424 488 553 620 687 756 828 897 969 1044 1119 1197 1274 1356 1438 1526 1609 1700 1787 1876 1980 2058 2160
55 115 176 238 299 362 424 488 553 620 687 756 828 897 969 1044 1120 1197 1274 1356 1438 1526 1609 1700 1787 1876 1980 2058 2161
55 115 176 238 299 362 424 488 553 620 687 756 828 897 970 1044 1120 1197 1274 1356 1438 1526 1609 1700 1787 1876 1980 2058 2161
55 115 176 238 299 362 424 488 553 620 687 756 828 897 970 1044 1120 1197 1274 1356 1438 1527 1609 1700 1787 1876 1980 2058 2161
55 115 176 238 299 362 425 488 553 620 687 756 828 897 970 1044 1120 1197 1274 1357 1438 1527 1609 1701 1787 1876 1980 2058 2161
55 116 176 238 299 362 425 488 553 620 687 756 828 897 970 1044 1120 1197 1274 1357 1438 1527 1609 1701 1787 1877 1980 2058 2161
55 116 176 238 299 362 425 488 553 620 687 756 828 897 970 1044 1120 1197 1274 1357 1438 1527 1609 1701 1787 1877 1980 2058 2161
55 116 176 239 299 362 425 488 553 620 687 756 828 897 970 1044 1120 1197 1275 1357 1438 1527 1610 1701 1787 1877 1980 2058 2161
55 116 176 239 299 362 425 488 553 620 688 756 828 897 970 1044 1120 1197 1275 1357 1438 1527 1610 1701 1787 1877 1980 2058 2161
55 116 177 239 299 362 425 488 554 620 688 756 828 897 970 1044 1120 1197 1275 1357 1438 1527 1610 1701 1788 1877 1980 2058 2161
55 116 177 239 299 362 425 488 554 620 688 756 828 897 970 1045 1120 1197 1275 1357 1438 1527 1610 1701 1788 1877 1980 2058 2161
55 116 177 239 299 362 425 488 554 620 688 756 828 897 970 1045 1120 1197 1275 1357 1438 1527 1610 1701 1788 1877 1981 2058 2161
55 116 177 239 299 362 425 488 554 620 688 756 828 897 970 1045 1120 1197 1275 1357 1438 1527 1610 1701 1788 1877 1981 2058 2161
55 116 177 239 299 362 425 488 554 620 688 756 828 897 970 1045 1120 1197 1275 1357 1438 1527 1610 1701 1788 1877 1981 2058 2161
56 116 177 239 299 362 425 488 554 620 688 756 828 897 970 1045 1120 1197 1275 1357 1438 1527 1610 1701 1788 1877 1981 2058 2161
56 116 177 239 299 362 425 488 554 620 688 756 828 897 970 1045 1120 1197 1275 1357 1438 1527 1610 1701 1788 1877 1981 2059 2162
56 116 177 239 299 362 425 488 554 620 688 756 828 897 970 1045 1120 1197 1275 1357 1439 1527 1610 1701 1788 1877 1981 2059 2162
56 116 177 239 299 362 425 488 554 620 688 756 828 897 970 1045 1120 1197 1275 1357 1439 1527 1610 1701 1788 1877 1981 2059 2162
56 116 177 239 299 362 425 488 554 620 688 756 828 897 970 1045 1120 1197 1275 1357 1439 1527 1610 1702 1788 1877 1981 2059 2162
56 116 177 239 299 362 425 488 554 620 688 756 828 897 970 1045 1120 1198 1275 1357 1439 1528 1610 1702 1788 1877 1981 2059 2162
56 116 177 239 299 362 425 488 554 620 688 756 828 897 970 1045 1120 1198 1275 1357 1439 1528 1610 1702 1788 1878 1981 2059 2162
56 116 177 239 299 362 425 488 554 620 688 756 828 897 970 1045 1120 1198 1275 1357 1439 1528 1610 1702 1788 1878 1981 2059 2162
56 116 177 239 299 362 425 488 554 620 688 756 828 897 970 1045 1120 1198 1275 1357 1439 1528 1610 1702 1788 1878 1982 2059 2162
56 116 177 239 299 362 425 488 554 620 688 756 828 897 970 1045 1120 1198 1275 1357 1439 1528 1610 1702 1788 1878 1982 2059 2162
56 116 177 239 299 362 425 488 554 620 688 756 828 897 970 1045 1120 1198 1275 1358 1439 1528 1611 1702 1789 1878 1982 2059 2162
56 116 177 239 299 362 425 489 554 620 688 757 828 897 970 1045 1121 1198 1275 1358 1439 1528 1611 1702 1789 1878 1982 2059 2162
56 116 177 239 299 362 425 489 554 620 688 757 829 898 970 1045 1121 1198 1275 1358 1439 1528 1611 1702 1789 1878 1982 2059 2162
56 116 177 239 299 362 425 489 554 620 688 757 829 898 970 1045 1121 1198 1275 1358 1439 1528 1611 1702 1789 1878 1982 2059 2162
56 116 177 239 299 362 425 489 554 620 688 757 829 898 970 1045 1121 1198 1275 1358 1439 1528 1611 1702 1789 1878 1982 2059 2163
56 116 177 239 299 362 425 489 554 620 688 757 829 898 970 1045 1121 1198 1275 1358 1439 1528 1611 1702 1789 1878 1982 2059 2163
56 116 177 239 299 362 425 489 554 620 688 757 829 898 971 1045 1121 1198 1276 1358 1439 1528 1611 1702 1789 1878 1982 2059 2163
56 116 177 239 299 362 425 489 554 620 688 757 829 898 971 1045 1121 1198 1276 1358 1439 1528 1611 1702 1789 1878 1982 2060 2163
56 116 177 239 299 362 425 489 554 620 688 757 829 898 971 1045 1121 1198 1276 1358 1439 1528 1611 1703 1789 1878 1982 2060 2163
56 116 177 239 299 362 425 489 554 620 688 757 829 898 971 1045 1121 1198 1276 1358 1439 1528 1611 1703 1789 1878 1982 2060 2163
56 116 177 239 299 362 425 489 554 620 688 757 829 898 971 1045 1121 1198 1276 1358 1439 1528 1611 1703 1789 1878 1983 2060 2163
56 116 177 239 299 362 425 489 554 620 688 757 829 898 971 1046 1121 1198 1276 1358 1440 1529 1611 1703 1789 1879 1983 2060 2163
56 116 177 239 299 362 425 489 554 620 688 757 829 898 971 1046 1121 1198 1276 1358 1440 1529 1611 1703 1789 1879 1983 2060 2163
56 116 177 239 299 362 425 489 554 621 688 757 829 898 971 1046 1121 1198 1276 1358 1440 1529 1611 1703 1789 1879 1983 2060 2163
56 116 177 239 299 363 425 489 554 621 688 757 829 898 971 1046 1121 1198 1276 1358 1440 1529 1611 1703 1790 1879 1983 2060 2163
56 116 177 239 299 363 425 489 554 621 688 757 829 898 971 1046 1121 1198 1276 1358 1440 1529 1611 1703 1790 1879 1983 2060 2163
56 116 177 239 299 363 425 489 554 621 688 757 829 898 971 1046 1121 1198 1276 1358 1440 1529 1612 1703 1790 1879 1983 2060 2163
56 116 177 239 299 363 425 489 554 621 688 757 829 898 971 1046 1121 1199 1276 1358 1440 1529 1612 1703 1790 1879 1983 2060 2163
56 116 177 239 299 363 425 489 554 621 688 757 829 898 971 1046 1121 1199 1276 1358 1440 1529 1612 1703 1790 1879 1983 2060 2164
56 116 177 239 299 363 425 489 554 621 689 757 829 898 971 1046 1121 1199 1276 1358 1440 1529 1612 1703 1790 1879 1983 2060 2164
56 116 177 239 299 363 425 489 554 621 689 757 829 898 971 1046 1121 1199 1276 1359 1440 1529 1612 1703 1790 1879 1983 2060 2164
56 116 177 239 299 363 425 489 554 621 689 757 829 898 971 1046 1121 1199 1276 1359 1440 1529 1612 1703 1790 1879 1984 2060 2164
56 116 177 239 299 363 425 489 554 621 689 757 829 898 971 1046 1121 1199 1276 1359 1440 1529 1612 1704 1790 1879 1984 2060 2164
56 116 177 239 300 363 425 489 554 621 689 757 829 898 971 1046 1121 1199 1276 1359 1440 1529 1612 1704 1790 1879 1984 2061 2164
56 116 177 239 300 363 425 489 554 621 689 757 829 898 971 1046 1122 1199 1276 1359 1440 1529 1612 1704 1790 1879 1984 2061 2164
56 116 177 239 300 363 425 489 554 621 689 757 829 898 971 1046 1122 1199 1276 1359 1440 1529 1612 1704 1790 1879 1984 2061 2164
56 116 177 239 300 363 426 489 555 621 689 757 829 898 971 1046 1122 1199 1276 1359 1440 1530 1612 1704 1790 1880 1984 2061 2164
56 116 177 239 300 363 426 489 555 621 689 757 829 898 971 1046 1122 1199 1276 1359 1440 1530 1612 1704 1790 1880 1984 2061 2164
56 116 177 239 300 363 426 489 555 621 689 757 829 898 971 1046 1122 1199 1277 1359 1440 1530 1612 1704 1790 1880 1984 2061 2164
56 116 177 239 300 363 426 489 555 621 689 757 830 898 971 1046 1122 1199 1277 1359 1440 1530 1612 1704 1791 1880 1984 2061 2164
56 116 177 239 300 363 426 489 555 621 689 757 830 899 971 1046 1122 1199 1277 1359 1441 1530 1612 1704 1791 1880 1984 2061 2164
56 116 177 239 300 363 426 489 555 621 689 757 830 899 971 1046 1122 1199 1277 1359 1441 1530 1612 1704 1791 1880 1984 2061 2165
56 116 177 239 300 363 426 489 555 621 689 757 830 899 972 1046 1122 1199 1277 1359 1441 1530 1612 1704 1791 1880 1985 2061 2165
56 116 177 240 300 363 426 489 555 621 689 758 830 899 972 1046 1122 1199 1277 1359 1441 1530 1613 1704 1791 1880 1985 2061 2165
56 116 177 240 300 363 426 489 555 621 689 758 830 899 972 1046 1122 1199 1277 1359 1441 1530 1613 1704 1791 1880 1985 2061 2165
56 116 177 240 300 363 426 489 555 621 689 758 830 899 972 1047 1122 1199 1277 1359 1441 1530 1613 1704 1791 1880 1985 2061 2165
56 116 177 240 300 363 426 489 555 621 689 758 830 899 972 1047 1122 1199 1277 1359 1441 1530 1613 1705 1791 1880 1985 2061 2165
56 116 177 240 300 363 426 489 555 621 689 758 830 899 972 1047 1122 1199 1277 1359 1441 1530 1613 1705 1791 1880 1985 2061 2165
56 116 177 240 300 363 426 489 555 621 689 758 830 899 972 1047 1122 1199 1277 1359 1441 1530 1613 1705 1791 1880 1985 2061 2165
56 116 177 240 300 363 426 489 555 621 689 758 830 899 972 1047 1122 1199 1277 1360 1441 1530 1613 1705 1791 1880 1985 2062 2165
56 116 177 240 300 363 426 489 555 621 689 758 830 899 972 1047 1122 1200 1277 1360 1441 1530 1613 1705 1791 1880 1985 2062 2165
56 116 177 240 300 363 426 489 555 621 689 758 830 899 972 1047 1122 1200 1277 1360 1441 1530 1613 1705 1791 1881 1985 2062 2165
56 116 177 240 300 363 426 489 555 621 689 758 830 899 972 1047 1122 1200 1277 1360 1441 1531 1613 1705 1791 1881 1985 2062 2165
56 116 177 240 300 363 426 489 555 621 689 758 830 899 972 1047 1122 1200 1277 1360 1441 1531 1613 1705 1791 1881 1985 2062 2165
56 116 177 240 300 363 426 490 555 621 689 758 830 899 972 1047 1122 1200 1277 1360 1441 1531 1613 1705 1792 1881 1986 2062 2166
56 116 177 240 300 363 426 490 555 621 689 758 830 899 972 1047 1122 1200 1277 1360 1441 1531 1613 1705 1792 1881 1986 2062 2166
56 116 177 240 300 363 426 490 555 621 689 758 830 899 972 1047 1122 1200 1277 1360 1441 1531 1613 1705 1792 1881 1986 2062 2166
56 116 178 240 300 363 426 490 555 621 689 758 830 899 972 1047 1123 1200 1277 1360 1441 1531 1613 1705 1792 1881 1986 2062 2166
56 116 178 240 300 363 426 490 555 621 689 758 830 899 972 1047 1123 1200 1277 1360 1441 1531 1613 1705 1792 1881 1986 2062 2166
56 117 178 240 300 363 426 490 555 622 689 758 830 899 972 1047 1123 1200 1277 1360 1442 1531 1614 1706 1792 1881 1986 2062 2166
56 117 178 240 300 363 426 490 555 622 689 758 830 899 972 1047 1123 1200 1277 1360 1442 1531 1614 1706 1792 1881 1986 2062 2166
56 117 178 240 300 363 426 490 555 622 689 758 830 899 972 1047 1123 1200 1278 1360 1442 1531 1614 1706 1792 1881 1986 2062 2166
56 117 178 240 300 363 426 490 555 622 690 758 830 899 972 1047 1123 1200 1278 1360 1442 1531 1614 1706 1792 1881 1986 2062 2166
56 117 178 240 300 363 426 490 555 622 690 758 830 899 972 1047 1123 1200 1278 1360 1442 1531 1614 1706 1792 1881 1986 2062 2166
56 117 178 240 300 363 426 490 555 622 690 758 830 899 972 1047 1123 1200 1278 1360 1442 1531 1614 1706 1792 1881 1986 2062 2166
56 117 178 240 300 363 426 490 555 622 690 758 831 899 972 1047 1123 1200 1278 1360 1442 1531 1614 1706 1792 1882 1987 2063 2166
56 117 178 240 300 363 426 490 555 622 690 758 831 899 972 1047 1123 1200 1278 1360 1442 1531 1614 1706 1792 1882 1987 2063 2166
56 117 178 240 300 363 426 490 555 622 690 758 831 900 972 1047 1123 1200 1278 1360 1442 1532 1614 1706 1792 1882 1987 2063 2167
56 117 178 240 300 363 426 490 555 622 690 758 831 900 972 1047 1123 1200 1278 1360 1442 1532 1614 1706 1793 1882 1987 2063 2167
56 117 178 240 300 363 426 490 555 622 690 758 831 900 973 1048 1123 1200 1278 1361 1442 1532 1614 1706 1793 1882 1987 2063 2167
57 117 178 240 300 364 426 490 555 622 690 758 831 900 973 1048 1123 1200 1278 1361 1442 1532 1614 1706 1793 1882 1987 2063 2167
57 117 178 240 300 364 426 490 555 622 690 758 831 900 973 1048 1123 1200 1278 1361 1442 1532 1614 1706 1793 1882 1987 2063 2167
57 117 178 240 300 364 426 490 555 622 690 758 831 900 973 1048 1123 1201 1278 1361 1442 1532 1614 1706 1793 1882 1987 2063 2167
57 117 178 240 300 364 426 490 555 622 690 758 831 900 973 1048 1123 1201 1278 1361 1442 1532 1614 1707 1793 1882 1987 2063 2167
57 117 178 240 300 364 426 490 555 622 690 759 831 900 973 1048 1123 1201 1278 1361 1442 1532 1614 1707 1793 1882 1987 2063 2167
57 117 178 240 300 364 426 490 556 622 690 759 831 900 973 1048 1123 1201 1278 1361 1442 1532 1614 1707 1793 1882 1987 2063 2167
57 117 178 240 300 364 426 490 556 622 690 759 831 900 973 1048 1123 1201 1278 1361 1442 1532 1615 1707 1793 1882 1988 2063 2167
57 117 178 240 300 364 426 490 556 622 690 759 831 900 973 1048 1123 1201 1278 1361 1442 1532 1615 1707 1793 1882 1988 2063 2167
57 117 178 240 300 364 426 490 556 622 690 759 831 900 973 1048 1123 1201 1278 1361 1443 1532 1615 1707 1793 1882 1988 2063 2167
57 117 178 240 300 364 426 490 556 622 690 759 831 900 973 1048 1123 1201 1278 1361 1443 1532 1615 1707 1793 1882 1988 2063 2167
57 117 178 240 300 364 426 490 556 622 690 759 831 900 973 1048 1124 1201 1278 1361 1443 1532 1615 1707 1793 1883 1988 2063 2168
57 117 178 240 300 364 427 490 556 622 690 759 831 900 973 1048 1124 1201 1278 1361 1443 1532 1615 1707 1793 1883 1988 2064 2168
57 117 178 240 300 364 427 490 556 622 690 759 831 900 973 1048 1124 1201 1278 1361 1443 1533 1615 1707 1793 1883 1988 2064 2168
57 117 178 240 300 364 427 490 556 622 690 759 831 900 973 1048 1124 1201 1279 1361 1443 1533 1615 1707 1794 1883 1988 2064 2168
57 117 178 240 300 364 427 490 556 622 690 759 831 900 973 1048 1124 1201 1279 1361 1443 1533 1615 1707 1794 1883 1988 2064 2168
57 117 178 240 300 364 427 490 556 622 690 759 831 900 973 1048 1124 1201 1279 1361 1443 1533 1615 1707 1794 1883 1988 2064 2168
57 117 178 240 300 364 427 490 556 622 690 759 831 900 973 1048 1124 1201 1279 1361 1443 1533 1615 1708 1794 1883 1988 2064 2168
57 117 178 240 301 364 427 490 556 622 690 759 831 900 973 1048 1124 1201 1279 1361 1443 1533 1615 1708 1794 1883 1989 2064 2168
57 117 178 240 301 364 427 490 556 622 690 759 831 900 973 1048 1124 1201 1279 1362 1443 1533 1615 1708 1794 1883 1989 2064 2168
57 117 178 240 301 364 427 490 556 622 690 759 831 900 973 1048 1124 1201 1279 1362 1443 1533 1615 1708 1794 1883 1989 2064 2168
57 117 178 240 301 364 427 490 556 622 690 759 831 900 973 1048 1124 1201 1279 1362 1443 1533 1615 1708 1794 1883 1989 2064 2168
57 117 178 241 301 364 427 490 556 622 690 759 832 900 973 1048 1124 1201 1279 1362 1443 1533 1615 1708 1794 1883 1989 2064 2168
57 117 178 241 301 364 427 490 556 622 690 759 832 900 973 1049 1124 1201 1279 1362 1443 1533 1616 1708 1794 1883 1989 2064 2168
57 117 178 241 301 364 427 490 556 622 690 759 832 900 973 1049 1124 1202 1279 1362 1443 1533 1616 1708 1794 1883 1989 2064 2168
57 117 178 241 301 364 427 490 556 623 690 759 832 901 973 1049 1124 1202 1279 1362 1443 1533 1616 1708 1794 1884 1989 2064 2169
57 117 178 241 301 364 427 490 556 623 691 759 832 901 974 1049 1124 1202 1279 1362 1443 1533 1616 1708 1794 1884 1989 2064 2169
57 117 178 241 301 364 427 491 556 623 691 759 832 901 974 1049 1124 1202 1279 1362 1443 1533 1616 1708 1794 1884 1989 2064 2169
57 117 178 241 301 364 427 491 556 623 691 759 832 901 974 1049 1124 1202 1279 1362 1444 1534 1616 1708 1795 1884 1989 2065 2169
57 117 178 241 301 364 427 491 556 623 691 759 832 901 974 1049 1124 1202 1279 1362 1444 1534 1616 1708 1795 1884 1990 2065 2169
57 117 178 241 301 364 427 491 556 623 691 759 832 901 974 1049 1124 1202 1279 1362 1444 1534 1616 1709 1795 1884 1990 2065 2169
57 117 178 241 301 364 427 491 556 623 691 759 832 901 974 1049 1124 1202 1279 1362 1444 1534 1616 1709 1795 1884 1990 2065 2169
57 117 178 241 301 364 427 491 556 623 691 759 832 901 974 1049 1124 1202 1279 1362 1444 1534 1616 1709 1795 1884 1990 2065 2169
57 117 178 241 301 364 427 491 556 623 691 759 832 901 974 1049 1124 1202 1279 1362 1444 1534 1616 1709 1795 1884 1990 2065 2169
57 117 178 241 301 364 427 491 556 623 691 759 832 901 974 1049 1125 1202 1279 1362 1444 1534 1616 1709 1795 1884 1990 2065 2169
57 117 178 241 301 364 427 491 556 623 691 759 832 901 974 1049 1125 1202 1279 1362 1444 1534 1616 1709 1795 1884 1990 2065 2169
57 117 178 241 301 364 427 491 556 623 691 760 832 901 974 1049 1125 1202 1280 1362 1444 1534 1616 1709 1795 1884 1990 2065 2169
57 117 178 241 301 364 427 491 556 623 691 760 832 901 974 1049 1125 1202 1280 1362 1444 1534 1616 1709 1795 1884 1990 2065 2169
57 117 178 241 301 364 427 491 556 623 691 760 832 901 974 1049 1125 1202 1280 1363 1444 1534 1616 1709 1795 1884 1990 2065 2170
57 117 178 241 301 364 427 491 556 623 691 760 832 901 974 1049 1125 1202 1280 1363 1444 1534 1617 1709 1795 1884 1990 2065 2170
57 117 178 241 301 364 427 491 556 623 691 760 832 901 974 1049 1125 1202 1280 1363 1444 1534 1617 1709 1795 1885 1991 2065 2170
57 117 178 241 301 364 427 491 556 623 691 760 832 901 974 1049 1125 1202 1280 1363 1444 1534 1617 1709 1795 1885 1991 2065 2170
57 117 178 241 301 364 427 491 556 623 691 760 832 901 974 1049 1125 1202 1280 1363 1444 1534 1617 1709 1796 1885 1991 2065 2170
57 117 178 241 301 364 427 491 556 623 691 760 832 901 974 1049 1125 1202 1280 1363 1444 1535 1617 1709 1796 1885 1991 2065 2170
57 117 179 241 301 364 427 491 557 623 691 760 832 901 974 1049 1125 1202 1280 1363 1444 1535 1617 1710 1796 1885 1991 2066 2170
57 117 179 241 301 365 427 491 557 623 691 760 832 901 974 1049 1125 1202 1280 1363 1444 1535 1617 1710 1796 1885 1991 2066 2170
57 117 179 241 301 365 427 491 557 623 691 760 832 901 974 1050 1125 1203 1280 1363 1445 1535 1617 1710 1796 1885 1991 2066 2170
57 117 179 241 301 365 427 491 557 623 691 760 832 901 974 1050 1125 1203 1280 1363 1445 1535 1617 1710 1796 1885 1991 2066 2170
57 117 179 241 301 365 427 491 557 623 691 760 833 901 974 1050 1125 1203 1280 1363 1445 1535 1617 1710 1796 1885 1991 2066 2170
57 117 179 241 301 365 427 491 557 623 691 760 833 901 974 1050 1125 1203 1280 1363 1445 1535 1617 1710 1796 1885 1991 2066 2170
57 117 179 241 301 365 427 491 557 623 691 760 833 901 974 1050 1125 1203 1280 1363 1445 1535 1617 1710 1796 1885 1991 2066 2170
57 118 179 241 301 365 427 491 557 623 691 760 833 901 975 1050 1125 1203 1280 1363 1445 1535 1617 1710 1796 1885 1992 2066 2171
57 118 179 241 301 365 427 491 557 623 691 760 833 902 975 1050 1125 1203 1280 1363 1445 1535 1617 1710 1796 1885 1992 2066 2171
57 118 179 241 301 365 427 491 557 623 691 760 833 902 975 1050 1125 1203 1280 1363 1445 1535 1617 1710 1796 1885 1992 2066 2171
57 118 179 241 301 365 428 491 557 623 691 760 833 902 975 1050 1125 1203 1280 1363 1445 1535 1617 1710 1796 1886 1992 2066 2171
57 118 179 241 301 365 428 491 557 623 691 760 833 902 975 1050 1125 1203 1280 1363 1445 1535 1618 1710 1796 1886 1992 2066 2171
57 118 179 241 301 365 428 491 557 623 691 760 833 902 975 1050 1126 1203 1280 1363 1445 1535 1618 1710 1797 1886 1992 2066 2171
57 118 179 241 301 365 428 491 557 623 692 760 833 902 975 1050 1126 1203 1281 1364 1445 1535 1618 1711 1797 1886 1992 2066 2171
