obs_wl_air(nm),unc_obs_wl,ritz_wl_air(nm),unc_ritz_wl,intens,line_ref,Aki(s^-1),Ei(cm-1),Ek(cm-1),conf_i,term_i,J_i,conf_k,term_k,J_k
578.0438,0.0003,578.043735,1.4e-05,20,L3552,,,,,,,,,
578.1481,0.0002,578.14743,3e-05,83,L12239,,,,,,,,,
578.1578,7e-05,578.157734,6e-06,95,L5951,,,,,,,,,
578.16587,4e-05,578.165888,5e-06,340,L5951,,,,,,,,,
578.22423,4e-05,578.224231,1e-05,260,L5951,,,,,,,,,
578.2314,3e-05,578.231372,4e-06,420,L18702,,,,,,,,,
578.3839,0.0003,578.383188,2.4e-05,25,L12239,,,,,,,,,
578.4216,0.0003,578.42164,3e-05,13,L12239,,,,,,,,,
578.49238,0.00023,578.492098,3e-06,35,L12239,,,,,,,,,
578.51224,0.00023,578.512346,1.4e-05,40,L12239,,,,,,,,,
578.5866,0.0003,578.58655,1.7e-05,18,L12239,,,,,,,,,
578.6209,0.0003,578.6214,3e-05,29,L3552,,,,,,,,,
578.6784,0.0003,578.678693,2e-05,24,L12239,,,,,,,,,
578.7896,0.0003,578.789614,2.4e-05,30,L3552,,,,,,,,,
578.8027,0.0003,578.804023,2e-05,40,L3552,,,,,,,,,
578.93751,0.00023,578.93733,1.4e-05,36,L12239,,,,,,,,,
578.964495,4e-06,578.964495,3e-06,3400,L18702,,,,,,,,,
579.1032,0.0003,579.103122,1e-05,50,L3552,,,,,,,,,
579.17035,4e-05,579.170468,1e-05,240,L5951,,,,,,,,,
579.243027,5e-06,579.243024,3e-06,2700,L18702,,,,,,,,,
579.2685,0.0003,579.268085,2e-05,40,L3552,,,,,,,,,
579.5407,0.0003,579.540223,1.4e-05,10,L3552,,,,,,,,,
579.606825,8e-06,579.60682,3e-06,1600,L18702,,,,,,,,,
579.65207,0.00017,579.652322,6e-06,87,L12239,,,,,,,,,
579.731934,2e-05,579.731925,4e-06,570,L18702,,,,,,,,,
579.8088,0.0003,579.807852,7e-06,51,L3552,,,,,,,,,
579.826,0.0003,579.825866,2e-05,40,L3552,,,,,,,,,
579.84778,2.4e-05,579.847784,3e-06,450,L18702,,,,,,,,,
579.8765,0.0002,579.876216,1.1e-05,58,L12239,,,,,,,,,
580.0159,0.0003,580.016838,4e-06,10,L3552,,,,,,,,,
580.08295,4e-06,580.082948,3e-06,6000,L18702,,,,,,,,,
580.1027,0.0003,580.102624,5e-06,410,L3552,,,,,,,,,
580.2097,0.0003,580.209195,2e-05,30,L3552,,,,,,,,,
580.23871,0.00017,580.238517,8e-06,120,L12239,,,,,,,,,
580.28483,6e-05,580.284884,1.7e-05,140,L5951,,,,,,,,,
580.3735,0.0003,580.372989,1.1e-05,82,L3552,,,,,,,,,
580.3805,0.0003,580.379626,2.4e-05,51,L3552,,,,,,,,,
580.414107,3e-06,580.414105,3e-06,18000,L18702,,,,,,,,,
580.5244,0.0003,580.524059,2e-05,20,L3552,,,,,,,,,
580.5495,0.0003,580.549139,1.1e-05,260,L3552,,,,,,,,,
580.5612,0.0003,580.560624,6e-06,10,L3552,,,,,,,,,
580.57019,4e-05,580.570152,4e-06,270,L18702,,,,,,,,,
580.61978,5e-05,580.619682,7e-06,160,L5951,,,,,,,,,
580.65873,0.00024,580.658597,1.7e-05,49,L12239,,,,,,,,,
580.76814,3e-05,580.768144,6e-06,380,L5951,,,,,,,,,
580.7932,0.0003,580.792942,2.4e-05,10,L3552,,,,,,,,,
580.86568,7e-05,580.865591,4e-06,99,L5951,,,,,,,,,
580.9992,0.0003,580.99922,3e-05,18,L12239,,,,,,,,,
581.0453,0.0003,581.044732,8e-06,51,L3552,,,,,,,,,
581.18412,0.00014,581.184205,1.4e-05,110,L18702,,,,,,,,,
581.26982,0.0002,581.269891,1.1e-05,82,L12239,,,,,,,,,
581.29724,1e-05,581.297251,4e-06,1200,L18702,,,,,,,,,
581.31764,0.0002,581.317659,4e-06,55,L12239,,,,,,,,,
581.3534,0.0003,581.352935,5e-06,10,L3552,,,,,,,,,
581.4095,0.0003,581.409424,2.1e-05,14,L12239,,,,,,,,,
581.43665,0.00024,581.436051,2.1e-05,35,L12239,,,,,,,,,
581.47256,7e-05,581.472495,1.1e-05,89,L5951,,,,,,,,,
581.6182,0.0003,581.618203,1.4e-05,21,L12239,,,,,,,,,
581.7225,0.0003,581.722572,2.1e-05,15,L12239,,,,,,,,,
581.8218,0.0003,581.820994,2.1e-05,21,L3552,,,,,,,,,
581.84495,4e-05,581.844931,8e-06,330,L5951,,,,,,,,,
581.8801,0.0003,581.880022,7e-06,11,L12239,,,,,,,,,
581.9019,0.0003,581.90082,3e-05,12,L12239,,,,,,,,,
581.91271,7e-05,581.912682,3e-06,94,L5951,,,,,,,,,
581.92995,0.00024,581.929855,1.1e-05,38,L12239,,,,,,,,,
581.9354,0.0003,581.936847,2.1e-05,19,L12239,,,,,,,,,
581.96027,4e-05,581.960273,1.1e-05,300,L5951,,,,,,,,,
581.98999,6e-05,581.98994,4e-06,130,L5951,,,,,,,,,
582.00765,5e-05,582.007659,7e-06,190,L5951,,,,,,,,,
582.0298,0.0004,582.0294,3e-05,8,L12239,,,,,,,,,
582.0816,0.0003,582.081245,2.1e-05,29,L12239,,,,,,,,,
582.1691,0.0003,582.16798,3e-05,31,L3552,,,,,,,,,
582.20473,0.0002,582.205028,1.1e-05,53,L12239,,,,,,,,,
582.27932,3e-05,582.279341,7e-06,440,L5951,,,,,,,,,
582.3261,0.0003,582.32583,2.4e-05,21,L3552,,,,,,,,,
582.3555,0.0003,582.355244,7e-06,31,L3552,,,,,,,,,
582.48873,5e-05,582.488793,1.7e-05,210,L5951,,,,,,,,,
582.5003,6e-05,582.500263,6e-06,130,L5951,,,,,,,,,
582.6097,0.0003,582.609439,1.1e-05,260,L3552,,,,,,,,,
582.62721,4e-05,582.627247,1.7e-05,250,L5951,,,,,,,,,
582.63477,6e-05,582.634799,3e-06,110,L5951,,,,,,,,,
582.79,0.0003,582.788993,2.1e-05,21,L3552,,,,,,,,,
582.91096,5e-05,582.910965,1.1e-05,200,L5951,,,,,,,,,
582.9802,0.0003,582.981283,5e-06,28,L12239,,,,,,,,,
582.98624,4e-05,582.98619,3e-05,230,L5951,,,,,,,,,
583.0041,0.0003,583.003865,2.4e-05,11,L12239,,,,,,,,,
583.0144,0.0004,583.015001,2.1e-05,10,L12239,,,,,,,,,
583.082742,2.4e-05,583.08272,4e-06,500,L18702,,,,,,,,,
583.1002,0.0003,583.100251,6e-06,31,L3552,,,,,,,,,
583.1677,0.0003,583.167302,1.7e-05,29,L12239,,,,,,,,,
583.1751,0.0003,583.175446,7e-06,17,L12239,,,,,,,,,
583.237045,8e-06,583.237045,4e-06,1600,L18702,,,,,,,,,
583.3132,0.0003,583.312721,2.4e-05,21,L3552,,,,,,,,,
583.3849,0.0003,583.384981,2.4e-05,84,L3552,,,,,,,,,
583.4826,0.0004,583.48318,4e-05,9,L12239,,,,,,,,,
583.5167,0.0003,583.517077,2.4e-05,28,L12239,,,,,,,,,
583.7528,0.0003,583.753232,1.1e-05,19,L12239,,,,,,,,,
583.8064,0.0003,583.806149,2.4e-05,12,L12239,,,,,,,,,
583.8312,0.0004,583.831241,2.1e-05,10,L12239,,,,,,,,,
583.9266,0.0003,583.926663,1.7e-05,84,L3552,,,,,,,,,
583.94822,0.0001,583.948297,5e-06,140,L18702,,,,,,,,,
583.94969,0.0001,583.949647,1.1e-05,170,L18702,,,,,,,,,
583.9591,5e-05,583.959028,4e-06,220,L5951,,,,,,,,,
583.98513,4e-05,583.985131,3e-06,250,L5951,,,,,,,,,
584.0535,0.0003,584.052272,1.7e-05,84,L3552,,,,,,,,,
584.06405,1.7e-05,584.064043,4e-06,700,L18702,,,,,,,,,
584.1202,0.0003,584.120071,6e-06,26,L12239,,,,,,,,,
584.1758,0.0003,584.175875,1.7e-05,31,L3552,,,,,,,,,
584.1915,0.0003,584.192682,1.4e-05,160,L3552,,,,,,,,,
584.20499,5e-05,584.205045,8e-06,150,L5951,,,,,,,,,
584.2365,0.0003,584.236876,2.1e-05,17,L12239,,,,,,,,,
584.3011,0.0003,584.301501,5e-06,18,L12239,,,,,,,,,
584.3146,5e-05,584.31446,3e-05,200*,L5951,,,,,,,,,
584.3267,0.0003,584.326717,1.7e-05,110,L3552,,,,,,,,,
584.380626,2.4e-05,584.38069,3e-06,590,L18702,,,,,,,,,
584.4704,0.0003,584.469783,1.7e-05,31,L3552,,,,,,,,,
584.47908,5e-05,584.47905,3e-05,150,L5951,,,,,,,,,
584.4885,0.0003,584.488393,2.1e-05,14,L12239,,,,,,,,,
584.5308,0.0003,584.53047,3e-05,11,L12239,,,,,,,,,
584.5414,0.0004,584.54151,3e-05,9,L12239,,,,,,,,,
584.591886,2.1e-05,584.591887,3e-06,550,L18702,,,,,,,,,
584.8135,0.0003,584.813439,2.1e-05,42,L3552,,,,,,,,,
584.8277,0.0003,584.827235,1.7e-05,10,L3552,,,,,,,,,
584.8554,0.0003,584.855641,1.7e-05,270,L3552,,,,,,,,,
584.9514,0.0003,584.951407,1.7e-05,160,L3552,,,,,,,,,
584.9768,0.0003,584.976728,1.1e-05,30,L12239,,,,,,,,,
585.0377,0.0003,585.037667,1.7e-05,25,L12239,,,,,,,,,
585.0566,0.0003,585.056703,1.4e-05,52,L3552,,,,,,,,,
585.0746,0.0003,585.07424,3e-05,26,L12239,,,,,,,,,
585.0804,0.0003,585.08109,3e-05,10,L12239,,,,,,,,,
585.12172,0.00024,585.121656,4e-06,41,L12239,,,,,,,,,
585.24846,3e-05,585.248479,5e-06,320,L18702,,,,,,,,,
585.26809,6e-06,585.268089,4e-06,2600,L18702,,,,,,,,,
585.2844,0.0003,585.284723,1.1e-05,160,L3552,,,,,,,,,
585.347451,1e-05,585.347457,3e-06,1300,L18702,,,,,,,,,
585.412049,7e-06,585.41205,5e-06,2000,L18702,,,,,,,,,
585.4858,0.0003,585.485974,2.1e-05,31,L3552,,,,,,,,,
585.54985,5e-05,585.549904,1.1e-05,220,L5951,,,,,,,,,
585.5789,0.0003,585.578272,7e-06,10,L3552,,,,,,,,,
585.5911,0.0003,585.591433,5e-06,14,L12239,,,,,,,,,
585.6112,0.00021,585.611235,6e-06,60,L12239,,,,,,,,,
585.62297,0.00021,585.622878,7e-06,58,L12239,,,,,,,,,
585.6678,0.0004,585.66742,3e-05,7,L12239,,,,,,,,,
585.7725,0.0003,585.77185,2.1e-05,21,L3552,,,,,,,,,
585.86379,5e-05,585.863762,5e-06,180,L5951,,,,,,,,,
585.87543,4e-05,585.875396,1.1e-05,310,L5951,,,,,,,,,
585.9348,0.0003,585.934803,8e-06,160,L3552,,,,,,,,,
586.0259,0.0003,586.025884,3e-06,160,L3552,,,,,,,,,
586.048,0.0003,586.048043,5e-06,160,L3552,,,,,,,,,
586.11896,0.00014,586.119182,3e-06,200,L12239,,,,,,,,,
586.1289,0.0003,586.128909,2.1e-05,85,L3552,,,,,,,,,
586.1894,0.0003,586.188731,2.1e-05,21,L3552,,,,,,,,,
586.2121,0.0003,586.21261,2.1e-05,21,L12239,,,,,,,,,
586.3146,0.0003,586.314736,1.4e-05,32,L3552,,,,,,,,,
586.3552,0.0003,586.355627,2.1e-05,17,L12239,,,,,,,,,
586.37185,9e-06,586.371827,3e-06,1400,L18702,,,,,,,,,
586.4128,0.0003,586.412705,9e-06,43,L3552,,,,,,,,,
586.68117,3e-05,586.681199,4e-06,330,L18702,,,,,,,,,
586.7542,0.0003,586.754588,2.1e-05,10,L3552,,,,,,,,,
586.7841,0.0003,586.784242,1.7e-05,220,L3552,,,,,,,,,
586.837475,2.4e-05,586.837463,7e-06,430,L18702,,,,,,,,,
586.9164,0.0003,586.916163,4e-06,86,L3552,,,,,,,,,
586.92,0.0003,586.920072,1.1e-05,21,L3552,,,,,,,,,
586.985072,1.7e-05,586.985066,4e-06,700,L18702,,,,,,,,,
587.00522,6e-05,587.005201,4e-06,150,L5951,,,,,,,,,
587.04625,0.00017,587.046944,1.4e-05,100,L12239,,,,,,,,,
587.118265,1.7e-05,587.118273,4e-06,680,L18702,,,,,,,,,
587.1405,0.0003,587.140068,1.1e-05,160,L3552,,,,,,,,,
587.28842,5e-05,587.288671,1.4e-05,220bl,L5951,,,,,,,,,
587.3332,0.0003,587.332862,1.8e-05,110,L3552,,,,,,,,,
587.3462,0.0003,587.345903,1.8e-05,86,L3552,,,,,,,,,
587.392,0.0003,587.391396,1.8e-05,42,L3552,,,,,,,,,
587.40382,5e-05,587.403819,5e-06,210,L5951,,,,,,,,,
587.49865,4e-05,587.498624,1.4e-05,340,L5951,,,,,,,,,
587.7186,0.0003,587.718556,1.4e-05,21,L3552,,,,,,,,,
587.7552,0.0003,587.756087,2.4e-05,11,L12239,,,,,,,,,
587.7678,0.0003,587.767782,1.4e-05,11,L12239,,,,,,,,,
587.77845,0.00021,587.77829,6e-05,73,L12239,,,,,,,,,
587.82763,6e-05,587.827872,2.4e-05,140*,L5951,,,,,,,,,
587.89266,0.00017,587.893346,8e-06,100,L12239,,,,,,,,,
587.91265,5e-05,587.912594,5e-06,180,L5951,,,,,,,,,
588.1065,0.0003,588.10692,1.8e-05,43,L3552,,,,,,,,,
588.1988,0.0003,588.198301,2.1e-05,21,L3552,,,,,,,,,
588.22996,0.00021,588.229873,7e-06,69,L12239,,,,,,,,,
588.246,0.0003,588.245909,3e-06,110,L3552,,,,,,,,,
588.40331,6e-05,588.403277,7e-06,150,L5951,,,,,,,,,
588.55,5e-05,588.549919,4e-06,250,L5951,,,,,,,,,
588.570154,4e-06,588.570155,3e-06,5200,L18702,,,,,,,,,
588.65314,1.7e-05,588.653128,6e-06,690,L18702,,,,,,,,,
588.684,0.0003,588.683615,2.4e-05,11,L12239,,,,,,,,,
588.7919,0.0003,588.791856,2.1e-05,87,L3552,,,,,,,,,
589.00167,7e-05,589.001734,9e-06,94,L5951,,,,,,,,,
589.0565,0.0003,589.05668,3e-05,22,L12239,,,,,,,,,
589.145099,4e-06,589.145094,4e-06,3400,L18702,,,,,,,,,
589.167,0.0003,589.166935,1.4e-05,54,L3552,,,,,,,,,
589.1774,0.0003,589.177835,5e-06,54,L3552,,,,,,,,,
589.24327,5e-05,589.243282,1.1e-05,190,L5951,,,,,,,,,
589.278,0.0003,589.278007,1.1e-05,87,L3552,,,,,,,,,
589.3029,0.0003,589.301788,2.1e-05,10,L12239,,,,,,,,,
589.31932,0.00017,589.319193,9e-06,130,L12239,,,,,,,,,
589.46978,3e-05,589.469673,7e-06,400,L5951,,,,,,,,,
589.5053,0.0003,589.50523,1.8e-05,110,L3552,,,,,,,,,
589.528181,2.1e-05,589.528184,7e-06,540,L18702,,,,,,,,,
589.6114,0.0003,589.611161,2.5e-05,21,L3552,,,,,,,,,
589.66111,0.00024,589.66111,3e-05,46,L12239,,,,,,,,,
589.67885,7e-05,589.678737,3e-06,95,L5951,,,,,,,,,
589.7123,0.0004,589.712033,2.5e-05,7,L12239,,,,,,,,,
589.7246,0.0003,589.724215,1.4e-05,10,L3552,,,,,,,,,
589.9042,0.0004,589.90559,3e-05,9,L12239,,,,,,,,,
589.9302,0.0003,589.930361,1.1e-05,26,L12239,,,,,,,,,
589.9466,0.0003,589.946333,9e-06,85,L3552,,,,,,,,,
589.95228,4e-05,589.952291,1.1e-05,270,L5951,,,,,,,,,
589.984405,1.4e-05,589.984396,3e-06,930,L18702,,,,,,,,,
589.99241,0.00017,589.991608,1.8e-05,88,L12239,,,,,,,,,
590.035,0.0003,590.035463,1.8e-05,12,L12239,,,,,,,,,
590.0448,0.0003,590.044617,1.1e-05,21,L3552,,,,,,,,,
590.1928,0.0003,590.192834,1.8e-05,29,L12239,,,,,,,,,
590.2602,3e-05,590.260201,8e-06,480,L5951,,,,,,,,,
590.33383,0.00017,590.333746,6e-06,91,L12239,,,,,,,,,
590.34926,6e-05,590.349361,1.8e-05,120,L5951,,,,,,,,,
590.3643,0.0003,590.363218,1.8e-05,16,L12239,,,,,,,,,
590.39348,0.00021,590.393446,2.1e-05,48,L12239,,,,,,,,,
590.43079,0.00024,590.431101,6e-06,45,L12239,,,,,,,,,
590.51763,5e-05,590.517631,4e-06,200,L5951,,,,,,,,,
590.557068,7e-06,590.55706,4e-06,2100,L18702,,,,,,,,,
590.57604,6e-05,590.576085,2.1e-05,150,L5951,,,,,,,,,
590.6164,0.0003,590.6162,1.4e-05,32,L3552,,,,,,,,,
590.6843,0.0003,590.684176,2.5e-05,13,L12239,,,,,,,,,
590.734,0.0003,590.735012,2.5e-05,13,L12239,,,,,,,,,
590.892545,8e-06,590.892544,5e-06,1800,L18702,,,,,,,,,
590.895744,1.4e-05,590.895741,4e-06,830,L18702,,,,,,,,,
590.9887,0.0003,590.988405,2.1e-05,10,L3552,,,,,,,,,
591.02346,0.00024,591.023764,1.8e-05,44,L12239,,,,,,,,,
591.064,0.0003,591.064247,1.1e-05,42,L3552,,,,,,,,,
591.1097,0.0003,591.109626,1.8e-05,85,L3552,,,,,,,,,
591.12294,3e-05,591.122967,7e-06,450,L18702,,,,,,,,,
591.3283,0.00024,591.328302,6e-06,34,L12239,,,,,,,,,
591.33637,5e-05,591.336334,1.1e-05,200,L5951,,,,,,,,,
591.467077,4e-06,591.46708,4e-06,5600,L18702,,,,,,,,,
591.471375,9e-06,591.471366,4e-06,1300,L18702,,,,,,,,,
591.5176,0.0003,591.517211,1.8e-05,16,L12239,,,,,,,,,
591.672829,2.1e-05,591.672817,6e-06,590,L18702,,,,,,,,,
591.72793,0.00025,591.727919,2.1e-05,31,L12239,,,,,,,,,
591.81901,0.00021,591.81897,1.1e-05,61,L12239,,,,,,,,,
591.88117,0.00025,591.88063,1.1e-05,39,L12239,,,,,,,,,
591.894462,1.1e-05,591.894461,4e-06,1100,L18702,,,,,,,,,
591.9224,0.0004,591.922485,1.1e-05,170,L3552,,,,,,,,,
592.09771,0.00021,592.0976,1.8e-05,70,L12239,,,,,,,,,
592.1102,0.0004,592.110261,2.5e-05,45,L3552,,,,,,,,,
592.19675,0.00018,592.19675,3e-05,120,L12239,,,,,,,,,
592.28025,4e-05,592.280294,1.1e-05,290,L5951,,,,,,,,,
592.28651,5e-05,592.286442,3e-06,170,L5951,,,,,,,,,
592.39193,0.00021,592.391854,1.4e-05,67,L12239,,,,,,,,,
592.4519,0.0004,592.451856,7e-06,170,L3552,,,,,,,,,
592.4973,0.0004,592.49632,3e-05,7,L12239,,,,,,,,,
592.540359,9e-06,592.540347,3e-06,1600,L18702,,,,,,,,,
592.5719,0.0004,592.571527,1.8e-05,170,L3552,,,,,,,,,
592.58641,3e-05,592.586395,7e-06,610*,L5951,,,,,,,,,
592.58641,3e-05,592.586464,2.1e-05,610*,L5951,,,,,,,,,
592.60027,4e-05,592.600318,3e-06,350,L18702,,,,,,,,,
592.623199,5e-06,592.623196,3e-06,3100,L18702,,,,,,,,,
592.8123,0.0004,592.811939,1.1e-05,45,L3552,,,,,,,,,
592.8755,0.0004,592.875059,1.4e-05,34,L3552,,,,,,,,,
592.88629,6e-05,592.88613,1.1e-05,130,L5951,,,,,,,,,
592.93262,0.00021,592.932814,1.1e-05,59,L12239,,,,,,,,,
592.9589,0.0003,592.958465,1.8e-05,25,L12239,,,,,,,,,
592.993423,1.1e-05,592.993426,3e-06,1100,L18702,,,,,,,,,
593.03121,7e-05,593.031179,7e-06,94,L5951,,,,,,,,,
593.10633,0.00025,593.105461,2.5e-05,33,L12239,,,,,,,,,
593.2056,0.0004,593.205221,1.8e-05,45,L3552,,,,,,,,,
593.24274,5e-05,593.242728,1.1e-05,240,L5951,,,,,,,,,
593.2911,0.0004,593.290952,1.1e-05,170,L3552,,,,,,,,,
593.3682,0.0004,593.36751,3e-05,6,L12239,,,,,,,,,
593.38416,0.00025,593.384481,1.1e-05,37,L12239,,,,,,,,,
593.4103,0.0004,593.411453,1.4e-05,11,L3552,,,,,,,,,
593.44092,3e-05,593.440934,9e-06,400,L18702,,,,,,,,,
593.44609,4e-05,593.446284,5e-06,320,L5951,,,,,,,,,
593.5271,0.0004,593.527,2.1e-05,8,L12239,,,,,,,,,
593.61731,0.00025,593.617627,1.8e-05,37,L12239,,,,,,,,,
593.63855,2.1e-05,593.638612,6e-06,530,L18702,,,,,,,,,
593.6874,5e-05,593.687397,6e-06,230,L5951,,,,,,,,,
593.71619,3e-05,593.716199,7e-06,500,L5951,,,,,,,,,
593.72843,0.00021,593.72893,1.4e-05,64,L12239,,,,,,,,,
593.7415,0.0003,593.741613,8e-06,20,L12239,,,,,,,,,
593.766341,1.1e-05,593.766342,3e-06,1200,L18702,,,,,,,,,
593.79252,4e-05,593.792508,4e-06,290,L5951,,,,,,,,,
593.8041,0.0004,593.803603,2.5e-05,11,L3552,,,,,,,,,
593.82841,0.00021,593.82818,1.1e-05,47,L12239,,,,,,,,,
593.845684,6e-06,593.845686,3e-06,2700,L18702,,,,,,,,,
593.88251,4e-06,593.882509,3e-06,6200,L18702,,,,,,,,,
593.9044,0.0004,593.904534,1.4e-05,170,L3552,,,,,,,,,
594.05653,5e-05,594.056596,6e-06,250,L5951,,,,,,,,,
594.0965,0.00018,594.096805,2.1e-05,78,L12239,,,,,,,,,
594.1127,0.0003,594.112736,1.8e-05,20,L12239,,,,,,,,,
594.1568,0.0004,594.156612,2.5e-05,23,L3552,,,,,,,,,
594.22561,0.00025,594.225428,1.1e-05,31,L12239,,,,,,,,,
594.23588,4e-05,594.235856,7e-06,310,L18702,,,,,,,,,
594.34652,5e-05,594.346499,4e-06,230,L5951,,,,,,,,,
594.34959,6e-05,594.349699,1.1e-05,120,L5951,,,,,,,,,
594.37434,0.00021,594.374993,1.1e-05,51,L12239,,,,,,,,,
594.3934,0.0004,594.393135,1.4e-05,11,L3552,,,,,,,,,
594.4526,0.0003,594.451574,1.8e-05,25,L12239,,,,,,,,,
594.464734,6e-06,594.464732,3e-06,2700,L18702,,,,,,,,,
594.4806,0.0004,594.480647,1.4e-05,170,L3552,,,,,,,,,
594.5184,0.0004,594.518605,1.4e-05,12,L12239,,,,,,,,,
594.5324,0.0003,594.532127,2.1e-05,14,L12239,,,,,,,,,
594.54766,0.00021,594.547739,8e-06,64,L12239,,,,,,,,,
594.6027,0.0004,594.602303,1.4e-05,88,L3552,,,,,,,,,
594.62346,5e-05,594.623568,5e-06,230,L5951,,,,,,,,,
594.7502,0.0004,594.749941,1.4e-05,44,L3552,,,,,,,,,
594.83895,0.00025,594.838743,1.8e-05,35,L12239,,,,,,,,,
594.879912,2.5e-05,594.879917,3e-06,480,L18702,,,,,,,,,
594.8965,0.0004,594.89605,1.1e-05,57,L3552,,,,,,,,,
594.9218,0.0004,594.92139,1.1e-05,170,L3552,,,,,,,,,
594.93702,4e-05,594.937023,5e-06,330,L5951,,,,,,,,,
594.9682,0.0003,594.96908,3e-05,18,L12239,,,,,,,,,
595.01416,0.00021,595.014162,1.4e-05,48,L12239,,,,,,,,,
595.0228,0.00021,595.022926,5e-06,48,L12239,,,,,,,,,
595.0276,0.0003,595.02846,5e-05,21,L12239,,,,,,,,,
595.04264,7e-05,595.042638,1.1e-05,110,L5951,,,,,,,,,
595.06372,7e-05,595.063799,7e-06,85,L5951,,,,,,,,,
595.07727,5e-05,595.077235,1.4e-05,190,L5951,,,,,,,,,
595.2142,0.0004,595.21385,4e-05,13,L12239,,,,,,,,,
595.2456,0.0004,595.245214,1.1e-05,22,L3552,,,,,,,,,
595.2807,0.0004,595.280441,1.1e-05,22,L3552,,,,,,,,,
595.32483,0.00018,595.324997,4e-06,120,L12239,,,,,,,,,
595.35825,5e-05,595.358232,1.1e-05,180,L5951,,,,,,,,,
595.45852,5e-05,595.458441,5e-06,190,L5951,,,,,,,,,
595.47586,0.00021,595.476001,2.5e-05,62,L12239,,,,,,,,,
595.556169,2.1e-05,595.556171,6e-06,500,L18702,,,,,,,,,
595.62588,4e-05,595.625937,1.1e-05,360,L5951,,,,,,,,,
595.74676,7e-05,595.746775,7e-06,100,L5951,,,,,,,,,
595.75885,4e-05,595.758865,7e-06,270,L5951,,,,,,,,,
595.87379,7e-05,595.873751,9e-06,83,L5951,,,,,,,,,
595.96738,3e-05,595.967357,4e-06,350,L18702,,,,,,,,,
595.973,5e-05,595.972968,5e-06,190,L5951,,,,,,,,,
596.0529,0.0004,596.052385,1.1e-05,57,L3552,,,,,,,,,
596.07806,4e-05,596.078048,7e-06,280,L5951,,,,,,,,,
596.1249,0.0004,596.124472,1.8e-05,46,L3552,,,,,,,,,
596.20562,4e-05,596.205638,5e-06,270,L5951,,,,,,,,,
596.2288,0.0003,596.22815,4e-05,14,L12239,,,,,,,,,
596.2773,0.0004,596.277082,2.5e-05,46,L3552,,,,,,,,,
596.2975,0.0004,596.296709,2.2e-05,34,L3552,,,,,,,,,
596.3308,0.0004,596.330404,9e-06,120,L3552,,,,,,,,,
596.3661,0.0004,596.365743,1.8e-05,120,L3552,,,,,,,,,
596.39262,0.00021,596.392623,7e-06,70,L12239,,,,,,,,,
596.40106,0.00018,596.40092,6e-06,82,L12239,,,,,,,,,
596.4088,0.0004,596.40696,1.8e-05,6,L12239,,,,,,,,,
596.4693,0.0003,596.469754,1.8e-05,13,L12239,,,,,,,,,
596.57392,6e-05,596.574023,6e-06,150,L5951,,,,,,,,,
596.58281,5e-05,596.582924,3e-06,170,L5951,,,,,,,,,
596.6273,0.0004,596.626838,1.1e-05,58,L3552,,,,,,,,,
596.75099,6e-05,596.751128,7e-06,140,L5951,,,,,,,,,
596.973737,2.1e-05,596.97373,6e-06,620,L18702,,,,,,,,,
597.03736,0.00025,597.036679,2.5e-05,29,L12239,,,,,,,,,
597.04506,7e-05,597.045019,1.5e-05,99,L5951,,,,,,,,,
597.1073,0.0004,597.107474,1.5e-05,46,L3552,,,,,,,,,
597.1369,0.0004,597.135929,1.5e-05,35,L3552,,,,,,,,,
597.1881,0.0004,597.187659,2.5e-05,35,L3552,,,,,,,,,
597.24351,6e-05,597.243402,4e-06,110,L5951,,,,,,,,,
597.366467,3e-06,597.366467,3e-06,17000,L18702,,,,,,,,,
597.506477,3e-06,597.506479,3e-06,7400,L18702,,,,,,,,,
597.62005,6e-05,597.620119,6e-06,120,L5951,,,,,,,,,
597.7087,0.0004,597.708639,5e-06,120,L3552,,,,,,,,,
597.7539,0.00021,597.75397,3e-05,51,L12239,,,,,,,,,
597.8413,0.0003,597.841351,1.1e-05,20,L12239,,,,,,,,,
597.9326,0.0003,597.932532,7e-06,15,L12239,,,,,,,,,
598.1233,0.0004,598.122162,2.2e-05,23,L3552,,,,,,,,,
598.20961,4e-05,598.209609,5e-06,340,L5951,,,,,,,,,
598.2229,0.0004,598.223491,1.5e-05,59,L3552,,,,,,,,,
598.2652,0.0003,598.265242,7e-06,43,L12239,,,,,,,,,
598.3163,0.0004,598.316512,1.1e-05,59,L3552,,,,,,,,,
598.49986,0.00021,598.49903,3e-05,47,L12239,,,,,,,,,
598.56783,0.00022,598.567887,1.1e-05,57,L12239,,,,,,,,,
598.62667,3e-05,598.626652,3e-06,470,L18702,,,,,,,,,
598.8002,0.0003,598.79987,4e-05,15,L12239,,,,,,,,,
598.94448,6e-05,598.944541,1.5e-05,130*,L5951,,,,,,,,,
598.94448,6e-05,598.94478,4e-05,130*,L5951,,,,,,,,,
598.9743,5e-05,598.974263,1.8e-05,230,L5951,,,,,,,,,
599.100698,4e-06,599.100701,3e-06,4400,L18702,,,,,,,,,
599.14579,0.00014,599.145752,3e-06,190,L12239,,,,,,,,,
599.34941,5e-05,599.349302,4e-06,250,L5951,,,,,,,,,
599.396,0.0004,599.395585,1.1e-05,590,L3552,,,,,,,,,
599.412865,3e-06,599.412865,3e-06,12000,L18702,,,,,,,,,
599.46902,0.00014,599.469029,1.1e-05,320,L12239,,,,,,,,,
599.52198,6e-05,599.521998,9e-06,160,L5951,,,,,,,,,
599.56822,0.00022,599.568282,4e-06,58,L12239,,,,,,,,,
599.662944,2.2e-05,599.662968,4e-06,570,L18702,,,,,,,,,
599.70089,6e-05,599.700854,1.8e-05,150,L5951,,,,,,,,,
599.7786,0.0003,599.778174,1.5e-05,22,L12239,,,,,,,,,
599.9588,0.0003,599.958851,1.1e-05,21,L12239,,,,,,,,,
600.041,0.0003,600.041555,1.8e-05,23,L12239,,,,,,,,,
"=""600.0410""","=""0.0003""","=""600.041555""","=""0.000018""","=""23""",,"=""""","=""17073.80916""","=""33734.7071""","=""6d3.(4P).7s""","=""""","=""1""","=""""","=""*""","=""2"""
600.0538,0.0003,600.05295,3e-05,35,L12239,,,,,,,,,
"=""600.0538""","=""0.0003""","=""600.05295""","=""0.00003""","=""35""",,"=""""","=""23655.13881""","=""40315.7205""","=""""","=""*""","=""4""","=""""","=""""","=""4"""
600.0554,0.0004,600.055228,2.2e-05,58,L3552,,,,,,,,,
"=""600.0554""","=""0.0004""","=""600.055228""","=""0.000022""","=""58""",,"=""""","=""21645.85769""","=""38306.3760""","=""6d3.(2G).7s""","=""""","=""4""","=""""","=""*""","=""4"""
600.076213,1.8e-05,600.07621,5e-06,620,L18702,,,,,,,,,
"=""600.076213""","=""0.000018""","=""600.076210""","=""0.000005""","=""620""",,"=""""","=""13175.113345""","=""29835.04913""","=""5f.6d.7s2""","=""3G*""","=""4""","=""""","=""""","=""3"""
"=""600.08663""","=""0.00006""","=""600.086597""","=""0.000018""","=""120""",,"=""""","=""23621.50649""","=""40281.1539""","=""5f.6d2.7s""","=""5I*""","=""8""","=""""","=""""","=""7"""
600.08663,6e-05,600.086597,1.8e-05,120,L5951,,,,,,,,,
600.09421,0.00014,600.09381,8e-06,160,L12239,,,,,,,,,
"=""600.09421""","=""0.00014""","=""600.093810""","=""0.000008""","=""160""",,"=""""","=""15736.968041""","=""32396.41519""","=""6d2.7s.7p""","=""5F*""","=""1""","=""6d4""","=""3P1""","=""2"""
"=""600.120319""","=""0.000007""","=""600.120322""","=""0.000003""","=""1900""",,"=""""","=""8111.004545""","=""24769.71573""","=""6d2.7s2""","=""1G""","=""4""","=""""","=""*""","=""3"""
600.120319,7e-06,600.120322,3e-06,1900,L18702,,,,,,,,,
600.1732,6e-05,600.1733,4e-06,190,L18702,,,,,,,,,
"=""600.17320""","=""0.00006""","=""600.173300""","=""0.000004""","=""190""",,"=""""","=""3865.473772""","=""20522.71449""","=""6d2.7s2""","=""3P""","=""1""","=""6d2.7s.7p""","=""3F*""","=""2"""
"=""600.21956""","=""0.00022""","=""600.219492""","=""0.000006""","=""59""",,"=""""","=""13088.56115""","=""29744.51997""","=""6d3.(2G).7s""","=""3G""","=""3""","=""""","=""*""","=""3"""
600.21956,0.00022,600.219492,6e-06,59,L12239,,,,,,,,,
"=""600.2493""","=""0.0003""","=""600.249486""","=""0.000022""","=""25""",,"=""""","=""24701.04375""","=""41356.1703""","=""""","=""*""","=""5""","=""""","=""""","=""5"""
600.2493,0.0003,600.249486,2.2e-05,25,L12239,,,,,,,,,
600.28699,0.00022,600.286296,1.1e-05,51,L12239,,,,,,,,,
"=""600.28699""","=""0.00022""","=""600.286296""","=""0.000011""","=""51""",,"=""""","=""18053.617845""","=""34707.7231""","=""6d.7s2.7p""","=""3F*""","=""4""","=""""","=""""","=""3"""
"=""600.516488""","=""0.000007""","=""600.516493""","=""0.000004""","=""1800""",,"=""""","=""2869.259165""","=""19516.98043""","=""6d2.7s2""","=""3F""","=""3""","=""6d2.7s.7p""","=""5D*""","=""2"""
600.516488,7e-06,600.516493,4e-06,1800,L18702,,,,,,,,,
600.52107,6e-05,600.521156,1.1e-05,120,L5951,,,,,,,,,
"=""600.52107""","=""0.00006""","=""600.521156""","=""0.000011""","=""120""",,"=""""","=""22877.58322""","=""39525.1752""","=""""","=""*""","=""5""","=""""","=""""","=""5"""
"=""600.5600""","=""0.0004""","=""600.559459""","=""0.000018""","=""120""",,"=""""","=""21539.59257""","=""38186.1228""","=""""","=""*""","=""4""","=""""","=""""","=""4"""
600.56,0.0004,600.559459,1.8e-05,120,L3552,,,,,,,,,
600.58115,0.00022,600.580734,7e-06,46,L12239,,,,,,,,,
"=""600.58115""","=""0.00022""","=""600.580734""","=""0.000007""","=""46""",,"=""""","=""14243.993748""","=""30889.93430""","=""5f.6d.7s2""","=""3P*""","=""1""","=""""","=""""","=""1"""
"=""600.5921""","=""0.0004""","=""600.592186""","=""0.000022""","=""11""",,"=""""","=""19532.41646""","=""36178.0396""","=""6d3.(2F).7s""","=""3F""","=""4""","=""""","=""*""","=""4"""
600.5921,0.0004,600.592186,2.2e-05,11,L3552,,,,,,,,,
600.6084,0.0003,600.60778,2.2e-05,20,L12239,,,,,,,,,
"=""600.6084""","=""0.0003""","=""600.607780""","=""0.000022""","=""20""",,"=""""","=""24259.77463""","=""40904.9656""","=""""","=""*""","=""4""","=""""","=""""","=""5"""
"=""600.6294""","=""0.0004""","=""600.628905""","=""0.000018""","=""46""",,"=""""","=""17073.80916""","=""33718.4147""","=""6d3.(4P).7s""","=""""","=""1""","=""""","=""*""","=""2"""
600.6294,0.0004,600.628905,1.8e-05,46,L3552,,,,,,,,,
600.707212,4e-06,600.707212,4e-06,4500,L18702,,,,,,,,,
"=""600.707212""","=""0.000004""","=""600.707212""","=""0.000004""","=""4500""",,"=""""","=""8800.249723""","=""25442.68552""","=""6d3.(4F).7s""","=""5F""","=""4""","=""""","=""*""","=""3"""
"=""600.8052""","=""0.0004""","=""600.804880""","=""0.000015""","=""58""",,"=""""","=""15863.88829""","=""32503.6187""","=""6d3.(2D2).7s""","=""""","=""2""","=""""","=""*""","=""2"""
600.8052,0.0004,600.80488,1.5e-05,58,L3552,,,,,,,,,
600.84393,0.00022,600.843621,1.1e-05,45,L12239,,,,,,,,,
"=""600.84393""","=""0.00022""","=""600.843621""","=""0.000011""","=""45""",,"=""""","=""18069.065569""","=""34707.7231""","=""6d.7s2.7p""","=""1F*""","=""3""","=""""","=""""","=""3"""
"=""601.00191""","=""0.00008""","=""601.001976""","=""0.000010""","=""83""",,"=""""","=""16783.84708""","=""33418.1206""","=""5f.6d2.7s""","=""5I*""","=""4""","=""6d4""","=""""","=""4"""
601.00191,8e-05,601.001976,1e-05,83,L5951,,,,,,,,,
601.016045,5e-06,601.016038,3e-06,3200,L18702,,,,,,,,,
"=""601.016045""","=""0.000005""","=""601.016038""","=""0.000003""","=""3200""",,"=""""","=""2869.259165""","=""19503.143490""","=""6d2.7s2""","=""3F""","=""3""","=""6d2.7s.7p""","=""5F*""","=""3"""
"=""601.02551""","=""0.00006""","=""601.025413""","=""0.000015""","=""160""",,"=""""","=""17166.10472""","=""33799.7296""","=""6d3.(2H).7s""","=""3H""","=""5""","=""""","=""*""","=""4"""
601.02551,6e-05,601.025413,1.5e-05,160,L5951,,,,,,,,,
601.05994,7e-05,601.059944,1.1e-05,100,L5951,,,,,,,,,
"=""601.05994""","=""0.00007""","=""601.059944""","=""0.000011""","=""100""",,"=""""","=""19986.16721""","=""36618.8365""","=""5f.6d2.7s""","=""5H*""","=""6""","=""""","=""""","=""7"""
"=""601.1203""","=""0.0004""","=""601.12028""","=""0.00003""","=""180""",,"=""""","=""23049.45870""","=""39680.4585""","=""""","=""*""","=""1""","=""""","=""""","=""2"""
601.1203,0.0004,601.12028,3e-05,180,L3552,,,,,,,,,
601.1345,5e-05,601.134391,1.1e-05,200,L5951,,,,,,,,,
"=""601.13450""","=""0.00005""","=""601.134391""","=""0.000011""","=""200""",,"=""""","=""14465.221873""","=""31095.8313""","=""6d2.7s.7p""","=""5G*""","=""2""","=""6d4""","=""3D""","=""2"""
"=""601.15338""","=""0.00003""","=""601.153362""","=""0.000004""","=""480""",,"=""""","=""10414.13700""","=""27044.22163""","=""5f.6d.7s2""","=""1G*""","=""4""","=""""","=""""","=""3"""
601.15338,3e-05,601.153362,4e-06,480,L18702,,,,,,,,,
601.2,0.0003,601.20006,4e-05,18,L12239,,,,,,,,,
"=""601.2000""","=""0.0003""","=""601.20006""","=""0.00004""","=""18""",,"=""""","=""24381.33337""","=""41010.1262""","=""""","=""*""","=""2""","=""""","=""""","=""3"""
"=""601.2332""","=""0.0003""","=""601.233423""","=""0.000022""","=""27""",,"=""""","=""23609.16775""","=""40237.0379""","=""""","=""*""","=""5""","=""""","=""""","=""5"""
601.2332,0.0003,601.233423,2.2e-05,27,L12239,,,,,,,,,
601.3442,0.0004,601.343788,9e-06,94,L3552,,,,,,,,,
"=""601.3442""","=""0.0004""","=""601.343788""","=""0.000009""","=""94""",,"=""""","=""16783.84708""","=""33408.66553""","=""5f.6d2.7s""","=""5I*""","=""4""","=""""","=""""","=""3"""
"=""601.40563""","=""0.00008""","=""601.405660""","=""0.000015""","=""85""",,"=""""","=""17959.89498""","=""34583.0031""","=""6d3.(4F).7s""","=""3F""","=""4""","=""""","=""*""","=""3"""
601.40563,8e-05,601.40566,1.5e-05,85,L5951,,,,,,,,,
"=""601.4307""","=""0.0004""","=""601.430139""","=""0.000015""","=""590""",,"=""""","=""19588.36224""","=""36210.7938""","=""6d2.7s.7p""","=""5G*""","=""5""","=""""","=""""","=""5"""
601.4307,0.0004,601.430139,1.5e-05,590,L3552,,,,,,,,,
601.4578,0.0004,601.45808,3e-05,12,L12239,,,,,,,,,
"=""601.4578""","=""0.0004""","=""601.45808""","=""0.00003""","=""12""",,"=""""","=""22338.99484""","=""38960.6542""","=""5f.6d2.7s""","=""5G*""","=""3""","=""""","=""""","=""2"""
"=""601.63589""","=""0.00005""","=""601.635892""","=""0.000006""","=""210""",,"=""""","=""16346.64962""","=""32963.39652""","=""5f.6d2.7s""","=""5H*""","=""4""","=""""","=""""","=""5"""
601.63589,5e-05,601.635892,6e-06,210,L5951,,,,,,,,,
"=""601.7246""","=""0.0003""","=""601.72441""","=""0.00003""","=""16""",,"=""""","=""24915.01853""","=""41529.3210""","=""6d3.(2D1).7s""","=""3D""","=""3""","=""""","=""*""","=""2"""
601.7246,0.0003,601.72441,3e-05,16,L12239,,,,,,,,,
601.78618,7e-05,601.78605,3e-05,120,L5951,,,,,,,,,
"=""601.78618""","=""0.00007""","=""601.78605""","=""0.00003""","=""120""",,"=""""","=""19273.28060""","=""35885.8813""","=""6d3.(2P).7s""","=""""","=""2""","=""""","=""*""","=""2"""
"=""601.9411""","=""0.0004""","=""601.940662""","=""0.000022""","=""11""",,"=""""","=""20522.71449""","=""37131.0482""","=""6d2.7s.7p""","=""3F*""","=""2""","=""""","=""""","=""3"""
601.9411,0.0004,601.940662,2.2e-05,11,L3552,,,,,,,,,
601.96386,7e-05,601.963856,6e-06,110,L5951,,,,,,,,,
"=""601.96386""","=""0.00007""","=""601.963856""","=""0.000006""","=""110""",,"=""""","=""15166.900593""","=""31774.59439""","=""6d2.7s.7p""","=""5G*""","=""3""","=""""","=""""","=""3"""
"=""601.98190""","=""0.00022""","=""601.981855""","=""0.000004""","=""67""",,"=""""","=""13945.307389""","=""30552.50463""","=""6d.7s2.7p""","=""3F*""","=""3""","=""""","=""""","=""4"""
601.9819,0.00022,601.981855,4e-06,67,L12239,,,,,,,,,
"=""602.02715""","=""0.00007""","=""602.027147""","=""0.000018""","=""120""",,"=""""","=""11601.03035""","=""28206.9782""","=""6d3.(4P).7s""","=""5P""","=""1""","=""""","=""*""","=""0"""
602.02715,7e-05,602.027147,1.8e-05,120,L5951,,,,,,,,,
602.0498,0.00018,602.049759,1.5e-05,79,L12239,,,,,,,,,
"=""602.04980""","=""0.00018""","=""602.049759""","=""0.000015""","=""79""",,"=""""","=""15970.09583""","=""32575.4200""","=""6d3.(2D2).7s""","=""""","=""3""","=""6d3.7p""","=""5G*""","=""2"""
602.103563,4e-06,602.103562,3e-06,5500,L18702,,,,,,,,,
"=""602.103563""","=""0.000004""","=""602.103562""","=""0.000003""","=""5500""",,"=""""","=""7795.275291""","=""24399.11564""","=""5f.6d.7s2""","=""3H*""","=""4""","=""5f.6d.7s.7p""","=""5H""","=""3"""
"=""602.2640""","=""0.0004""","=""602.26520""","=""0.00003""","=""9""",,"=""""","=""20922.12244""","=""37521.5066""","=""""","=""*""","=""2""","=""""","=""""","=""3"""
602.264,0.0004,602.2652,3e-05,9,L12239,,,,,,,,,
602.26974,0.00022,602.269808,6e-06,48,L12239,,,,,,,,,
"=""602.26974""","=""0.00022""","=""602.269808""","=""0.000006""","=""48""",,"=""""","=""13945.307389""","=""30544.56459""","=""6d.7s2.7p""","=""3F*""","=""3""","=""""","=""""","=""2"""
"=""602.32242""","=""0.00004""","=""602.322438""","=""0.000007""","=""440""",,"=""""","=""13088.56115""","=""29686.36795""","=""6d3.(2G).7s""","=""3G""","=""3""","=""""","=""*""","=""3"""
602.32242,4e-05,602.322438,7e-06,440,L5951,,,,,,,,,
602.4082,0.0004,602.408736,1.1e-05,11,L3552,,,,,,,,,
"=""602.4082""","=""0.0004""","=""602.408736""","=""0.000011""","=""11""",,"=""""","=""18809.88631""","=""35405.3154""","=""6d2.7s.7p""","=""5G*""","=""4""","=""""","=""""","=""3"""
602.4835,0.0004,602.483075,1.8e-05,23,L3552,,,,,,,,,
"=""602.4835""","=""0.0004""","=""602.483075""","=""0.000018""","=""23""",,"=""""","=""20214.92997""","=""36808.3114""","=""6d2.7s.7p""","=""5D*""","=""3""","=""""","=""""","=""3"""
602.5049,0.0004,602.504032,2.2e-05,11,L3552,,,,,,,,,
"=""602.5049""","=""0.0004""","=""602.504032""","=""0.000022""","=""11""",,"=""""","=""22141.60454""","=""38734.4088""","=""""","=""*""","=""3""","=""""","=""""","=""3"""
"=""602.57779""","=""0.00005""","=""602.577807""","=""0.000008""","=""240""",,"=""""","=""13962.51989""","=""30553.29269""","=""6d3.(2D2).7s""","=""""","=""1""","=""""","=""*""","=""2"""
602.57779,5e-05,602.577807,8e-06,240,L5951,,,,,,,,,
"=""602.60449""","=""0.00005""","=""602.604452""","=""0.000004""","=""220""",,"=""""","=""8111.004545""","=""24701.04375""","=""6d2.7s2""","=""1G""","=""4""","=""""","=""*""","=""5"""
602.60449,5e-05,602.604452,4e-06,220,L5951,,,,,,,,,
"=""602.82702""","=""0.00011""","=""602.827083""","=""0.000006""","=""150""",,"=""""","=""14204.26476""","=""30788.17715""","=""6d3.(2G).7s""","=""""","=""5""","=""""","=""*""","=""5"""
602.82702,0.00011,602.827083,6e-06,150,L18702,,,,,,,,,
602.8631,0.0004,602.86236,3e-05,35,L3552,,,,,,,,,
"=""602.8631""","=""0.0004""","=""602.86236""","=""0.00003""","=""35""",,"=""""","=""21165.098037""","=""37748.0401""","=""5f.6d.7s2""","=""3D*""","=""3""","=""""","=""""","=""2"""
"=""602.92258""","=""0.00004""","=""602.922595""","=""0.000004""","=""450""",,"=""""","=""13175.113345""","=""29756.39860""","=""5f.6d.7s2""","=""3G*""","=""4""","=""""","=""""","=""4"""
602.92258,4e-05,602.922595,4e-06,450,L5951,,,,,,,,,
602.965,5e-05,602.965005,4e-06,250,L5951,,,,,,,,,
"=""602.96500""","=""0.00005""","=""602.965005""","=""0.000004""","=""250""",,"=""""","=""9804.806547""","=""26384.92556""","=""6d3.(4F).7s""","=""5F""","=""5""","=""""","=""*""","=""4"""
"=""603.0189""","=""0.0004""","=""603.018625""","=""0.000007""","=""58""",,"=""""","=""16217.482038""","=""32796.12677""","=""6d.7s2.7p""","=""1D*""","=""2""","=""""","=""""","=""3"""
603.0189,0.0004,603.018625,7e-06,58,L3552,,,,,,,,,
603.044479,9e-06,603.044488,3e-06,1500,L18702,,,,,,,,,
"=""603.044479""","=""0.000009""","=""603.044488""","=""0.000003""","=""1500""",,"=""""","=""4961.658832""","=""21539.59257""","=""6d2.7s2""","=""3F""","=""4""","=""""","=""*""","=""4"""
"=""603.23706""","=""0.00004""","=""603.237221""","=""0.000008""","=""290""",,"=""""","=""19227.33665""","=""35799.97381""","=""5f.6d2.7s""","=""5I*""","=""6""","=""5f.6d.7s.7p""","=""3I""","=""6"""
603.23706,4e-05,603.237221,8e-06,290,L5951,,,,,,,,,
603.2555,0.0004,603.25553,3e-05,23,L3552,,,,,,,,,
"=""603.2555""","=""0.0004""","=""603.25553""","=""0.00003""","=""23""",,"=""""","=""20522.71449""","=""37094.8488""","=""6d2.7s.7p""","=""3F*""","=""2""","=""""","=""""","=""2"""
"=""603.28723""","=""0.00003""","=""603.287255""","=""0.000006""","=""500""",,"=""""","=""12847.96912""","=""29419.23183""","=""6d3.(4P).7s""","=""5P""","=""3""","=""""","=""*""","=""2"""
603.28723,3e-05,603.287255,6e-06,500,L18702,,,,,,,,,
603.34132,3e-05,603.341298,7e-06,430,L18702,,,,,,,,,
"=""603.34132""","=""0.00003""","=""603.341298""","=""0.000007""","=""430""",,"=""""","=""11802.93238""","=""28372.71076""","=""6d3.(4P).7s""","=""5P""","=""2""","=""""","=""*""","=""1"""
"=""603.35179""","=""0.00007""","=""603.351645""","=""0.000022""","=""110""",,"=""""","=""17398.39526""","=""33967.8895""","=""6d3.(4F).7s""","=""""","=""3""","=""""","=""*""","=""3"""
603.35179,7e-05,603.351645,2.2e-05,110,L5951,,,,,,,,,
603.4213,0.0003,603.421182,1.8e-05,14,L12239,,,,,,,,,
"=""603.4213""","=""0.0003""","=""603.421182""","=""0.000018""","=""14""",,"=""""","=""19948.395175""","=""36515.9800""","=""6d2.7s.7p""","=""5F*""","=""4""","=""""","=""""","=""3"""
"=""603.4339""","=""0.0003""","=""603.433292""","=""0.000015""","=""16""",,"=""""","=""21539.59257""","=""38106.8449""","=""""","=""*""","=""4""","=""""","=""""","=""5"""
603.4339,0.0003,603.433292,1.5e-05,16,L12239,,,,,,,,,
603.4844,0.0003,603.484271,2.2e-05,20,L12239,,,,,,,,,
"=""603.4844""","=""0.0003""","=""603.484271""","=""0.000022""","=""20""",,"=""""","=""23916.89747""","=""40482.7503""","=""""","=""*""","=""4""","=""""","=""""","=""5"""
"=""603.519225""","=""0.000015""","=""603.519225""","=""0.000005""","=""830""",,"=""""","=""12114.36618""","=""28679.25957""","=""5f.6d.7s2""","=""1D*""","=""2""","=""""","=""""","=""2"""
603.519225,1.5e-05,603.519225,5e-06,830,L18702,,,,,,,,,
603.5365,0.0004,603.536313,2.2e-05,11,L3552,,,,,,,,,
"=""603.5365""","=""0.0004""","=""603.536313""","=""0.000022""","=""11""",,"=""""","=""20566.62381""","=""37131.0482""","=""6d2.7s.7p""","=""5D*""","=""4""","=""""","=""""","=""3"""
"=""603.5875""","=""0.0003""","=""603.587215""","=""0.000018""","=""23""",,"=""""","=""20322.26571""","=""36885.2932""","=""5f.6d.7s2""","=""1H*""","=""5""","=""""","=""""","=""4"""
603.5875,0.0003,603.587215,1.8e-05,23,L12239,,,,,,,,,
603.67622,5e-05,603.676214,4e-06,200,L5951,,,,,,,,,
"=""603.67622""","=""0.00005""","=""603.676214""","=""0.000004""","=""200""",,"=""""","=""10783.15535""","=""27343.74101""","=""6d.7s2.7p""","=""3F*""","=""2""","=""5f.6d.7s.7p""","=""5H""","=""3"""
603.769738,4e-06,603.769738,3e-06,7500,L18702,,,,,,,,,
"=""603.769738""","=""0.000004""","=""603.769738""","=""0.000003""","=""7500""",,"=""""","=""3865.473772""","=""20423.494218""","=""6d2.7s2""","=""3P""","=""1""","=""6d.7s2.7p""","=""3P*""","=""1"""
"=""603.7942""","=""0.0004""","=""603.795057""","=""0.000004""","=""35""",,"=""""","=""10414.13700""","=""26971.46312""","=""5f.6d.7s2""","=""1G*""","=""4""","=""""","=""""","=""4"""
603.7942,0.0004,603.795057,4e-06,35,L3552,,,,,,,,,
603.868038,8e-06,603.868038,4e-06,1600,L18702,,,,,,,,,
"=""603.868038""","=""0.000008""","=""603.868038""","=""0.000004""","=""1600""",,"=""""","=""8800.249723""","=""25355.57481""","=""6d3.(4F).7s""","=""5F""","=""4""","=""""","=""*""","=""4"""
"=""603.92269""","=""0.00022""","=""603.922470""","=""0.000015""","=""51""",,"=""""","=""22399.39666""","=""38953.2296""","=""5f.6d2.7s""","=""3I*""","=""5""","=""""","=""""","=""5"""
603.92269,0.00022,603.92247,1.5e-05,51,L12239,,,,,,,,,
603.9664,0.0004,603.966331,1.8e-05,9,L12239,,,,,,,,,
"=""603.9664""","=""0.0004""","=""603.966331""","=""0.000018""","=""9""",,"=""""","=""24084.94271""","=""40637.5735""","=""6d2.7s.7p""","=""5G*""","=""6""","=""""","=""""","=""6"""
"=""604.0872""","=""0.0003""","=""604.087175""","=""0.000015""","=""27""",,"=""""","=""17224.302340""","=""33773.6219""","=""6d2.7s.7p""","=""5F*""","=""2""","=""""","=""""","=""1"""
604.0872,0.0003,604.087175,1.5e-05,27,L12239,,,,,,,,,
604.109,0.0003,604.10902,7e-06,36,L12239,,,,,,,,,
"=""604.1090""","=""0.0003""","=""604.109020""","=""0.000007""","=""36""",,"=""""","=""14481.86965""","=""31030.59080""","=""5f.6d.7s2""","=""3H*""","=""6""","=""6d4""","=""3G""","=""5"""
"=""604.2400""","=""0.0003""","=""604.239791""","=""0.000011""","=""16""",,"=""""","=""19588.36224""","=""36133.5019""","=""6d2.7s.7p""","=""5G*""","=""5""","=""""","=""""","=""5"""
604.24,0.0003,604.239791,1.1e-05,16,L12239,,,,,,,,,
604.25892,3e-05,604.258958,6e-06,460,L18702,,,,,,,,,
"=""604.25892""","=""0.00003""","=""604.258958""","=""0.000006""","=""460""",,"=""""","=""11802.93238""","=""28347.54723""","=""6d3.(4P).7s""","=""5P""","=""2""","=""""","=""*""","=""2"""
"=""604.30468""","=""0.00005""","=""604.304705""","=""0.000007""","=""210""",,"=""""","=""15618.98461""","=""32162.34702""","=""5f.6d2.7s""","=""5H*""","=""3""","=""""","=""""","=""2"""
604.30468,5e-05,604.304705,7e-06,210,L5951,,,,,,,,,
604.3676,0.0004,604.367434,1.9e-05,23,L3552,,,,,,,,,
"=""604.3676""","=""0.0004""","=""604.367434""","=""0.000019""","=""23""",,"=""""","=""19532.41646""","=""36074.0618""","=""6d3.(2F).7s""","=""3F""","=""4""","=""""","=""*""","=""3"""
"=""604.4554""","=""0.0004""","=""604.455370""","=""0.000015""","=""93""",,"=""""","=""19273.28060""","=""35812.5195""","=""6d3.(2P).7s""","=""""","=""2""","=""""","=""*""","=""3"""
604.4554,0.0004,604.45537,1.5e-05,93,L3552,,,,,,,,,
"=""604.5246""","=""0.0004""","=""604.523902""","=""0.000011""","=""11""",,"=""""","=""19039.153374""","=""35576.5173""","=""6d.7s2.7p""","=""3P*""","=""2""","=""""","=""""","=""3"""
604.5246,0.0004,604.523902,1.1e-05,11,L3552,,,,,,,,,
"=""604.6643""","=""0.0004""","=""604.664346""","=""0.000015""","=""120""",,"=""""","=""15970.09583""","=""32503.6187""","=""6d3.(2D2).7s""","=""""","=""3""","=""""","=""*""","=""2"""
604.6643,0.0004,604.664346,1.5e-05,120,L3552,,,,,,,,,
604.7159,0.0004,604.71544,3e-05,11,L3552,,,,,,,,,
"=""604.7159""","=""0.0004""","=""604.71544""","=""0.00003""","=""11""",,"=""""","=""17959.89498""","=""34492.0209""","=""6d3.(4F).7s""","=""3F""","=""4""","=""""","=""*""","=""4"""
604.7267,0.0003,604.727082,1.5e-05,25,L12239,,,,,,,,,
"=""604.7267""","=""0.0003""","=""604.727082""","=""0.000015""","=""25""",,"=""""","=""21252.60286""","=""37784.4105""","=""""","=""*""","=""2""","=""""","=""""","=""2"""
"=""604.77982""","=""0.00022""","=""604.779834""","=""0.000005""","=""62""",,"=""""","=""15493.21943""","=""32023.58511""","=""6d3.(2H).7s""","=""3H""","=""4""","=""""","=""*""","=""5"""
604.77982,0.00022,604.779834,5e-06,62,L12239,,,,,,,,,
604.7956,0.0003,604.79581,3e-05,17,L12239,,,,,,,,,
"=""604.7956""","=""0.0003""","=""604.79581""","=""0.00003""","=""17""",,"=""""","=""24701.04375""","=""41230.9729""","=""""","=""*""","=""5""","=""""","=""""","=""4"""
"=""604.905097""","=""0.000004""","=""604.905091""","=""0.000003""","=""5600""",,"=""""","=""3687.987189""","=""20214.92997""","=""6d2.7s2""","=""""","=""2""","=""6d2.7s.7p""","=""5D*""","=""3"""
604.905097,4e-06,604.905091,3e-06,5600,L18702,,,,,,,,,
"=""605.0457""","=""0.0004""","=""605.04553""","=""0.00003""","=""34""",,"=""""","=""21165.098037""","=""37688.2046""","=""5f.6d.7s2""","=""3D*""","=""3""","=""""","=""""","=""3"""
605.0457,0.0004,605.04553,3e-05,34,L3552,,,,,,,,,
605.0545,0.0004,605.053829,5e-06,11,L3552,,,,,,,,,
"=""605.0545""","=""0.0004""","=""605.053829""","=""0.000005""","=""11""",,"=""""","=""15490.077832""","=""32012.95790""","=""5f.6d.7s2""","=""3G*""","=""5""","=""""","=""""","=""4"""
605.098151,1.8e-05,605.098164,4e-06,640,L18702,,,,,,,,,
"=""605.098151""","=""0.000018""","=""605.098164""","=""0.000004""","=""640""",,"=""""","=""8800.249723""","=""25321.91918""","=""6d3.(4F).7s""","=""5F""","=""4""","=""""","=""*""","=""3"""
"=""605.24453""","=""0.00018""","=""605.244414""","=""0.000004""","=""120""",,"=""""","=""10526.544406""","=""27044.22163""","=""5f.6d.7s2""","=""3G*""","=""3""","=""""","=""""","=""3"""
605.24453,0.00018,605.244414,4e-06,120,L12239,,,,,,,,,
605.338084,7e-06,605.338077,4e-06,2100,L18702,,,,,,,,,
"=""605.338084""","=""0.000007""","=""605.338077""","=""0.000004""","=""2100""",,"=""""","=""6362.395980""","=""22877.51748""","=""6d3.(4F).7s""","=""5F""","=""2""","=""""","=""*""","=""1"""
605.435,0.0004,605.434941,6e-06,11,L3552,,,,,,,,,
"=""605.4350""","=""0.0004""","=""605.434941""","=""0.000006""","=""11""",,"=""""","=""14032.085336""","=""30544.56459""","=""6d.7s2.7p""","=""3D*""","=""2""","=""""","=""""","=""2"""
605.5036,0.0004,605.503579,1.5e-05,92,L3552,,,,,,,,,
"=""605.5036""","=""0.0004""","=""605.503579""","=""0.000015""","=""92""",,"=""""","=""18930.29333""","=""35440.9008""","=""6d2.7s.7p""","=""3G*""","=""3""","=""6d4""","=""""","=""3"""
"=""605.55934""","=""0.00003""","=""605.559335""","=""0.000004""","=""380""",,"=""""","=""13175.113345""","=""29684.20065""","=""5f.6d.7s2""","=""3G*""","=""4""","=""5f.6d.7s.7p""","=""5H""","=""5"""
605.55934,3e-05,605.559335,4e-06,380,L18702,,,,,,,,,
605.688,0.0003,605.688262,6e-06,32,L12239,,,,,,,,,
"=""605.6880""","=""0.0003""","=""605.688262""","=""0.000006""","=""32""",,"=""""","=""15490.077832""","=""31995.65103""","=""5f.6d.7s2""","=""3G*""","=""5""","=""""","=""""","=""4"""
"=""605.7171""","=""0.0003""","=""605.717190""","=""0.000022""","=""17""",,"=""""","=""25336.49797""","=""41841.2829""","=""""","=""*""","=""6""","=""""","=""""","=""6"""
605.7171,0.0003,605.71719,2.2e-05,17,L12239,,,,,,,,,
605.8439,0.0003,605.843973,1.1e-05,30,L12239,,,,,,,,,
"=""605.8439""","=""0.0003""","=""605.843973""","=""0.000011""","=""30""",,"=""""","=""19588.36224""","=""36089.6933""","=""6d2.7s.7p""","=""5G*""","=""5""","=""""","=""""","=""4"""
"=""605.9136""","=""0.0004""","=""605.913702""","=""0.000005""","=""120""",,"=""""","=""14465.221873""","=""30964.65395""","=""6d2.7s.7p""","=""5G*""","=""2""","=""""","=""""","=""3"""
605.9136,0.0004,605.913702,5e-06,120,L3552,,,,,,,,,
606.0958,0.0003,606.095711,1.1e-05,26,L12239,,,,,,,,,
"=""606.0958""","=""0.0003""","=""606.095711""","=""0.000011""","=""26""",,"=""""","=""18614.33811""","=""35108.8155""","=""6d2.7s.7p""","=""5D*""","=""1""","=""""","=""""","=""2"""
"=""606.15354""","=""0.00004""","=""606.153557""","=""0.000003""","=""290""",,"=""""","=""6362.395980""","=""22855.29928""","=""6d3.(4F).7s""","=""5F""","=""2""","=""""","=""*""","=""3"""
606.15354,4e-05,606.153557,3e-06,290,L18702,,,,,,,,,
606.16287,0.00022,606.162468,9e-06,51,L12239,,,,,,,,,
"=""606.16287""","=""0.00022""","=""606.162468""","=""0.000009""","=""51""",,"=""""","=""16217.482038""","=""32710.14290""","=""6d.7s2.7p""","=""1D*""","=""2""","=""""","=""""","=""2"""
"=""606.2225""","=""0.0004""","=""606.222477""","=""0.000011""","=""11""",,"=""""","=""18809.88631""","=""35300.9146""","=""6d2.7s.7p""","=""5G*""","=""4""","=""5f.6d2.7p""","=""5K""","=""5"""
606.2225,0.0004,606.222477,1.1e-05,11,L3552,,,,,,,,,
606.4289,0.0004,606.427269,2.2e-05,11,L3552,,,,,,,,,
"=""606.4289""","=""0.0004""","=""606.427269""","=""0.000022""","=""11""",,"=""""","=""22248.94952""","=""38734.4088""","=""""","=""*""","=""2""","=""""","=""""","=""3"""
"=""606.5346""","=""0.0003""","=""606.534707""","=""0.000015""","=""33""",,"=""""","=""20922.12244""","=""37404.6616""","=""""","=""*""","=""2""","=""""","=""""","=""3"""
606.5346,0.0003,606.534707,1.5e-05,33,L12239,,,,,,,,,
606.578,3e-05,606.578025,1.1e-05,600,L5951,,,,,,,,,
"=""606.57800""","=""0.00003""","=""606.578025""","=""0.000011""","=""600""",,"=""""","=""21077.152101""","=""37558.5142""","=""6d2.7s.7p""","=""5F*""","=""5""","=""""","=""""","=""4"""
"=""606.6237""","=""0.0004""","=""606.622396""","=""0.000011""","=""11""",,"=""""","=""22988.52291""","=""39468.6795""","=""5f.6d.7s.7p""","=""5G""","=""2""","=""""","=""*""","=""3"""
606.6237,0.0004,606.622396,1.1e-05,11,L12239,,,,,,,,,
606.8136,0.0004,606.81472,4e-05,11,L3552,,,,,,,,,
"=""606.8136""","=""0.0004""","=""606.81472""","=""0.00004""","=""11""",,"=""""","=""28188.34547""","=""44663.2790""","=""""","=""*""","=""6""","=""""","=""""","=""6 or 7"""
"=""606.902038""","=""0.000015""","=""606.902058""","=""0.000004""","=""920""",,"=""""","=""7280.123222""","=""23752.68579""","=""6d2.7s2""","=""""","=""2""","=""""","=""*""","=""2"""
606.902038,1.5e-05,606.902058,4e-06,920,L18702,,,,,,,,,
606.9673,0.0003,606.96662,4e-05,15,L12239,,,,,,,,,
"=""606.9673""","=""0.0003""","=""606.96662""","=""0.00004""","=""15""",,"=""""","=""24701.04375""","=""41171.8541""","=""""","=""*""","=""5""","=""""","=""""","=""5"""
"=""606.98403""","=""0.00022""","=""606.984349""","=""0.000015""","=""48""",,"=""""","=""17959.89498""","=""34430.2243""","=""6d3.(4F).7s""","=""3F""","=""4""","=""""","=""*""","=""3"""
606.98403,0.00022,606.984349,1.5e-05,48,L12239,,,,,,,,,
607.03412,6e-05,607.034103,7e-06,180,L5951,,,,,,,,,
"=""607.03412""","=""0.00006""","=""607.034103""","=""0.000007""","=""180""",,"=""""","=""11877.839132""","=""28346.81854""","=""6d.7s2.7p""","=""3D*""","=""1""","=""""","=""""","=""1"""
"=""607.0458""","=""0.0004""","=""607.04537""","=""0.00003""","=""11""",,"=""""","=""22338.99484""","=""38807.6687""","=""5f.6d2.7s""","=""5G*""","=""3""","=""""","=""""","=""2"""
607.0458,0.0004,607.04537,3e-05,11,L3552,,,,,,,,,
607.15519,0.00022,607.155315,1.1e-05,52,L12239,,,,,,,,,
"=""607.15519""","=""0.00022""","=""607.155315""","=""0.000011""","=""52""",,"=""""","=""18930.29333""","=""35395.9849""","=""6d2.7s.7p""","=""3G*""","=""3""","=""""","=""""","=""2"""
"=""607.1802""","=""0.0004""","=""607.180503""","=""0.000022""","=""11""",,"=""""","=""19713.03109""","=""36178.0396""","=""6d3.(2F).7s""","=""3F""","=""3""","=""""","=""*""","=""4"""
607.1802,0.0004,607.180503,2.2e-05,11,L3552,,,,,,,,,
607.1981,0.0004,607.198427,1.5e-05,170,L3552,,,,,,,,,
"=""607.1981""","=""0.0004""","=""607.198427""","=""0.000015""","=""170""",,"=""""","=""20867.97560""","=""37332.4981""","=""5f.6d2.7s""","=""5I*""","=""7""","=""5f.6d2.7p ""","=""5K ""","=""6"""
"=""607.2061""","=""0.0004""","=""607.206349""","=""0.000015""","=""34""",,"=""""","=""21902.26981""","=""38366.5775""","=""5f.6d2.7s""","=""3H*""","=""4""","=""6d4""","=""""","=""4"""
607.2061,0.0004,607.206349,1.5e-05,34,L3552,,,,,,,,,
607.27993,7e-05,607.279915,2.2e-05,100,L5951,,,,,,,,,
"=""607.27993""","=""0.00007""","=""607.279915""","=""0.000022""","=""100""",,"=""""","=""21143.42198""","=""37605.7352""","=""6d3.(2H).7s""","=""1H""","=""5""","=""""","=""*""","=""4"""
"=""607.28963""","=""0.00022""","=""607.289708""","=""0.000006""","=""63""",,"=""""","=""12847.96912""","=""29310.01688""","=""6d3.(4P).7s""","=""5P""","=""3""","=""""","=""*""","=""4"""
607.28963,0.00022,607.289708,6e-06,63,L12239,,,,,,,,,
607.3302,0.0004,607.330154,4e-06,6,L12239,,,,,,,,,
"=""607.3302""","=""0.0004""","=""607.330154""","=""0.000004""","=""6""",,"=""""","=""7280.123222""","=""23741.07467""","=""6d2.7s2""","=""""","=""2""","=""""","=""*""","=""1"""
"=""607.3555""","=""0.0003""","=""607.356155""","=""0.000009""","=""16""",,"=""""","=""15493.21943""","=""31953.46618""","=""6d3.(2H).7s""","=""3H""","=""4""","=""""","=""*""","=""4"""
607.3555,0.0003,607.356155,9e-06,16,L12239,,,,,,,,,
607.4004,0.0003,607.400402,1.1e-05,22,L12239,,,,,,,,,
"=""607.4004""","=""0.0003""","=""607.400402""","=""0.000011""","=""22""",,"=""""","=""20322.26571""","=""36781.3134""","=""5f.6d.7s2""","=""1H*""","=""5""","=""""","=""""","=""5"""
"=""607.4221""","=""0.0004""","=""607.42201""","=""0.00003""","=""5""",,"=""""","=""19039.153374""","=""35497.6156""","=""6d.7s2.7p""","=""3P*""","=""2""","=""""","=""""","=""2"""
607.4221,0.0004,607.42201,3e-05,5,L12239,,,,,,,,,
607.6987,0.0003,607.697555,1.9e-05,18,L12239,,,,,,,,,
"=""607.6987""","=""0.0003""","=""607.697555""","=""0.000019""","=""18""",,"=""""","=""17847.07751""","=""34298.0771""","=""5f.6d.7s2""","=""3P*""","=""2""","=""""","=""""","=""1"""
"=""607.710562""","=""0.000009""","=""607.710571""","=""0.000003""","=""1300""",,"=""""","=""8111.004545""","=""24561.65178""","=""6d2.7s2""","=""1G""","=""4""","=""""","=""*""","=""3"""
607.710562,9e-06,607.710571,3e-06,1300,L18702,,,,,,,,,
607.787281,7e-06,607.78728,4e-06,2200,L18702,,,,,,,,,
"=""607.787281""","=""0.000007""","=""607.787280""","=""0.000004""","=""2200""",,"=""""","=""14481.86965""","=""30930.44068""","=""5f.6d.7s2""","=""3H*""","=""6""","=""5f.6d.7s.7p""","=""5H""","=""6"""
"=""607.842121""","=""0.000011""","=""607.842128""","=""0.000006""","=""1300""",,"=""""","=""13297.43316""","=""29744.51997""","=""6d3.(2G).7s""","=""3G""","=""4""","=""""","=""*""","=""3"""
607.842121,1.1e-05,607.842128,6e-06,1300,L18702,,,,,,,,,
607.92227,7e-06,607.922267,4e-06,2100,L18702,,,,,,,,,
"=""607.922270""","=""0.000007""","=""607.922267""","=""0.000004""","=""2100""",,"=""""","=""10526.544406""","=""26971.46312""","=""5f.6d.7s2""","=""3G*""","=""3""","=""""","=""""","=""4"""
"=""607.94724""","=""0.00004""","=""607.947238""","=""0.000006""","=""290""",,"=""""","=""14206.91694""","=""30651.16019""","=""5f.6d.7s2""","=""3F*""","=""4""","=""6d4""","=""""","=""3"""
607.94724,4e-05,607.947238,6e-06,290,L5951,,,,,,,,,
608.09,0.0004,608.089935,1.9e-05,58,L3552,,,,,,,,,
"=""608.0900""","=""0.0004""","=""608.089935""","=""0.000019""","=""58""",,"=""""","=""18549.40528""","=""34989.7897""","=""6d3.(4P).7s""","=""""","=""2""","=""""","=""*""","=""1"""
"=""608.1299""","=""0.0004""","=""608.128295""","=""0.000022""","=""11""",,"=""""","=""22401.20793""","=""38840.5553""","=""6d3.(2P).7s""","=""""","=""1""","=""""","=""*""","=""1"""
608.1299,0.0004,608.128295,2.2e-05,11,L3552,,,,,,,,,
608.2561,0.0004,608.256224,5e-06,120,L3552,,,,,,,,,
"=""608.2561""","=""0.0004""","=""608.256224""","=""0.000005""","=""120""",,"=""""","=""13297.43316""","=""29733.32304""","=""6d3.(2G).7s""","=""3G""","=""4""","=""""","=""*""","=""5"""
"=""608.2669""","=""0.0004""","=""608.26689""","=""0.00003""","=""46""",,"=""""","=""21252.60286""","=""37688.2046""","=""""","=""*""","=""2""","=""""","=""""","=""3"""
608.2669,0.0004,608.26689,3e-05,46,L3552,,,,,,,,,
608.291,0.0004,608.29097,7e-06,23,L3552,,,,,,,,,
"=""608.2910""","=""0.0004""","=""608.290970""","=""0.000007""","=""23""",,"=""""","=""16346.64962""","=""32781.60068""","=""5f.6d2.7s""","=""5H*""","=""4""","=""""","=""""","=""4"""
"=""608.32432""","=""0.00022""","=""608.324229""","=""0.000022""","=""40""",,"=""""","=""20054.77119""","=""36488.8237""","=""6d3.(2F).7s""","=""3F""","=""2""","=""""","=""*""","=""2"""
608.32432,0.00022,608.324229,2.2e-05,40,L12239,,,,,,,,,
608.3533,0.0004,608.354324,1.2e-05,23,L3552,,,,,,,,,
"=""608.3533""","=""0.0004""","=""608.354324""","=""0.000012""","=""23""",,"=""""","=""13847.77037""","=""30281.0099""","=""6d3.(4F).7s""","=""3F""","=""2""","=""""","=""*""","=""1"""
"=""608.4121""","=""0.0003""","=""608.411945""","=""0.000012""","=""34""",,"=""""","=""18614.33811""","=""35046.0213""","=""6d2.7s.7p""","=""5D*""","=""1""","=""""","=""5F""","=""1"""
608.4121,0.0003,608.411945,1.2e-05,34,L12239,,,,,,,,,
608.4486,0.0004,608.448708,6e-06,23,L3552,,,,,,,,,
"=""608.4486""","=""0.0004""","=""608.448708""","=""0.000006""","=""23""",,"=""""","=""16783.84708""","=""33214.53748""","=""5f.6d2.7s""","=""5I*""","=""4""","=""5f.6d.7s.7p""","=""3I""","=""5"""
"=""608.537468""","=""0.000007""","=""608.537473""","=""0.000005""","=""2200""",,"=""""","=""8243.602091""","=""24671.89582""","=""5f.6d.7s2""","=""3F*""","=""2""","=""6d3.(2D1).7s""","=""3D""","=""2"""
608.537468,7e-06,608.537473,5e-06,2200,L18702,,,,,,,,,
608.59566,0.00022,608.595197,8e-06,50,L12239,,,,,,,,,
"=""608.59566""","=""0.00022""","=""608.595197""","=""0.000008""","=""50""",,"=""""","=""20322.26571""","=""36749.00126""","=""5f.6d.7s2""","=""1H*""","=""5""","=""""","=""""","=""6"""
"=""608.64516""","=""0.00022""","=""608.645461""","=""0.000007""","=""50""",,"=""""","=""15736.968041""","=""32162.34702""","=""6d2.7s.7p""","=""5F*""","=""1""","=""""","=""""","=""2"""
608.64516,0.00022,608.645461,7e-06,50,L12239,,,,,,,,,
608.67022,7e-05,608.670162,7e-06,91,L5951,,,,,,,,,
"=""608.67022""","=""0.00007""","=""608.670162""","=""0.000007""","=""91""",,"=""""","=""14465.221873""","=""30889.93430""","=""6d2.7s.7p""","=""5G*""","=""2""","=""""","=""""","=""1"""
"=""608.803038""","=""0.000004""","=""608.803039""","=""0.000004""","=""4700""",,"=""""","=""8243.602091""","=""24664.72970""","=""5f.6d.7s2""","=""3F*""","=""2""","=""5f.6d.7s.7p""","=""5F""","=""3"""
608.803038,4e-06,608.803039,4e-06,4700,L18702,,,,,,,,,
608.8203,0.0004,608.82034,6e-06,110,L3552,,,,,,,,,
"=""608.8203""","=""0.0004""","=""608.820340""","=""0.000006""","=""110""",,"=""""","=""17411.224415""","=""33831.88538""","=""6d.7s2.7p""","=""3D*""","=""3""","=""""","=""""","=""4"""
"=""608.8459""","=""0.0004""","=""608.845304""","=""0.000015""","=""45""",,"=""""","=""18431.686609""","=""34851.6743""","=""5f.7s2.7p""","=""3G""","=""3""","=""""","=""*""","=""2"""
608.8459,0.0004,608.845304,1.5e-05,45,L3552,,,,,,,,,
"=""608.88245""","=""0.00019""","=""608.882548""","=""0.000015""","=""87""",,"=""""","=""17354.638583""","=""33773.6219""","=""5f.6d.7s2""","=""3D*""","=""1""","=""""","=""""","=""1"""
608.88245,0.00019,608.882548,1.5e-05,87,L12239,,,,,,,,,
609.0241,0.0004,609.023643,2.2e-05,11,L3552,,,,,,,,,
"=""609.0241""","=""0.0004""","=""609.023643""","=""0.000022""","=""11""",,"=""""","=""18574.61019""","=""34989.7897""","=""6d3.(2P).7s""","=""""","=""1""","=""""","=""*""","=""1"""
"=""609.04483""","=""0.00006""","=""609.044779""","=""0.000004""","=""140""",,"=""""","=""7502.287636""","=""23916.89747""","=""6d3.(4F).7s""","=""5F""","=""3""","=""""","=""*""","=""4"""
609.04483,6e-05,609.044779,4e-06,140,L5951,,,,,,,,,
609.0607,0.0004,609.060457,7e-06,22,L3552,,,,,,,,,
"=""609.0607""","=""0.0004""","=""609.060457""","=""0.000007""","=""22""",,"=""""","=""13297.43316""","=""29711.62048""","=""6d3.(2G).7s""","=""3G""","=""4""","=""""","=""*""","=""5"""
"=""609.3240""","=""0.0004""","=""609.323463""","=""0.000008""","=""91""",,"=""""","=""18809.88631""","=""35216.98873""","=""6d2.7s.7p""","=""5G*""","=""4""","=""""","=""""","=""5"""
609.324,0.0004,609.323463,8e-06,91,L3552,,,,,,,,,
609.3558,0.0004,609.355401,1.9e-05,11,L3552,,,,,,,,,
"=""609.3558""","=""0.0004""","=""609.355401""","=""0.000019""","=""11""",,"=""""","=""22877.58322""","=""39283.8257""","=""""","=""*""","=""5""","=""""","=""""","=""4"""
"=""609.3813""","=""0.0004""","=""609.380461""","=""0.000023""","=""57""",,"=""""","=""19273.28060""","=""35678.8484""","=""6d3.(2P).7s""","=""""","=""2""","=""""","=""*""","=""1"""
609.3813,0.0004,609.380461,2.3e-05,57,L3552,,,,,,,,,
609.4089,0.0004,609.408328,8e-06,110,L3552,,,,,,,,,
"=""609.4089""","=""0.0004""","=""609.408328""","=""0.000008""","=""110""",,"=""""","=""12847.96912""","=""29252.78674""","=""6d3.(4P).7s""","=""5P""","=""3""","=""""","=""*""","=""2"""
"=""609.50465""","=""0.00019""","=""609.504631""","=""0.000015""","=""95""",,"=""""","=""17398.39526""","=""33800.6209""","=""6d3.(4F).7s""","=""""","=""3""","=""""","=""*""","=""3"""
609.50465,0.00019,609.504631,1.5e-05,95,L12239,,,,,,,,,
609.5225,0.0003,609.522402,1.5e-05,30,L12239,,,,,,,,,
"=""609.5225""","=""0.0003""","=""609.522402""","=""0.000015""","=""30""",,"=""""","=""19039.153374""","=""35440.9008""","=""6d.7s2.7p""","=""3P*""","=""2""","=""6d4""","=""""","=""3"""
"=""609.5389""","=""0.0004""","=""609.537754""","=""0.000015""","=""11""",,"=""""","=""17398.39526""","=""33799.7296""","=""6d3.(4F).7s""","=""""","=""3""","=""""","=""*""","=""4"""
609.5389,0.0004,609.537754,1.5e-05,11,L3552,,,,,,,,,
609.5433,0.0003,609.543319,1.2e-05,26,L12239,,,,,,,,,
"=""609.5433""","=""0.0003""","=""609.543319""","=""0.000012""","=""26""",,"=""""","=""18614.33811""","=""35015.5227""","=""6d2.7s.7p""","=""5D*""","=""1""","=""""","=""""","=""2"""
609.7287,0.0003,609.72898,6e-06,20,L12239,,,,,,,,,
"=""609.7287""","=""0.0003""","=""609.728980""","=""0.000006""","=""20""",,"=""""","=""18011.38030""","=""34407.57081""","=""5f.6d2.7s""","=""5H*""","=""5""","=""""","=""""","=""6"""
"=""609.75920""","=""0.00022""","=""609.759149""","=""0.000005""","=""47""",,"=""""","=""11877.839132""","=""28273.21842""","=""6d.7s2.7p""","=""3D*""","=""1""","=""""","=""""","=""2"""
609.7592,0.00022,609.759149,5e-06,47,L12239,,,,,,,,,
609.78181,0.00019,609.781778,5e-06,74,L12239,,,,,,,,,
"=""609.78181""","=""0.00019""","=""609.781778""","=""0.000005""","=""74""",,"=""""","=""11197.031257""","=""27591.80212""","=""5f.6d.7s2""","=""3H*""","=""5""","=""6d4""","=""3H""","=""5"""
"=""609.81205""","=""0.00003""","=""609.812330""","=""0.000012""","=""980bl""",,"=""""","=""17166.10472""","=""33560.0542""","=""6d3.(2H).7s""","=""3H""","=""5""","=""""","=""*""","=""4"""
609.81205,3e-05,609.81233,1.2e-05,980bl,L5951,,,,,,,,,
609.83184,0.00022,609.832169,1.2e-05,43,L12239,,,,,,,,,
"=""609.83184""","=""0.00022""","=""609.832169""","=""0.000012""","=""43""",,"=""""","=""21165.098037""","=""37558.5142""","=""5f.6d.7s2""","=""3D*""","=""3""","=""""","=""""","=""4"""
"=""609.9458""","=""0.0004""","=""609.945632""","=""0.000006""","=""23""",,"=""""","=""16346.64962""","=""32737.01627""","=""5f.6d2.7s""","=""5H*""","=""4""","=""""","=""""","=""5"""
609.9458,0.0004,609.945632,6e-06,23,L3552,,,,,,,,,
609.99886,6e-05,609.998922,7e-06,140,L5951,,,,,,,,,
"=""609.99886""","=""0.00006""","=""609.998922""","=""0.000007""","=""140""",,"=""""","=""13297.43316""","=""29686.36795""","=""6d3.(2G).7s""","=""3G""","=""4""","=""""","=""*""","=""3"""
"=""610.0414""","=""0.0004""","=""610.040882""","=""0.000015""","=""34""",,"=""""","=""19948.395175""","=""36336.2027""","=""6d2.7s.7p""","=""5F*""","=""4""","=""""","=""""","=""3"""
610.0414,0.0004,610.040882,1.5e-05,34,L3552,,,,,,,,,
"=""610.1552""","=""0.0003""","=""610.154703""","=""0.000015""","=""24""",,"=""""","=""17959.89498""","=""34344.6455""","=""6d3.(4F).7s""","=""3F""","=""4""","=""""","=""*""","=""4"""
610.1552,0.0003,610.154703,1.5e-05,24,L12239,,,,,,,,,
"=""610.172500""","=""0.000007""","=""610.172499""","=""0.000005""","=""2300""",,"=""""","=""8243.602091""","=""24627.87473""","=""5f.6d.7s2""","=""3F*""","=""2""","=""6d3.(2D1).7s""","=""3D""","=""1"""
610.1725,7e-06,610.172499,5e-06,2300,L18702,,,,,,,,,
610.259451,4e-06,610.259453,4e-06,4800,L18702,,,,,,,,,
"=""610.259451""","=""0.000004""","=""610.259453""","=""0.000004""","=""4800""",,"=""""","=""10414.13700""","=""26796.07511""","=""5f.6d.7s2""","=""1G*""","=""4""","=""""","=""""","=""3"""
"=""610.4020""","=""0.0003""","=""610.402142""","=""0.000009""","=""36""",,"=""""","=""18069.065569""","=""34447.17423""","=""6d.7s2.7p""","=""1F*""","=""3""","=""""","=""""","=""4"""
610.402,0.0003,610.402142,9e-06,36,L12239,,,,,,,,,
610.4166,0.0003,610.416589,1.2e-05,18,L12239,,,,,,,,,
"=""610.4166""","=""0.0003""","=""610.416589""","=""0.000012""","=""18""",,"=""""","=""18053.617845""","=""34431.3389""","=""6d.7s2.7p""","=""3F*""","=""4""","=""""","=""""","=""3"""
"=""610.455896""","=""0.000011""","=""610.455899""","=""0.000006""","=""1100""",,"=""""","=""15618.98461""","=""31995.65103""","=""5f.6d2.7s""","=""5H*""","=""3""","=""""","=""""","=""4"""
610.455896,1.1e-05,610.455899,6e-06,1100,L18702,,,,,,,,,
610.4954,0.0003,610.495803,1.5e-05,17,L12239,,,,,,,,,
"=""610.4954""","=""0.0003""","=""610.495803""","=""0.000015""","=""17""",,"=""""","=""21594.67329""","=""37970.2693""","=""6d3.(2F).7s""","=""1F""","=""3""","=""""","=""*""","=""2"""
"=""610.5304""","=""0.0004""","=""610.530364""","=""0.000019""","=""45""",,"=""""","=""19503.143490""","=""35877.8125""","=""6d2.7s.7p""","=""5F*""","=""3""","=""6d4""","=""""","=""2"""
610.5304,0.0004,610.530364,1.9e-05,45,L3552,,,,,,,,,
610.68431,6e-05,610.684323,5e-06,180,L5951,,,,,,,,,
"=""610.68431""","=""0.00006""","=""610.684323""","=""0.000005""","=""180""",,"=""""","=""11241.73043""","=""27612.27129""","=""5f.6d.7s2""","=""3F*""","=""3""","=""6d4""","=""3G""","=""3"""
610.6921,0.0003,610.691753,6e-06,34,L12239,,,,,,,,,
"=""610.6921""","=""0.0003""","=""610.691753""","=""0.000006""","=""34""",,"=""""","=""15166.900593""","=""31537.24226""","=""6d2.7s.7p""","=""5G*""","=""3""","=""""","=""""","=""3"""
"=""610.753365""","=""0.000008""","=""610.753368""","=""0.000006""","=""1600""",,"=""""","=""14204.26476""","=""30572.95496""","=""6d3.(2G).7s""","=""""","=""5""","=""""","=""*""","=""6"""
610.753365,8e-06,610.753368,6e-06,1600,L18702,,,,,,,,,
"=""610.82796""","=""0.00005""","=""610.827994""","=""0.000006""","=""210""",,"=""""","=""17354.638583""","=""33721.32901""","=""5f.6d.7s2""","=""3D*""","=""1""","=""""","=""""","=""2"""
610.82796,5e-05,610.827994,6e-06,210,L5951,,,,,,,,,
610.8486,0.0003,610.847715,1.2e-05,16,L12239,,,,,,,,,
"=""610.8486""","=""0.0003""","=""610.847715""","=""0.000012""","=""16""",,"=""""","=""19039.153374""","=""35405.3154""","=""6d.7s2.7p""","=""3P*""","=""2""","=""""","=""""","=""3"""
610.9214,0.00019,610.92149,2.3e-05,77,L12239,,,,,,,,,
"=""610.92140""","=""0.00019""","=""610.921490""","=""0.000023""","=""77""",,"=""""","=""24850.30814""","=""41214.4938""","=""""","=""3I*""","=""6""","=""""","=""""","=""5"""
610.9709,0.0003,610.970906,1.9e-05,28,L12239,,,,,,,,,
"=""610.9709""","=""0.0003""","=""610.970906""","=""0.000019""","=""28""",,"=""""","=""24274.71139""","=""40637.5735""","=""""","=""*""","=""5""","=""""","=""""","=""6"""
611.0331,0.0004,611.031632,2.3e-05,580,L3552,,,,,,,,,
"=""611.0331""","=""0.0004""","=""611.031632""","=""0.000023""","=""580""",,"=""""","=""22399.39666""","=""38760.6326""","=""5f.6d2.7s""","=""3I*""","=""5""","=""""","=""""","=""4"""
"=""611.0476""","=""0.0004""","=""611.047576""","=""0.000012""","=""22""",,"=""""","=""13847.77037""","=""30208.5794""","=""6d3.(4F).7s""","=""3F""","=""2""","=""""","=""*""","=""2"""
611.0476,0.0004,611.047576,1.2e-05,22,L3552,,,,,,,,,
611.0667,0.0004,611.066909,1.9e-05,10,L12239,,,,,,,,,
"=""611.0667""","=""0.0004""","=""611.066909""","=""0.000019""","=""10""",,"=""""","=""21594.67329""","=""37954.9647""","=""6d3.(2F).7s""","=""1F""","=""3""","=""""","=""*""","=""3"""
"=""611.1700""","=""0.0004""","=""611.16887""","=""0.00003""","=""22""",,"=""""","=""20737.28686""","=""37094.8488""","=""""","=""*""","=""1""","=""""","=""""","=""2"""
611.17,0.0004,611.16887,3e-05,22,L3552,,,,,,,,,
611.453894,1.5e-05,611.453906,7e-06,820,L18702,,,,,,,,,
"=""611.453894""","=""0.000015""","=""611.453906""","=""0.000007""","=""820""",,"=""""","=""12847.96912""","=""29197.90600""","=""6d3.(4P).7s""","=""5P""","=""3""","=""""","=""*""","=""2"""
"=""611.49262""","=""0.00007""","=""611.492662""","=""0.000012""","=""110""",,"=""""","=""19948.395175""","=""36297.2958""","=""6d2.7s.7p""","=""5F*""","=""4""","=""""","=""""","=""4"""
611.49262,7e-05,611.492662,1.2e-05,110,L5951,,,,,,,,,
611.616593,1.9e-05,611.616601,5e-06,730,L18702,,,,,,,,,
"=""611.616593""","=""0.000019""","=""611.616601""","=""0.000005""","=""730""",,"=""""","=""14206.91694""","=""30552.50463""","=""5f.6d.7s2""","=""3F*""","=""4""","=""""","=""""","=""4"""
"=""611.8050""","=""0.0003""","=""611.805116""","=""0.000007""","=""33""",,"=""""","=""17224.302340""","=""33564.85352""","=""6d2.7s.7p""","=""5F*""","=""2""","=""""","=""""","=""3"""
611.805,0.0003,611.805116,7e-06,33,L12239,,,,,,,,,
611.9649,0.0004,611.963883,1.9e-05,290,L3552,,,,,,,,,
"=""611.9649""","=""0.0004""","=""611.963883""","=""0.000019""","=""290""",,"=""""","=""17398.39526""","=""33734.7071""","=""6d3.(4F).7s""","=""""","=""3""","=""""","=""*""","=""2"""
611.96995,2.2e-05,611.96994,5e-06,620,L18702,,,,,,,,,
"=""611.969950""","=""0.000022""","=""611.969940""","=""0.000005""","=""620""",,"=""""","=""12114.36618""","=""28450.51635""","=""5f.6d.7s2""","=""1D*""","=""2""","=""""","=""""","=""1"""
612.03525,0.00019,612.035293,1.2e-05,71,L12239,,,,,,,,,
"=""612.03525""","=""0.00019""","=""612.035293""","=""0.000012""","=""71""",,"=""""","=""17354.638583""","=""33689.0444""","=""5f.6d.7s2""","=""3D*""","=""1""","=""""","=""""","=""2"""
612.07947,6e-05,612.079484,1.2e-05,160,L5951,,,,,,,,,
"=""612.07947""","=""0.00006""","=""612.079484""","=""0.000012""","=""160""",,"=""""","=""15863.88829""","=""32197.1148""","=""6d3.(2D2).7s""","=""""","=""2""","=""""","=""*""","=""3"""
"=""612.140754""","=""0.000009""","=""612.140756""","=""0.000007""","=""1500""",,"=""""","=""16554.24283""","=""32885.83448""","=""6d3.(2H).7s""","=""3H""","=""6""","=""""","=""*""","=""6"""
612.140754,9e-06,612.140756,7e-06,1500,L18702,,,,,,,,,
612.1757,0.0004,612.175278,6e-06,23,L3552,,,,,,,,,
"=""612.1757""","=""0.0004""","=""612.175278""","=""0.000006""","=""23""",,"=""""","=""13088.56115""","=""29419.23183""","=""6d3.(2G).7s""","=""3G""","=""3""","=""""","=""*""","=""2"""
612.2709,0.0004,612.269953,1.9e-05,34,L3552,,,,,,,,,
"=""612.2709""","=""0.0004""","=""612.269953""","=""0.000019""","=""34""",,"=""""","=""19503.143490""","=""35831.2890""","=""6d2.7s.7p""","=""5F*""","=""3""","=""""","=""""","=""3"""
612.383275,1.9e-05,612.383305,5e-06,650,L18702,,,,,,,,,
"=""612.383275""","=""0.000019""","=""612.383305""","=""0.000005""","=""650""",,"=""""","=""11241.73043""","=""27566.85363""","=""5f.6d.7s2""","=""3F*""","=""3""","=""""","=""""","=""2"""
"=""612.40687""","=""0.00005""","=""612.406823""","=""0.000004""","=""240""",,"=""""","=""11197.031257""","=""27521.52753""","=""5f.6d.7s2""","=""3H*""","=""5""","=""""","=""""","=""4"""
612.40687,5e-05,612.406823,4e-06,240,L5951,,,,,,,,,
"=""612.448056""","=""0.000008""","=""612.448048""","=""0.000004""","=""1800""",,"=""""","=""7280.123222""","=""23603.52066""","=""6d2.7s2""","=""""","=""2""","=""""","=""*""","=""2"""
612.448056,8e-06,612.448048,4e-06,1800,L18702,,,,,,,,,
612.5609,0.0003,612.560514,1.2e-05,14,L12239,,,,,,,,,
"=""612.5609""","=""0.0003""","=""612.560514""","=""0.000012""","=""14""",,"=""""","=""17847.07751""","=""34167.4780""","=""5f.6d.7s2""","=""3P*""","=""2""","=""""","=""""","=""3"""
"=""612.74207""","=""0.00008""","=""612.742017""","=""0.000007""","=""82""",,"=""""","=""16783.84708""","=""33099.41329""","=""5f.6d2.7s""","=""5I*""","=""4""","=""""","=""""","=""3"""
612.74207,8e-05,612.742017,7e-06,82,L5951,,,,,,,,,
612.76011,7e-05,612.760218,1.2e-05,120,L5951,,,,,,,,,
"=""612.76011""","=""0.00007""","=""612.760218""","=""0.000012""","=""120""",,"=""""","=""15970.09583""","=""32285.1774""","=""6d3.(2D2).7s""","=""""","=""3""","=""""","=""*""","=""3"""
612.7899,0.0004,612.789252,1.9e-05,34,L3552,,,,,,,,,
"=""612.7899""","=""0.0004""","=""612.789252""","=""0.000019""","=""34""",,"=""""","=""19516.98043""","=""35831.2890""","=""6d2.7s.7p""","=""5D*""","=""2""","=""""","=""""","=""3"""
"=""612.8160""","=""0.0004""","=""612.815223""","=""0.000015""","=""110""",,"=""""","=""16351.93901""","=""32665.5562""","=""6d2.7s2""","=""""","=""0""","=""""","=""*""","=""1"""
612.816,0.0004,612.815223,1.5e-05,110,L3552,,,,,,,,,
612.83384,6e-05,612.833758,7e-06,210,L18702,,,,,,,,,
"=""612.83384""","=""0.00006""","=""612.833758""","=""0.000007""","=""210""",,"=""""","=""14204.26476""","=""30517.38856""","=""6d3.(2G).7s""","=""""","=""5""","=""""","=""*""","=""4"""
612.84443,8e-05,612.844374,5e-06,150,L18702,,,,,,,,,
"=""612.84443""","=""0.00008""","=""612.844374""","=""0.000005""","=""150""",,"=""""","=""14204.26476""","=""30517.10597""","=""6d3.(2G).7s""","=""""","=""5""","=""""","=""*""","=""5"""
612.9318,0.0003,612.931709,7e-06,30,L12239,,,,,,,,,
"=""612.9318""","=""0.0003""","=""612.931709""","=""0.000007""","=""30""",,"=""""","=""15618.98461""","=""31929.50145""","=""5f.6d2.7s""","=""5H*""","=""3""","=""""","=""""","=""3"""
"=""612.94903""","=""0.00015""","=""612.949101""","=""0.000004""","=""180""",,"=""""","=""8111.004545""","=""24421.05861""","=""6d2.7s2""","=""1G""","=""4""","=""""","=""*""","=""3"""
612.94903,0.00015,612.949101,4e-06,180,L12239,,,,,,,,,
612.95458,4e-05,612.954598,6e-06,340,L5951,,,,,,,,,
"=""612.95458""","=""0.00004""","=""612.954598""","=""0.000006""","=""340""",,"=""""","=""12847.96912""","=""29157.87692""","=""6d3.(4P).7s""","=""5P""","=""3""","=""""","=""*""","=""3"""
"=""613.04563""","=""0.00011""","=""613.045357""","=""0.000003""","=""300""",,"=""""","=""6362.395980""","=""22669.88918""","=""6d3.(4F).7s""","=""5F""","=""2""","=""""","=""*""","=""3"""
613.04563,0.00011,613.045357,3e-06,300,L12239,,,,,,,,,
613.07567,0.00023,613.075586,1.9e-05,59,L12239,,,,,,,,,
"=""613.07567""","=""0.00023""","=""613.075586""","=""0.000019""","=""59""",,"=""""","=""20054.77119""","=""36361.4603""","=""6d3.(2F).7s""","=""3F""","=""2""","=""""","=""*""","=""1"""
"=""613.16666""","=""0.00019""","=""613.166714""","=""0.000007""","=""69""",,"=""""","=""15736.968041""","=""32041.23370""","=""6d2.7s.7p""","=""5F*""","=""1""","=""""","=""""","=""2"""
613.16666,0.00019,613.166714,7e-06,69,L12239,,,,,,,,,
613.1751,0.0003,613.17478,3e-05,13,L12239,,,,,,,,,
"=""613.1751""","=""0.0003""","=""613.17478""","=""0.00003""","=""13""",,"=""""","=""18574.61019""","=""34878.6613""","=""6d3.(2P).7s""","=""""","=""1""","=""""","=""*""","=""1"""
"=""613.2417""","=""0.0003""","=""613.241813""","=""0.000015""","=""29""",,"=""""","=""18549.40528""","=""34851.6743""","=""6d3.(4P).7s""","=""""","=""2""","=""""","=""*""","=""2"""
613.2417,0.0003,613.241813,1.5e-05,29,L12239,,,,,,,,,
613.28632,5e-05,613.286269,5e-06,270,L5951,,,,,,,,,
"=""613.28632""","=""0.00005""","=""613.286269""","=""0.000005""","=""270""",,"=""""","=""14206.91694""","=""30508.00424""","=""5f.6d.7s2""","=""3F*""","=""4""","=""""","=""""","=""5"""
"=""613.30568""","=""0.00003""","=""613.305701""","=""0.000006""","=""370""",,"=""""","=""14243.993748""","=""30544.56459""","=""5f.6d.7s2""","=""3P*""","=""1""","=""""","=""""","=""2"""
613.30568,3e-05,613.305701,6e-06,370,L18702,,,,,,,,,
613.327,0.0003,613.32699,4e-05,19,L12239,,,,,,,,,
"=""613.3270""","=""0.0003""","=""613.32699""","=""0.00004""","=""19""",,"=""""","=""26790.42715""","=""43090.4322""","=""""","=""*""","=""4""","=""""","=""""","=""4"""
"=""613.3671""","=""0.0004""","=""613.366195""","=""0.000023""","=""23""",,"=""""","=""16351.93901""","=""32650.9022""","=""6d2.7s2""","=""""","=""0""","=""""","=""*""","=""1"""
613.3671,0.0004,613.366195,2.3e-05,23,L3552,,,,,,,,,
613.38143,5e-05,613.381449,4e-06,190,L5951,,,,,,,,,
"=""613.38143""","=""0.00005""","=""613.381449""","=""0.000004""","=""190""",,"=""""","=""11197.031257""","=""27495.58911""","=""5f.6d.7s2""","=""3H*""","=""5""","=""5f2.7s2""","=""3H""","=""4"""
"=""613.45510""","=""0.00023""","=""613.455355""","=""0.000012""","=""45""",,"=""""","=""15863.88829""","=""32160.4826""","=""6d3.(2D2).7s""","=""""","=""2""","=""""","=""*""","=""2"""
613.4551,0.00023,613.455355,1.2e-05,45,L12239,,,,,,,,,
613.5014,0.0004,613.500206,2.3e-05,23,L3552,,,,,,,,,
"=""613.5014""","=""0.0004""","=""613.500206""","=""0.000023""","=""23""",,"=""""","=""20522.71449""","=""36818.1174""","=""6d2.7s.7p""","=""3F*""","=""2""","=""""","=""""","=""2"""
"=""613.5628""","=""0.0004""","=""613.562869""","=""0.000023""","=""57""",,"=""""","=""18431.686609""","=""34725.4253""","=""5f.7s2.7p""","=""3G""","=""3""","=""""","=""*""","=""3"""
613.5628,0.0004,613.562869,2.3e-05,57,L3552,,,,,,,,,
613.5996,0.0004,613.598597,5e-06,57,L3552,,,,,,,,,
"=""613.5996""","=""0.0004""","=""613.598597""","=""0.000005""","=""57""",,"=""""","=""14465.221873""","=""30758.01183""","=""6d2.7s.7p""","=""5G*""","=""2""","=""""","=""""","=""2"""
"=""613.7025""","=""0.0004""","=""613.701351""","=""0.000008""","=""57""",,"=""""","=""18011.38030""","=""34301.44234""","=""5f.6d2.7s""","=""5H*""","=""5""","=""""","=""""","=""4"""
613.7025,0.0004,613.701351,8e-06,57,L3552,,,,,,,,,
613.7926,4e-05,613.792587,9e-06,460,L5951,,,,,,,,,
"=""613.79260""","=""0.00004""","=""613.792587""","=""0.000009""","=""460""",,"=""""","=""15493.21943""","=""31780.86008""","=""6d3.(2H).7s""","=""3H""","=""4""","=""""","=""*""","=""3"""
"=""613.9364""","=""0.0004""","=""613.935358""","=""0.000019""","=""23""",,"=""""","=""21902.26981""","=""38186.1228""","=""5f.6d2.7s""","=""3H*""","=""4""","=""""","=""""","=""4"""
613.9364,0.0004,613.935358,1.9e-05,23,L3552,,,,,,,,,
613.96503,0.00023,613.9639,3e-05,39,L12239,,,,,,,,,
"=""613.96503""","=""0.00023""","=""613.96390""","=""0.00003""","=""39""",,"=""""","=""23521.04909""","=""39804.1450""","=""""","=""*""","=""3""","=""""","=""""","=""2"""
614.0449,0.0004,614.043715,2.3e-05,11,L3552,,,,,,,,,
"=""614.0449""","=""0.0004""","=""614.043715""","=""0.000023""","=""11""",,"=""""","=""22248.94952""","=""38529.9290""","=""""","=""*""","=""2""","=""""","=""""","=""3"""
614.0598,0.0003,614.060668,1.9e-05,20,L12239,,,,,,,,,
"=""614.0598""","=""0.0003""","=""614.060668""","=""0.000019""","=""20""",,"=""""","=""24210.80979""","=""40491.3398""","=""6d4""","=""5D""","=""4""","=""""","=""*""","=""3"""
"=""614.06991""","=""0.00023""","=""614.06986""","=""0.00003""","=""38""",,"=""""","=""24421.05861""","=""40701.3450""","=""""","=""*""","=""3""","=""""","=""""","=""4"""
614.06991,0.00023,614.06986,3e-05,38,L12239,,,,,,,,,
"=""614.07684""","=""0.00006""","=""614.076772""","=""0.000015""","=""170""",,"=""""","=""19532.41646""","=""35812.5195""","=""6d3.(2F).7s""","=""3F""","=""4""","=""""","=""*""","=""3"""
614.07684,6e-05,614.076772,1.5e-05,170,L5951,,,,,,,,,
614.08843,0.00019,614.088313,4e-06,70,L12239,,,,,,,,,
"=""614.08843""","=""0.00019""","=""614.088313""","=""0.000004""","=""70""",,"=""""","=""11241.73043""","=""27521.52753""","=""5f.6d.7s2""","=""3F*""","=""3""","=""""","=""""","=""4"""
"=""614.0994""","=""0.0004""","=""614.099396""","=""0.000007""","=""11""",,"=""""","=""18809.88631""","=""35089.38959""","=""6d2.7s.7p""","=""5G*""","=""4""","=""""","=""""","=""3"""
614.0994,0.0004,614.099396,7e-06,11,L3552,,,,,,,,,
614.1634,0.0003,614.162901,1.2e-05,14,L12239,,,,,,,,,
"=""614.1634""","=""0.0003""","=""614.162901""","=""0.000012""","=""14""",,"=""""","=""17411.224415""","=""33689.0444""","=""6d.7s2.7p""","=""3D*""","=""3""","=""""","=""""","=""2"""
"=""614.1928""","=""0.0004""","=""614.191422""","=""0.000015""","=""11""",,"=""""","=""18574.61019""","=""34851.6743""","=""6d3.(2P).7s""","=""""","=""1""","=""""","=""*""","=""2"""
614.1928,0.0004,614.191422,1.5e-05,11,L3552,,,,,,,,,
614.4414,0.0004,614.44049,1.5e-05,11,L3552,,,,,,,,,
"=""614.4414""","=""0.0004""","=""614.440490""","=""0.000015""","=""11""",,"=""""","=""20214.92997""","=""36485.3961""","=""6d2.7s.7p""","=""5D*""","=""3""","=""""","=""""","=""2"""
"=""614.47581""","=""0.00005""","=""614.475818""","=""0.000004""","=""290""",,"=""""","=""10526.544406""","=""26796.07511""","=""5f.6d.7s2""","=""3G*""","=""3""","=""""","=""""","=""3"""
614.47581,5e-05,614.475818,4e-06,290,L5951,,,,,,,,,
614.5,0.0004,614.4995,3e-05,23,L3552,,,,,,,,,
"=""614.5000""","=""0.0004""","=""614.49950""","=""0.00003""","=""23""",,"=""""","=""21252.60286""","=""37521.5066""","=""""","=""*""","=""2""","=""""","=""""","=""3"""
"=""614.5128""","=""0.0004""","=""614.51245""","=""0.00003""","=""23""",,"=""""","=""22401.20793""","=""38669.7687""","=""6d3.(2P).7s""","=""""","=""1""","=""""","=""*""","=""2"""
614.5128,0.0004,614.51245,3e-05,23,L3552,,,,,,,,,
614.7955,0.00023,614.795676,4e-06,50,L12239,,,,,,,,,
"=""614.79550""","=""0.00023""","=""614.795676""","=""0.000004""","=""50""",,"=""""","=""10783.15535""","=""27044.22163""","=""6d.7s2.7p""","=""3F*""","=""2""","=""""","=""""","=""3"""
"=""614.83546""","=""0.00023""","=""614.835697""","=""0.000019""","=""56""",,"=""""","=""19273.28060""","=""35533.2884""","=""6d3.(2P).7s""","=""""","=""2""","=""""","=""*""","=""2"""
614.83546,0.00023,614.835697,1.9e-05,56,L12239,,,,,,,,,
614.8473,0.0003,614.8474,4e-05,18,L12239,,,,,,,,,
"=""614.8473""","=""0.0003""","=""614.84740""","=""0.00004""","=""18""",,"=""""","=""24880.22058""","=""41139.9188""","=""""","=""*""","=""1""","=""""","=""""","=""2"""
"=""615.0031""","=""0.0004""","=""615.002250""","=""0.000019""","=""11""",,"=""""","=""21890.13254""","=""38145.7369""","=""""","=""*""","=""3""","=""""","=""""","=""3"""
615.0031,0.0004,615.00225,1.9e-05,11,L3552,,,,,,,,,
615.012,0.0004,615.012025,1.5e-05,23,L3552,,,,,,,,,
"=""615.0120""","=""0.0004""","=""615.012025""","=""0.000015""","=""23""",,"=""""","=""21077.152101""","=""37332.4981""","=""6d2.7s.7p""","=""5F*""","=""5""","=""5f.6d2.7p ""","=""5K ""","=""6"""
"=""615.0323""","=""0.0004""","=""615.032122""","=""0.000007""","=""46""",,"=""""","=""14032.085336""","=""30286.90016""","=""6d.7s2.7p""","=""3D*""","=""2""","=""""","=""""","=""1"""
615.0323,0.0004,615.032122,7e-06,46,L3552,,,,,,,,,
615.06825,3e-05,615.068302,4e-06,500,L18702,,,,,,,,,
"=""615.06825""","=""0.00003""","=""615.068302""","=""0.000004""","=""500""",,"=""""","=""11241.73043""","=""27495.58911""","=""5f.6d.7s2""","=""3F*""","=""3""","=""5f2.7s2""","=""3H""","=""4"""
"=""615.1142""","=""0.0004""","=""615.114256""","=""0.000023""","=""11""",,"=""""","=""20522.71449""","=""36775.3589""","=""6d2.7s.7p""","=""3F*""","=""2""","=""""","=""""","=""3"""
615.1142,0.0004,615.114256,2.3e-05,11,L3552,,,,,,,,,
"=""615.15133""","=""0.00008""","=""615.151457""","=""0.000007""","=""88""",,"=""""","=""17354.638583""","=""33606.30012""","=""5f.6d.7s2""","=""3D*""","=""1""","=""""","=""""","=""2"""
615.15133,8e-05,615.151457,7e-06,88,L5951,,,,,,,,,
615.199273,3e-06,615.199282,4e-06,10000bl,L18702,,,,,,,,,
"=""615.199273""","=""0.000003""","=""615.199282""","=""0.000004""","=""10000bl""",,"=""""","=""7502.287636""","=""23752.68579""","=""6d3.(4F).7s""","=""5F""","=""3""","=""""","=""*""","=""2"""
"=""615.2950""","=""0.0004""","=""615.296731""","=""0.000008""","=""23""",,"=""""","=""18053.617845""","=""34301.44234""","=""6d.7s2.7p""","=""3F*""","=""4""","=""""","=""""","=""4"""
615.295,0.0004,615.296731,8e-06,23,L3552,,,,,,,,,
615.406832,7e-06,615.406824,4e-06,2000,L18702,,,,,,,,,
"=""615.406832""","=""0.000007""","=""615.406824""","=""0.000004""","=""2000""",,"=""""","=""14481.86965""","=""30726.78752""","=""5f.6d.7s2""","=""3H*""","=""6""","=""5f.6d.7s.7p""","=""5I""","=""7"""
"=""615.44152""","=""0.00023""","=""615.44150""","=""0.00003""","=""60""",,"=""""","=""25442.68552""","=""41686.6880""","=""""","=""*""","=""3""","=""""","=""""","=""3"""
615.44152,0.00023,615.4415,3e-05,60,L12239,,,,,,,,,
615.451604,1.5e-05,615.451617,4e-06,810,L18702,,,,,,,,,
"=""615.451604""","=""0.000015""","=""615.451617""","=""0.000004""","=""810""",,"=""""","=""9804.806547""","=""26048.54211""","=""6d3.(4F).7s""","=""5F""","=""5""","=""""","=""*""","=""4"""
"=""615.4627""","=""0.0004""","=""615.461789""","=""0.000019""","=""46""",,"=""""","=""21902.26981""","=""38145.7369""","=""5f.6d2.7s""","=""3H*""","=""4""","=""""","=""""","=""3"""
615.4627,0.0004,615.461789,1.9e-05,46,L3552,,,,,,,,,
615.5299,0.0004,615.529222,1.9e-05,92,L3552,,,,,,,,,
"=""615.5299""","=""0.0004""","=""615.529222""","=""0.000019""","=""92""",,"=""""","=""20566.62381""","=""36808.3114""","=""6d2.7s.7p""","=""5D*""","=""4""","=""""","=""""","=""3"""
615.558088,7e-06,615.558092,4e-06,2000,L18702,,,,,,,,,
"=""615.558088""","=""0.000007""","=""615.558092""","=""0.000004""","=""2000""",,"=""""","=""7280.123222""","=""23521.04909""","=""6d2.7s2""","=""""","=""2""","=""""","=""*""","=""3"""
"=""615.61043""","=""0.00019""","=""615.609730""","=""0.000015""","=""67""",,"=""""","=""21165.098037""","=""37404.6616""","=""5f.6d.7s2""","=""3D*""","=""3""","=""""","=""""","=""3"""
615.61043,0.00019,615.60973,1.5e-05,67,L12239,,,,,,,,,
615.6615,0.00023,615.66109,3e-05,39,L12239,,,,,,,,,
"=""615.66150""","=""0.00023""","=""615.66109""","=""0.00003""","=""39""",,"=""""","=""28140.86799""","=""44379.0767""","=""""","=""*""","=""4""","=""""","=""""","=""5"""
"=""615.708769""","=""0.000011""","=""615.708776""","=""0.000003""","=""1100""",,"=""""","=""7795.275291""","=""24032.22651""","=""5f.6d.7s2""","=""3H*""","=""4""","=""5f.6d.7s.7p""","=""5G""","=""4"""
615.708769,1.1e-05,615.708776,3e-06,1100,L18702,,,,,,,,,
615.8391,0.0005,615.839779,1.9e-05,3,L12239,,,,,,,,,
"=""615.8391""","=""0.0005""","=""615.839779""","=""0.000019""","=""3""",,"=""""","=""24259.77463""","=""40493.2719""","=""""","=""*""","=""4""","=""""","=""""","=""3"""
"=""615.8829""","=""0.0004""","=""615.882290""","=""0.000008""","=""11""",,"=""""","=""18069.065569""","=""34301.44234""","=""6d.7s2.7p""","=""1F*""","=""3""","=""""","=""""","=""4"""
615.8829,0.0004,615.88229,8e-06,11,L3552,,,,,,,,,
616.135328,8e-06,616.135333,5e-06,1700,L18702,,,,,,,,,
"=""616.135328""","=""0.000008""","=""616.135333""","=""0.000005""","=""1700""",,"=""""","=""15490.077832""","=""31715.78811""","=""5f.6d.7s2""","=""3G*""","=""5""","=""""","=""""","=""6"""
"=""616.1649""","=""0.0003""","=""616.163333""","=""0.000016""","=""16""",,"=""""","=""22141.60454""","=""38366.5775""","=""""","=""*""","=""3""","=""6d4""","=""""","=""4"""
616.1649,0.0003,616.163333,1.6e-05,16,L12239,,,,,,,,,
616.17651,8e-05,616.176487,1.6e-05,100,L5951,,,,,,,,,
"=""616.17651""","=""0.00008""","=""616.176487""","=""0.000016""","=""100""",,"=""""","=""19986.16721""","=""36210.7938""","=""5f.6d2.7s""","=""5H*""","=""6""","=""""","=""""","=""5"""
"=""616.217005""","=""0.000011""","=""616.21722""","=""0.00004""","=""5200bl""",,"=""""","=""23741.07467""","=""39964.6289""","=""""","=""*""","=""1""","=""""","=""""","=""2"""
616.217005,1.1e-05,616.21722,4e-05,5200bl,L5951,,,,,,,,,
616.2261,0.0004,616.226218,1.6e-05,23,L3552,,,,,,,,,
"=""616.2261""","=""0.0004""","=""616.226218""","=""0.000016""","=""23""",,"=""""","=""17073.80916""","=""33297.1264""","=""6d3.(4P).7s""","=""""","=""1""","=""""","=""*""","=""2"""
"=""616.2456""","=""0.0004""","=""616.245489""","=""0.000016""","=""46""",,"=""""","=""17959.89498""","=""34182.7049""","=""6d3.(4F).7s""","=""3F""","=""4""","=""""","=""*""","=""5"""
616.2456,0.0004,616.245489,1.6e-05,46,L3552,,,,,,,,,
616.28515,0.00023,616.285557,9e-06,42,L12239,,,,,,,,,
"=""616.28515""","=""0.00023""","=""616.285557""","=""0.000009""","=""42""",,"=""""","=""11802.93238""","=""28024.68756""","=""6d3.(4P).7s""","=""5P""","=""2""","=""""","=""*""","=""1"""
"=""616.29699""","=""0.00005""","=""616.296934""","=""0.000006""","=""200""",,"=""""","=""13088.56115""","=""29310.01688""","=""6d3.(2G).7s""","=""3G""","=""3""","=""""","=""*""","=""4"""
616.29699,5e-05,616.296934,6e-06,200,L5951,,,,,,,,,
616.3207,0.0003,616.3204,5e-05,27,L12239,,,,,,,,,
"=""616.3207""","=""0.0003""","=""616.32040""","=""0.00005""","=""27""",,"=""""","=""25806.5369""","=""42027.3749""","=""""","=""*""","=""1 or 2""","=""6d4""","=""1D""","=""2"""
616.37269,0.00015,616.372529,9e-06,200,L12239,,,,,,,,,
"=""616.37269""","=""0.00015""","=""616.372529""","=""0.000009""","=""200""",,"=""""","=""18930.29333""","=""35149.75961""","=""6d2.7s.7p""","=""3G*""","=""3""","=""""","=""""","=""2"""
616.3905,0.0003,616.389702,1.9e-05,28,L12239,,,,,,,,,
"=""616.3905""","=""0.0003""","=""616.389702""","=""0.000019""","=""28""",,"=""""","=""22163.13360""","=""38382.1480""","=""""","=""*""","=""4""","=""""","=""""","=""3"""
"=""616.447940""","=""0.000004""","=""616.447944""","=""0.000003""","=""5700""",,"=""""","=""0.000000""","=""16217.482038""","=""6d2.7s2""","=""3F""","=""2""","=""6d.7s2.7p""","=""1D*""","=""2"""
616.44794,4e-06,616.447944,3e-06,5700,L18702,,,,,,,,,
616.4842,0.0004,616.484286,1.6e-05,92,L3552,,,,,,,,,
"=""616.4842""","=""0.0004""","=""616.484286""","=""0.000016""","=""92""",,"=""""","=""15863.88829""","=""32080.4143""","=""6d3.(2D2).7s""","=""""","=""2""","=""""","=""*""","=""1"""
"=""616.5538""","=""0.0004""","=""616.554108""","=""0.000012""","=""46""",,"=""""","=""20566.62381""","=""36781.3134""","=""6d2.7s.7p""","=""5D*""","=""4""","=""""","=""""","=""5"""
616.5538,0.0004,616.554108,1.2e-05,46,L3552,,,,,,,,,
616.5834,6e-05,616.583489,1.2e-05,150,L5951,,,,,,,,,
"=""616.58340""","=""0.00006""","=""616.583489""","=""0.000012""","=""150""",,"=""""","=""20214.92997""","=""36428.8469""","=""6d2.7s.7p""","=""5D*""","=""3""","=""""","=""""","=""2"""
"=""616.5972""","=""0.0004""","=""616.59631""","=""0.00004""","=""7""",,"=""""","=""28188.34547""","=""44401.9252""","=""""","=""*""","=""6""","=""""","=""""","=""6 or 7"""
616.5972,0.0004,616.59631,4e-05,7,L12239,,,,,,,,,
616.65362,0.00023,616.653157,1.6e-05,51,L12239,,,,,,,,,
"=""616.65362""","=""0.00023""","=""616.653157""","=""0.000016""","=""51""",,"=""""","=""25336.49797""","=""41548.5831""","=""""","=""*""","=""6""","=""""","=""""","=""6"""
"=""616.6709""","=""0.0004""","=""616.671171""","=""0.000008""","=""45""",,"=""""","=""19588.36224""","=""35799.97381""","=""6d2.7s.7p""","=""5G*""","=""5""","=""5f.6d.7s.7p""","=""3I""","=""6"""
616.6709,0.0004,616.671171,8e-06,45,L3552,,,,,,,,,
"=""616.8482""","=""0.0004""","=""616.848142""","=""0.000023""","=""22""",,"=""""","=""21890.13254""","=""38097.0931""","=""""","=""*""","=""3""","=""""","=""""","=""2"""
616.8482,0.0004,616.848142,2.3e-05,22,L3552,,,,,,,,,
616.8838,0.0003,616.88415,1.2e-05,19,L12239,,,,,,,,,
"=""616.8838""","=""0.0003""","=""616.884150""","=""0.000012""","=""19""",,"=""""","=""19588.36224""","=""35794.3768""","=""6d2.7s.7p""","=""5G*""","=""5""","=""6d4""","=""3F1""","=""4"""
"=""616.9394""","=""0.0004""","=""616.938949""","=""0.000016""","=""11""",,"=""""","=""21902.26981""","=""38106.8449""","=""5f.6d2.7s""","=""3H*""","=""4""","=""""","=""""","=""5"""
616.9394,0.0004,616.938949,1.6e-05,11,L3552,,,,,,,,,
616.982197,3e-06,616.982198,3e-06,18000,L18702,,,,,,,,,
"=""616.982197""","=""0.000003""","=""616.982198""","=""0.000003""","=""18000""",,"=""""","=""4961.658832""","=""21165.098037""","=""6d2.7s2""","=""3F""","=""4""","=""5f.6d.7s2""","=""3D*""","=""3"""
"=""617.06556""","=""0.00007""","=""617.065539""","=""0.000004""","=""100""",,"=""""","=""7280.123222""","=""23481.37399""","=""6d2.7s2""","=""""","=""2""","=""""","=""*""","=""1"""
617.06556,7e-05,617.065539,4e-06,100,L5951,,,,,,,,,
617.0737,7e-05,617.073668,1.9e-05,110,L5951,,,,,,,,,
"=""617.07370""","=""0.00007""","=""617.073668""","=""0.000019""","=""110""",,"=""""","=""19532.41646""","=""35733.4538""","=""6d3.(2F).7s""","=""3F""","=""4""","=""""","=""*""","=""4"""
"=""617.3004""","=""0.0004""","=""617.300824""","=""0.000008""","=""23""",,"=""""","=""17411.224415""","=""33606.30012""","=""6d.7s2.7p""","=""3D*""","=""3""","=""""","=""""","=""2"""
617.3004,0.0004,617.300824,8e-06,23,L3552,,,,,,,,,
"=""617.3881""","=""0.0004""","=""617.388458""","=""0.000016""","=""46""",,"=""""","=""17398.39526""","=""33591.1722""","=""6d3.(4F).7s""","=""""","=""3""","=""6d3.7p""","=""5G*""","=""3"""
617.3881,0.0004,617.388458,1.6e-05,46,L3552,,,,,,,,,
617.4797,0.0004,617.479603,1.2e-05,46,L3552,,,,,,,,,
"=""617.4797""","=""0.0004""","=""617.479603""","=""0.000012""","=""46""",,"=""""","=""15970.09583""","=""32160.4826""","=""6d3.(2D2).7s""","=""""","=""3""","=""""","=""*""","=""2"""
"=""617.59586""","=""0.00015""","=""617.595869""","=""0.000005""","=""150""",,"=""""","=""13945.307389""","=""30132.64625""","=""6d.7s2.7p""","=""3F*""","=""3""","=""""","=""""","=""2"""
617.59586,0.00015,617.595869,5e-06,150,L12239,,,,,,,,,
"=""617.6161""","=""0.0003""","=""617.61593""","=""0.00003""","=""20""",,"=""""","=""25442.68552""","=""41629.4986""","=""""","=""*""","=""3""","=""""","=""""","=""2"""
617.6161,0.0003,617.61593,3e-05,20,L12239,,,,,,,,,
617.6494,0.0003,617.649309,6e-06,34,L12239,,,,,,,,,
"=""617.6494""","=""0.0003""","=""617.649309""","=""0.000006""","=""34""",,"=""""","=""14465.221873""","=""30651.16019""","=""6d2.7s.7p""","=""5G*""","=""2""","=""6d4""","=""""","=""3"""
"=""617.6815""","=""0.0003""","=""617.681044""","=""0.000012""","=""14""",,"=""""","=""19948.395175""","=""36133.5019""","=""6d2.7s.7p""","=""5F*""","=""4""","=""""","=""""","=""5"""
617.6815,0.0003,617.681044,1.2e-05,14,L12239,,,,,,,,,
617.7081,0.0004,617.709422,9e-06,11,L3552,,,,,,,,,
"=""617.7081""","=""0.0004""","=""617.709422""","=""0.000009""","=""11""",,"=""""","=""17224.302340""","=""33408.66553""","=""6d2.7s.7p""","=""5F*""","=""2""","=""""","=""""","=""3"""
"=""617.7489""","=""0.0004""","=""617.748659""","=""0.000006""","=""11""",,"=""""","=""11601.03035""","=""27784.36557""","=""6d3.(4P).7s""","=""5P""","=""1""","=""""","=""*""","=""2"""
617.7489,0.0004,617.748659,6e-06,11,L3552,,,,,,,,,
"=""617.843134""","=""0.000006""","=""617.843140""","=""0.000004""","=""2800""",,"=""""","=""8800.249723""","=""24981.11021""","=""6d3.(4F).7s""","=""5F""","=""4""","=""""","=""*""","=""3"""
617.843134,6e-06,617.84314,4e-06,2800,L18702,,,,,,,,,
617.89316,7e-05,617.893205,6e-06,110,L5951,,,,,,,,,
"=""617.89316""","=""0.00007""","=""617.893205""","=""0.000006""","=""110""",,"=""""","=""16783.84708""","=""32963.39652""","=""5f.6d2.7s""","=""5I*""","=""4""","=""""","=""""","=""5"""
"=""617.91640""","=""0.00019""","=""617.916742""","=""0.000009""","=""69""",,"=""""","=""16217.482038""","=""32396.41519""","=""6d.7s2.7p""","=""1D*""","=""2""","=""6d4""","=""3P1""","=""2"""
617.9164,0.00019,617.916742,9e-06,69,L12239,,,,,,,,,
617.95487,0.00023,617.954997,1.2e-05,37,L12239,,,,,,,,,
"=""617.95487""","=""0.00023""","=""617.954997""","=""0.000012""","=""37""",,"=""""","=""15493.21943""","=""31671.1510""","=""6d3.(2H).7s""","=""3H""","=""4""","=""""","=""*""","=""4"""
"=""617.97744""","=""0.00023""","=""617.977333""","=""0.000012""","=""55""",,"=""""","=""15736.968041""","=""31914.3149""","=""6d2.7s.7p""","=""5F*""","=""1""","=""""","=""""","=""1"""
617.97744,0.00023,617.977333,1.2e-05,55,L12239,,,,,,,,,
618.0285,0.0004,618.028023,2.3e-05,11,L3552,,,,,,,,,
"=""618.0285""","=""0.0004""","=""618.028023""","=""0.000023""","=""11""",,"=""""","=""18549.40528""","=""34725.4253""","=""6d3.(4P).7s""","=""""","=""2""","=""""","=""*""","=""3"""
"=""618.070493""","=""0.000006""","=""618.070489""","=""0.000004""","=""2400""",,"=""""","=""5563.141519""","=""21738.05013""","=""6d3.(4F).7s""","=""5F""","=""1""","=""5f.6d2.7s""","=""5G*""","=""2"""
618.070493,6e-06,618.070489,4e-06,2400,L18702,,,,,,,,,
618.1537,0.0004,618.15389,3e-05,120,L3552,,,,,,,,,
"=""618.1537""","=""0.0004""","=""618.15389""","=""0.00003""","=""120""",,"=""""","=""20922.12244""","=""37094.8488""","=""""","=""*""","=""2""","=""""","=""""","=""2"""
618.262159,3e-06,618.262159,3e-06,38000,L18702,,,,,,,,,
"=""618.262159""","=""0.000003""","=""618.262159""","=""0.000003""","=""38000""",,"=""""","=""2869.259165""","=""19039.153374""","=""6d2.7s2""","=""3F""","=""3""","=""6d.7s2.7p""","=""3P*""","=""2"""
"=""618.2830""","=""0.0004""","=""618.283870""","=""0.000008""","=""580""",,"=""""","=""13847.77037""","=""30017.09677""","=""6d3.(4F).7s""","=""3F""","=""2""","=""""","=""*""","=""3"""
618.283,0.0004,618.28387,8e-06,580,L3552,,,,,,,,,
618.3942,0.0004,618.393447,9e-06,57,L3552,,,,,,,,,
"=""618.3942""","=""0.0004""","=""618.393447""","=""0.000009""","=""57""",,"=""""","=""17224.302340""","=""33390.76362""","=""6d2.7s.7p""","=""5F*""","=""2""","=""""","=""""","=""1"""
618.478974,1.5e-05,618.478979,9e-06,830,L18702,,,,,,,,,
"=""618.478974""","=""0.000015""","=""618.478979""","=""0.000009""","=""830""",,"=""""","=""13088.56115""","=""29252.78674""","=""6d3.(2G).7s""","=""3G""","=""3""","=""""","=""*""","=""2"""
"=""618.49875""","=""0.00019""","=""618.498828""","=""0.000004""","=""100""",,"=""""","=""8111.004545""","=""24274.71139""","=""6d2.7s2""","=""1G""","=""4""","=""""","=""*""","=""5"""
618.49875,0.00019,618.498828,4e-06,100,L12239,,,,,,,,,
"=""618.5656""","=""0.0004""","=""618.565725""","=""0.000016""","=""8""",,"=""""","=""21575.03713""","=""37736.9959""","=""6d3.(2P).7s""","=""""","=""2""","=""""","=""*""","=""2"""
618.5656,0.0004,618.565725,1.6e-05,8,L12239,,,,,,,,,
"=""618.57710""","=""0.00008""","=""618.577201""","=""0.000012""","=""93""",,"=""""","=""17398.39526""","=""33560.0542""","=""6d3.(4F).7s""","=""""","=""3""","=""""","=""*""","=""4"""
618.5771,8e-05,618.577201,1.2e-05,93,L5951,,,,,,,,,
618.6158,0.0003,618.615139,2.3e-05,22,L12239,,,,,,,,,
"=""618.6158""","=""0.0003""","=""618.615139""","=""0.000023""","=""22""",,"=""""","=""18614.33811""","=""34775.0059""","=""6d2.7s.7p""","=""5D*""","=""1""","=""""","=""""","=""1"""
"=""618.63785""","=""0.00008""","=""618.637863""","=""0.000005""","=""81""",,"=""""","=""15166.900593""","=""31326.97478""","=""6d2.7s.7p""","=""5G*""","=""3""","=""""","=""""","=""4"""
618.63785,8e-05,618.637863,5e-06,81,L5951,,,,,,,,,
618.6763,0.0004,618.675302,7e-06,22,L3552,,,,,,,,,
"=""618.6763""","=""0.0004""","=""618.675302""","=""0.000007""","=""22""",,"=""""","=""18930.29333""","=""35089.38959""","=""6d2.7s.7p""","=""3G*""","=""3""","=""""","=""""","=""3"""
"=""618.812501""","=""0.000004""","=""618.812503""","=""0.000003""","=""6000""",,"=""""","=""8243.602091""","=""24399.11564""","=""5f.6d.7s2""","=""3F*""","=""2""","=""5f.6d.7s.7p""","=""5H""","=""3"""
618.812501,4e-06,618.812503,3e-06,6000,L18702,,,,,,,,,
618.8863,0.0004,618.884693,8e-06,11,L3552,,,,,,,,,
"=""618.8863""","=""0.0004""","=""618.884693""","=""0.000008""","=""11""",,"=""""","=""17411.224415""","=""33564.85352""","=""6d.7s2.7p""","=""3D*""","=""3""","=""""","=""""","=""3"""
"=""618.91447""","=""0.00003""","=""618.914499""","=""0.000004""","=""320""",,"=""""","=""7502.287636""","=""23655.13881""","=""6d3.(4F).7s""","=""5F""","=""3""","=""""","=""*""","=""4"""
618.91447,3e-05,618.914499,4e-06,320,L18702,,,,,,,,,
618.9938,0.0004,618.99274,2.3e-05,9,L12239,,,,,,,,,
"=""618.9938""","=""0.0004""","=""618.992740""","=""0.000023""","=""9""",,"=""""","=""25690.47345""","=""41841.2829""","=""""","=""*""","=""5""","=""""","=""""","=""6"""
"=""619.07095""","=""0.00015""","=""619.070911""","=""0.000004""","=""140""",,"=""""","=""8111.004545""","=""24259.77463""","=""6d2.7s2""","=""1G""","=""4""","=""""","=""*""","=""4"""
619.07095,0.00015,619.070911,4e-06,140,L12239,,,,,,,,,
619.07705,0.00023,619.07697,3e-05,53,L12239,,,,,,,,,
"=""619.07705""","=""0.00023""","=""619.07697""","=""0.00003""","=""53""",,"=""""","=""21539.59257""","=""37688.2046""","=""""","=""*""","=""4""","=""""","=""""","=""3"""
"=""619.1261""","=""0.0004""","=""619.125943""","=""0.000012""","=""22""",,"=""""","=""19986.16721""","=""36133.5019""","=""5f.6d2.7s""","=""5H*""","=""6""","=""""","=""""","=""5"""
619.1261,0.0004,619.125943,1.2e-05,22,L3552,,,,,,,,,
619.190522,4e-06,619.190522,3e-06,5900,L18702,,,,,,,,,
"=""619.190522""","=""0.000004""","=""619.190522""","=""0.000003""","=""5900""",,"=""""","=""6362.395980""","=""22508.04658""","=""6d3.(4F).7s""","=""5F""","=""2""","=""6d2.7s.7p""","=""5P*""","=""2"""
"=""619.31786""","=""0.00023""","=""619.318179""","=""0.000016""","=""58""",,"=""""","=""21594.67329""","=""37736.9959""","=""6d3.(2F).7s""","=""1F""","=""3""","=""""","=""*""","=""2"""
619.31786,0.00023,619.318179,1.6e-05,58,L12239,,,,,,,,,
619.329,0.0004,619.32888,3e-05,22,L3552,,,,,,,,,
"=""619.3290""","=""0.0004""","=""619.32888""","=""0.00003""","=""22""",,"=""""","=""21165.098037""","=""37307.1417""","=""5f.6d.7s2""","=""3D*""","=""3""","=""6d4""","=""""","=""3"""
"=""619.3576""","=""0.0004""","=""619.357487""","=""0.000012""","=""22""",,"=""""","=""19948.395175""","=""36089.6933""","=""6d2.7s.7p""","=""5F*""","=""4""","=""""","=""""","=""4"""
619.3576,0.0004,619.357487,1.2e-05,22,L3552,,,,,,,,,
619.4793,0.0003,619.47883,4e-05,13,L12239,,,,,,,,,
"=""619.4793""","=""0.0003""","=""619.47883""","=""0.00004""","=""13""",,"=""""","=""27266.02670""","=""43404.1631""","=""""","=""*""","=""4""","=""""","=""""","=""4"""
"=""619.4926""","=""0.0004""","=""619.49253""","=""0.00003""","=""10""",,"=""""","=""22669.88918""","=""38807.6687""","=""""","=""*""","=""3""","=""""","=""""","=""2"""
619.4926,0.0004,619.49253,3e-05,10,L12239,,,,,,,,,
619.5321,5e-05,619.532116,6e-06,230,L5951,,,,,,,,,
"=""619.53210""","=""0.00005""","=""619.532116""","=""0.000006""","=""230""",,"=""""","=""15490.077832""","=""31626.82622""","=""5f.6d.7s2""","=""3G*""","=""5""","=""""","=""""","=""5"""
"=""619.6172""","=""0.0004""","=""619.617003""","=""0.000012""","=""44""",,"=""""","=""21077.152101""","=""37211.6898""","=""6d2.7s.7p""","=""5F*""","=""5""","=""""","=""""","=""5"""
619.6172,0.0004,619.617003,1.2e-05,44,L3552,,,,,,,,,
619.6307,0.0003,619.630774,1.9e-05,17,L12239,,,,,,,,,
"=""619.6307""","=""0.0003""","=""619.630774""","=""0.000019""","=""17""",,"=""""","=""20054.77119""","=""36188.9503""","=""6d3.(2F).7s""","=""3F""","=""2""","=""""","=""*""","=""2"""
"=""619.7591""","=""0.0004""","=""619.75847""","=""0.00003""","=""11""",,"=""""","=""20522.71449""","=""36653.5692""","=""6d2.7s.7p""","=""3F*""","=""2""","=""""","=""""","=""2"""
619.7591,0.0004,619.75847,3e-05,11,L3552,,,,,,,,,
619.822259,3e-06,619.822259,3e-06,9300,L18702,,,,,,,,,
"=""619.822259""","=""0.000003""","=""619.822259""","=""0.000003""","=""9300""",,"=""""","=""3687.987189""","=""19817.18191""","=""6d2.7s2""","=""""","=""2""","=""6d2.7s.7p""","=""5P*""","=""1"""
"=""620.3169""","=""0.0004""","=""620.316832""","=""0.000008""","=""34""",,"=""""","=""17411.224415""","=""33527.55959""","=""6d.7s2.7p""","=""3D*""","=""3""","=""""","=""""","=""4"""
"=""620.349239""","=""0.000003""","=""620.349239""","=""0.000003""","=""16000""",,"=""""","=""4961.658832""","=""21077.152101""","=""6d2.7s2""","=""3F""","=""4""","=""6d2.7s.7p""","=""5F*""","=""5"""
"=""620.50180""","=""0.00006""","=""620.501842""","=""0.000006""","=""150""",,"=""""","=""16346.64962""","=""32458.17957""","=""5f.6d2.7s""","=""5H*""","=""4""","=""""","=""""","=""4"""
"=""620.586002""","=""0.000019""","=""620.586008""","=""0.000008""","=""630""",,"=""""","=""13088.56115""","=""29197.90600""","=""6d3.(2G).7s""","=""3G""","=""3""","=""""","=""*""","=""2"""
"=""620.722000""","=""0.000003""","=""620.722000""","=""0.000003""","=""9300""",,"=""""","=""5563.141519""","=""21668.957072""","=""6d3.(4F).7s""","=""5F""","=""1""","=""6d2.7s.7p""","=""5P*""","=""1"""
"=""620.77504""","=""0.00004""","=""620.774992""","=""0.000012""","=""360""",,"=""""","=""17166.10472""","=""33270.5454""","=""6d3.(2H).7s""","=""3H""","=""5""","=""""","=""*""","=""4"""
"=""620.868725""","=""0.000019""","=""620.868680""","=""0.000004""","=""650""",,"=""""","=""11241.73043""","=""27343.74101""","=""5f.6d.7s2""","=""3F*""","=""3""","=""5f.6d.7s.7p""","=""5H""","=""3"""
"=""620.8861""","=""0.0004""","=""620.884685""","=""0.000023""","=""22""",,"=""""","=""22855.29928""","=""38956.8948""","=""""","=""*""","=""3""","=""""","=""""","=""4"""
"=""620.89861""","=""0.00008""","=""620.898663""","=""0.000004""","=""99""",,"=""""","=""7502.287636""","=""23603.52066""","=""6d3.(4F).7s""","=""5F""","=""3""","=""""","=""*""","=""2"""
"=""620.9659""","=""0.0004""","=""620.965947""","=""0.000016""","=""22""",,"=""""","=""19713.03109""","=""35812.5195""","=""6d3.(2F).7s""","=""3F""","=""3""","=""""","=""*""","=""3"""
"=""620.99496""","=""0.00008""","=""620.994991""","=""0.000006""","=""93""",,"=""""","=""15166.900593""","=""31265.63604""","=""6d2.7s.7p""","=""5G*""","=""3""","=""""","=""""","=""3"""
"=""621.271899""","=""0.000015""","=""621.271900""","=""0.000003""","=""850""",,"=""""","=""8111.004545""","=""24202.56462""","=""6d2.7s2""","=""1G""","=""4""","=""""","=""*""","=""4"""
"=""621.3328""","=""0.0004""","=""621.332583""","=""0.000020""","=""33""",,"=""""","=""21902.26981""","=""37992.2583""","=""5f.6d2.7s""","=""3H*""","=""4""","=""""","=""""","=""4"""
"=""621.4104""","=""0.0003""","=""621.410539""","=""0.000020""","=""20""",,"=""""","=""17073.80916""","=""33161.7792""","=""6d3.(4P).7s""","=""""","=""1""","=""""","=""*""","=""1"""
"=""621.45400""","=""0.00019""","=""621.454028""","=""0.000016""","=""82""",,"=""""","=""24561.65178""","=""40648.4960""","=""""","=""*""","=""3""","=""""","=""""","=""4"""
"=""621.6270""","=""0.0004""","=""621.627083""","=""0.000012""","=""33""",,"=""""","=""20214.92997""","=""36297.2958""","=""6d2.7s.7p""","=""5D*""","=""3""","=""""","=""""","=""4"""
"=""621.64400""","=""0.00008""","=""621.644023""","=""0.000023""","=""86""",,"=""""","=""21575.03713""","=""37656.9647""","=""6d3.(2P).7s""","=""""","=""2""","=""""","=""*""","=""3"""
"=""621.68641""","=""0.00023""","=""621.686432""","=""0.000023""","=""39""",,"=""""","=""20737.28686""","=""36818.1174""","=""""","=""*""","=""1""","=""""","=""""","=""2"""
"=""621.7439""","=""0.0004""","=""621.743957""","=""0.000006""","=""9""",,"=""""","=""14465.221873""","=""30544.56459""","=""6d2.7s.7p""","=""5G*""","=""2""","=""""","=""""","=""2"""
"=""621.75786""","=""0.00005""","=""621.757705""","=""0.000007""","=""200""",,"=""""","=""15166.900593""","=""31245.88778""","=""6d2.7s.7p""","=""5G*""","=""3""","=""""","=""""","=""2"""
"=""621.8179""","=""0.0003""","=""621.818168""","=""0.000023""","=""12""",,"=""""","=""22141.60454""","=""38219.0283""","=""""","=""*""","=""3""","=""6d4""","=""""","=""2"""
"=""621.8862""","=""0.0004""","=""621.886918""","=""0.000016""","=""22""",,"=""""","=""22877.58322""","=""38953.2296""","=""""","=""*""","=""5""","=""""","=""""","=""5"""
"=""621.9672""","=""0.0004""","=""621.966947""","=""0.000012""","=""11""",,"=""""","=""19227.33665""","=""35300.9146""","=""5f.6d2.7s""","=""5I*""","=""6""","=""5f.6d2.7p""","=""5K""","=""5"""
"=""621.97779""","=""0.00007""","=""621.977901""","=""0.000007""","=""130""",,"=""""","=""11601.03035""","=""27674.32522""","=""6d3.(4P).7s""","=""5P""","=""1""","=""""","=""*""","=""2"""
"=""622.001122""","=""0.000010""","=""622.001125""","=""0.000005""","=""1500""",,"=""""","=""9804.806547""","=""25877.50128""","=""6d3.(4F).7s""","=""5F""","=""5""","=""""","=""*""","=""4"""
"=""622.10599""","=""0.00006""","=""622.105946""","=""0.000007""","=""180""",,"=""""","=""12847.96912""","=""28917.95572""","=""6d3.(4P).7s""","=""5P""","=""3""","=""""","=""*""","=""2"""
"=""622.131939""","=""0.000015""","=""622.131917""","=""0.000007""","=""730""",,"=""""","=""13088.56115""","=""29157.87692""","=""6d3.(2G).7s""","=""3G""","=""3""","=""""","=""*""","=""3"""
"=""622.14325""","=""0.00019""","=""622.143303""","=""0.000006""","=""110""",,"=""""","=""13945.307389""","=""30014.32907""","=""6d.7s2.7p""","=""3F*""","=""3""","=""6d4""","=""""","=""4"""
"=""622.25780""","=""0.00023""","=""622.258733""","=""0.000005""","=""36""",,"=""""","=""13945.307389""","=""30011.34827""","=""6d.7s2.7p""","=""3F*""","=""3""","=""""","=""""","=""3"""
"=""622.3308""","=""0.0004""","=""622.330700""","=""0.000012""","=""54""",,"=""""","=""18809.88631""","=""34874.0693""","=""6d2.7s.7p""","=""5G*""","=""4""","=""""","=""""","=""3"""
"=""622.4043""","=""0.0004""","=""622.403990""","=""0.000023""","=""54""",,"=""""","=""21594.67329""","=""37656.9647""","=""6d3.(2F).7s""","=""1F""","=""3""","=""""","=""*""","=""3"""
"=""622.452710""","=""0.000004""","=""622.452711""","=""0.000003""","=""7800""",,"=""""","=""2869.259165""","=""18930.29333""","=""6d2.7s2""","=""3F""","=""3""","=""6d2.7s.7p""","=""3G*""","=""3"""
"=""622.4678""","=""0.0004""","=""622.468353""","=""0.000020""","=""87""",,"=""""","=""19817.18191""","=""35877.8125""","=""6d2.7s.7p""","=""5P*""","=""1""","=""6d4""","=""""","=""2"""
"=""622.5103""","=""0.0003""","=""622.510746""","=""0.000012""","=""23""",,"=""""","=""19516.98043""","=""35576.5173""","=""6d2.7s.7p""","=""5D*""","=""2""","=""""","=""""","=""3"""
"=""622.636959""","=""0.000006""","=""622.636965""","=""0.000003""","=""2300""",,"=""""","=""2558.056752""","=""18614.33811""","=""6d2.7s2""","=""3P""","=""0""","=""6d2.7s.7p""","=""5D*""","=""1"""
"=""622.71823""","=""0.00023""","=""622.718097""","=""0.000012""","=""44""",,"=""""","=""14226.82045""","=""30281.0099""","=""6d3.(2P).7s""","=""""","=""0""","=""""","=""*""","=""1"""
"=""622.8237""","=""0.0004""","=""622.82402""","=""0.00003""","=""8""",,"=""""","=""23752.68579""","=""39804.1450""","=""""","=""*""","=""2""","=""""","=""""","=""2"""
"=""623.0221""","=""0.0004""","=""623.021926""","=""0.000016""","=""10""",,"=""""","=""21738.05013""","=""37784.4105""","=""5f.6d2.7s""","=""5G*""","=""2""","=""""","=""""","=""2"""
"=""623.0548""","=""0.0004""","=""623.055599""","=""0.000012""","=""10""",,"=""""","=""19588.36224""","=""35633.8554""","=""6d2.7s.7p""","=""5G*""","=""5""","=""""","=""""","=""4"""
"=""623.0933""","=""0.0004""","=""623.093457""","=""0.000020""","=""32""",,"=""""","=""22141.60454""","=""38186.1228""","=""""","=""*""","=""3""","=""""","=""""","=""4"""
"=""623.20673""","=""0.00006""","=""623.206767""","=""0.000020""","=""150""",,"=""""","=""18549.40528""","=""34591.0064""","=""6d3.(4P).7s""","=""""","=""2""","=""""","=""*""","=""1"""
"=""623.2129""","=""0.0004""","=""623.213286""","=""0.000012""","=""270""",,"=""""","=""17959.89498""","=""34001.3283""","=""6d3.(4F).7s""","=""3F""","=""4""","=""""","=""*""","=""4"""
"=""623.2186""","=""0.0004""","=""623.21933""","=""0.00003""","=""87""",,"=""""","=""21575.03713""","=""37616.3148""","=""6d3.(2P).7s""","=""""","=""2""","=""""","=""*""","=""1"""
"=""623.28794""","=""0.00023""","=""623.28846""","=""0.00003""","=""45""",,"=""""","=""25321.91918""","=""41361.4177""","=""""","=""*""","=""3""","=""5f.6d2.7p ""","=""5H""","=""3"""
"=""623.3004""","=""0.0004""","=""623.300421""","=""0.000016""","=""87""",,"=""""","=""23655.13881""","=""39694.3296""","=""""","=""*""","=""4""","=""5f.6d2.7p ""","=""5I""","=""5"""
"=""623.3858""","=""0.0004""","=""623.386049""","=""0.000005""","=""32""",,"=""""","=""12847.96912""","=""28884.95681""","=""6d3.(4P).7s""","=""5P""","=""3""","=""""","=""*""","=""3"""
"=""623.41962""","=""0.00005""","=""623.419584""","=""0.000009""","=""220""",,"=""""","=""17354.638583""","=""33390.76362""","=""5f.6d.7s2""","=""3D*""","=""1""","=""""","=""""","=""1"""
"=""623.485523""","=""0.000005""","=""623.485525""","=""0.000003""","=""3100""",,"=""""","=""6362.395980""","=""22396.82500""","=""6d3.(4F).7s""","=""5F""","=""2""","=""""","=""*""","=""1"""
"=""623.5176""","=""0.0004""","=""623.517848""","=""0.000016""","=""10""",,"=""""","=""18549.40528""","=""34583.0031""","=""6d3.(4P).7s""","=""""","=""2""","=""""","=""*""","=""3"""
"=""623.71024""","=""0.00023""","=""623.710490""","=""0.000020""","=""50""",,"=""""","=""17398.39526""","=""33427.0409""","=""6d3.(4F).7s""","=""""","=""3""","=""""","=""*""","=""2"""
"=""623.79863""","=""0.00019""","=""623.798522""","=""0.000008""","=""63""",,"=""""","=""17501.17592""","=""33527.55959""","=""5f.6d2.7s""","=""5I*""","=""5""","=""""","=""""","=""4"""
"=""623.80825""","=""0.00006""","=""623.808217""","=""0.000005""","=""150""",,"=""""","=""14481.86965""","=""30508.00424""","=""5f.6d.7s2""","=""3H*""","=""6""","=""""","=""""","=""5"""
"=""623.8208""","=""0.0004""","=""623.821168""","=""0.000024""","=""53""",,"=""""","=""18699.62342""","=""34725.4253""","=""5f.7s2.7p""","=""3F""","=""2""","=""""","=""*""","=""3"""
"=""623.9306""","=""0.0004""","=""623.930675""","=""0.000020""","=""53""",,"=""""","=""22163.13360""","=""38186.1228""","=""""","=""*""","=""4""","=""""","=""""","=""4"""
"=""623.9742""","=""0.0004""","=""623.973776""","=""0.000024""","=""21""",,"=""""","=""22508.04658""","=""38529.9290""","=""6d2.7s.7p""","=""5P*""","=""2""","=""""","=""""","=""3"""
"=""624.03066""","=""0.00008""","=""624.030630""","=""0.000020""","=""97""",,"=""""","=""19713.03109""","=""35733.4538""","=""6d3.(2F).7s""","=""3F""","=""3""","=""""","=""*""","=""4"""
"=""624.095333""","=""0.000012""","=""624.095347""","=""0.000004""","=""1100""",,"=""""","=""7502.287636""","=""23521.04909""","=""6d3.(4F).7s""","=""5F""","=""3""","=""""","=""*""","=""3"""
"=""624.18739""","=""0.00008""","=""624.187512""","=""0.000020""","=""94""",,"=""""","=""18574.61019""","=""34591.0064""","=""6d3.(2P).7s""","=""""","=""1""","=""""","=""*""","=""1"""
"=""624.33603""","=""0.00005""","=""624.336128""","=""0.000006""","=""310""",,"=""""","=""13297.43316""","=""29310.01688""","=""6d3.(2G).7s""","=""3G""","=""4""","=""""","=""*""","=""4"""
"=""624.43712""","=""0.00023""","=""624.43728""","=""0.00003""","=""53""",,"=""""","=""21738.05013""","=""37748.0401""","=""5f.6d2.7s""","=""5G*""","=""2""","=""""","=""""","=""2"""
"=""624.4875""","=""0.0004""","=""624.487468""","=""0.000020""","=""21""",,"=""""","=""21077.152101""","=""37085.8553""","=""6d2.7s.7p""","=""5F*""","=""5""","=""""","=""""","=""4"""
"=""624.5151""","=""0.0003""","=""624.515115""","=""0.000024""","=""14""",,"=""""","=""17959.89498""","=""33967.8895""","=""6d3.(4F).7s""","=""3F""","=""4""","=""""","=""*""","=""3"""
"=""624.5601""","=""0.0004""","=""624.559070""","=""0.000012""","=""540""",,"=""""","=""19039.153374""","=""35046.0213""","=""6d.7s2.7p""","=""3P*""","=""2""","=""""","=""5F""","=""1"""
"=""624.5850""","=""0.0003""","=""624.584968""","=""0.000012""","=""29""",,"=""""","=""15863.88829""","=""31870.0925""","=""6d3.(2D2).7s""","=""""","=""2""","=""""","=""*""","=""2"""
"=""624.61736""","=""0.00004""","=""624.617375""","=""0.000010""","=""350""",,"=""""","=""13847.77037""","=""29853.14415""","=""6d3.(4F).7s""","=""3F""","=""2""","=""""","=""*""","=""2"""
"=""624.6407""","=""0.0003""","=""624.640202""","=""0.000016""","=""18""",,"=""""","=""18699.62342""","=""34704.4123""","=""5f.7s2.7p""","=""3F""","=""2""","=""""","=""*""","=""3"""
"=""624.6664""","=""0.0004""","=""624.665826""","=""0.000016""","=""11""",,"=""""","=""22141.60454""","=""38145.7369""","=""""","=""*""","=""3""","=""""","=""""","=""3"""
"=""624.91563""","=""0.00023""","=""624.914900""","=""0.000007""","=""44""",,"=""""","=""16783.84708""","=""32781.60068""","=""5f.6d2.7s""","=""5I*""","=""4""","=""""","=""""","=""4"""
"=""624.9263""","=""0.0003""","=""624.927107""","=""0.000010""","=""30""",,"=""""","=""17411.224415""","=""33408.66553""","=""6d.7s2.7p""","=""3D*""","=""3""","=""""","=""""","=""3"""
"=""625.04857""","=""0.00004""","=""625.048586""","=""0.000004""","=""320""",,"=""""","=""11197.031257""","=""27191.36326""","=""5f.6d.7s2""","=""3H*""","=""5""","=""5f.6d.7s.7p""","=""5G""","=""5"""
"=""625.1442""","=""0.0003""","=""625.14392""","=""0.00005""","=""15""",,"=""""","=""27495.58911""","=""43487.4820""","=""5f2.7s2""","=""3H""","=""4""","=""""","=""*""","=""4"""
"=""625.1766""","=""0.0004""","=""625.17783""","=""0.00005""","=""10""",,"=""""","=""26036.34930""","=""42027.3749""","=""""","=""*""","=""3""","=""6d4""","=""1D""","=""2"""
"=""625.19595""","=""0.00023""","=""625.196226""","=""0.000016""","=""34""",,"=""""","=""21902.26981""","=""37892.8248""","=""5f.6d2.7s""","=""3H*""","=""4""","=""5f.6d2.7p ""","=""5I""","=""4"""
"=""625.23122""","=""0.00023""","=""625.231530""","=""0.000009""","=""56""",,"=""""","=""19227.33665""","=""35216.98873""","=""5f.6d2.7s""","=""5I*""","=""6""","=""""","=""""","=""5"""
"=""625.2608""","=""0.0004""","=""625.259004""","=""0.000016""","=""7""",,"=""""","=""24084.94271""","=""40073.8922""","=""6d2.7s.7p""","=""5G*""","=""6""","=""""","=""""","=""5"""
"=""625.2886""","=""0.0003""","=""625.288785""","=""0.000016""","=""23""",,"=""""","=""21902.26981""","=""37890.4578""","=""5f.6d2.7s""","=""3H*""","=""4""","=""""","=""""","=""5"""
"=""625.47762""","=""0.00020""","=""625.477258""","=""0.000010""","=""65""",,"=""""","=""15970.09583""","=""31953.46618""","=""6d3.(2D2).7s""","=""""","=""3""","=""""","=""*""","=""4"""
"=""625.5201""","=""0.0004""","=""625.52028""","=""0.00003""","=""10""",,"=""""","=""26255.58209""","=""42237.8531""","=""""","=""""","=""4""","=""""","=""*""","=""3"""
"=""625.5334""","=""0.0003""","=""625.53425""","=""0.00003""","=""33""",,"=""""","=""21539.59257""","=""37521.5066""","=""""","=""*""","=""4""","=""""","=""""","=""3"""
"=""625.55234""","=""0.00023""","=""625.553075""","=""0.000006""","=""38""",,"=""""","=""11802.93238""","=""27784.36557""","=""6d3.(4P).7s""","=""5P""","=""2""","=""""","=""*""","=""2"""
"=""625.5852""","=""0.0004""","=""625.58431""","=""0.00003""","=""11""",,"=""""","=""19516.98043""","=""35497.6156""","=""6d2.7s.7p""","=""5D*""","=""2""","=""""","=""""","=""2"""
"=""625.6337""","=""0.0003""","=""625.63421""","=""0.00004""","=""26""",,"=""""","=""24421.05861""","=""40400.4192""","=""""","=""*""","=""3""","=""""","=""""","=""2"""
"=""625.6654""","=""0.0003""","=""625.66667""","=""0.00004""","=""24""",,"=""""","=""24981.11021""","=""40959.6419""","=""""","=""*""","=""3""","=""""","=""""","=""2"""
"=""625.742356""","=""0.000005""","=""625.742361""","=""0.000004""","=""3000""",,"=""""","=""6362.395980""","=""22338.99484""","=""6d3.(4F).7s""","=""5F""","=""2""","=""5f.6d2.7s""","=""5G*""","=""3"""
"=""625.8097""","=""0.0004""","=""625.809150""","=""0.000006""","=""21""",,"=""""","=""15166.900593""","=""31141.79438""","=""6d2.7s.7p""","=""5G*""","=""3""","=""6d4""","=""3D""","=""3"""
"=""626.02174""","=""0.00007""","=""626.021855""","=""0.000004""","=""100""",,"=""""","=""8800.249723""","=""24769.71573""","=""6d3.(4F).7s""","=""5F""","=""4""","=""""","=""*""","=""3"""
"=""626.141810""","=""0.000004""","=""626.141877""","=""0.000004""","=""8500bl""",,"=""""","=""10414.13700""","=""26380.54194""","=""5f.6d.7s2""","=""1G*""","=""4""","=""5f.6d.7s.7p""","=""5H""","=""5"""
"=""626.2887""","=""0.0003""","=""626.287927""","=""0.000016""","=""14""",,"=""""","=""20522.71449""","=""36485.3961""","=""6d2.7s.7p""","=""3F*""","=""2""","=""""","=""""","=""2"""
"=""626.3026""","=""0.0004""","=""626.301859""","=""0.000024""","=""11""",,"=""""","=""24274.71139""","=""40237.0379""","=""""","=""*""","=""5""","=""""","=""""","=""5"""
"=""626.47139""","=""0.00007""","=""626.471363""","=""0.000010""","=""110""",,"=""""","=""17501.17592""","=""33459.18355""","=""5f.6d2.7s""","=""5I*""","=""5""","=""5f.6d.7s.7p""","=""3H""","=""4"""
"=""626.56036""","=""0.00006""","=""626.560418""","=""0.000007""","=""160""",,"=""""","=""14204.26476""","=""30160.00425""","=""6d3.(2G).7s""","=""""","=""5""","=""""","=""*""","=""4"""
"=""626.5962""","=""0.0004""","=""626.595205""","=""0.000020""","=""32""",,"=""""","=""22098.18793""","=""38053.0416""","=""5f.6d.7s.7p""","=""5I""","=""4""","=""""","=""*""","=""3"""
"=""626.64857""","=""0.00024""","=""626.64873""","=""0.00003""","=""49""",,"=""""","=""24032.22651""","=""39985.7173""","=""5f.6d.7s.7p""","=""5G""","=""4""","=""""","=""*""","=""3"""
"=""626.66142""","=""0.00007""","=""626.661367""","=""0.000006""","=""160""",,"=""""","=""16783.84708""","=""32737.01627""","=""5f.6d2.7s""","=""5I*""","=""4""","=""""","=""""","=""5"""
"=""626.7188""","=""0.0004""","=""626.718765""","=""0.000004""","=""21""",,"=""""","=""3865.473772""","=""19817.18191""","=""6d2.7s2""","=""3P""","=""1""","=""6d2.7s.7p""","=""5P*""","=""1"""
"=""626.7800""","=""0.0004""","=""626.77981""","=""0.00003""","=""21""",,"=""""","=""21738.05013""","=""37688.2046""","=""5f.6d2.7s""","=""5G*""","=""2""","=""""","=""""","=""3"""
"=""626.82001""","=""0.00006""","=""626.820014""","=""0.000004""","=""190""",,"=""""","=""9804.806547""","=""25753.93805""","=""6d3.(4F).7s""","=""5F""","=""5""","=""""","=""*""","=""5"""
"=""626.8923""","=""0.0004""","=""626.893002""","=""0.000006""","=""21""",,"=""""","=""16346.64962""","=""32293.92422""","=""5f.6d2.7s""","=""5H*""","=""4""","=""""","=""""","=""5"""
"=""627.02990""","=""0.00016""","=""627.030566""","=""0.000012""","=""110""",,"=""""","=""18930.29333""","=""34874.0693""","=""6d2.7s.7p""","=""3G*""","=""3""","=""""","=""""","=""3"""
"=""627.0331""","=""0.0004""","=""627.033109""","=""0.000016""","=""87""",,"=""""","=""22163.13360""","=""38106.8449""","=""""","=""*""","=""4""","=""""","=""""","=""5"""
"=""627.154421""","=""0.000012""","=""627.154427""","=""0.000004""","=""1000""",,"=""""","=""2869.259165""","=""18809.88631""","=""6d2.7s2""","=""3F""","=""3""","=""6d2.7s.7p""","=""5G*""","=""4"""
"=""627.17371""","=""0.00020""","=""627.173673""","=""0.000016""","=""70""",,"=""""","=""18431.686609""","=""34371.8246""","=""5f.7s2.7p""","=""3G""","=""3""","=""""","=""*""","=""2"""
"=""627.2676""","=""0.0004""","=""627.267357""","=""0.000016""","=""32""",,"=""""","=""19503.143490""","=""35440.9008""","=""6d2.7s.7p""","=""5F*""","=""3""","=""6d4""","=""""","=""3"""
"=""627.4504""","=""0.0003""","=""627.450714""","=""0.000020""","=""16""",,"=""""","=""22669.88918""","=""38602.9891""","=""""","=""*""","=""3""","=""""","=""""","=""2"""
"=""627.50774""","=""0.00020""","=""627.50863""","=""0.00003""","=""57""",,"=""""","=""24769.71573""","=""40701.3450""","=""""","=""*""","=""3""","=""""","=""""","=""4"""
"=""627.5679""","=""0.0004""","=""627.56686""","=""0.00003""","=""21""",,"=""""","=""22877.51748""","=""38807.6687""","=""""","=""*""","=""1""","=""""","=""""","=""2"""
"=""627.5849""","=""0.0004""","=""627.584165""","=""0.000008""","=""32""",,"=""""","=""14032.085336""","=""29961.79723""","=""6d.7s2.7p""","=""3D*""","=""2""","=""""","=""""","=""1"""
"=""627.616528""","=""0.000016""","=""627.616526""","=""0.000006""","=""820""",,"=""""","=""13175.113345""","=""29104.00388""","=""5f.6d.7s2""","=""3G*""","=""4""","=""6d4""","=""3G""","=""4"""
"=""627.7512""","=""0.0004""","=""627.751136""","=""0.000016""","=""21""",,"=""""","=""21645.85769""","=""37571.3326""","=""6d3.(2G).7s""","=""""","=""4""","=""""","=""*""","=""5"""
"=""627.8125""","=""0.0004""","=""627.812419""","=""0.000016""","=""43""",,"=""""","=""19516.98043""","=""35440.9008""","=""6d2.7s.7p""","=""5D*""","=""2""","=""6d4""","=""""","=""3"""
"=""627.99776""","=""0.00006""","=""627.997782""","=""0.000012""","=""190""",,"=""""","=""17354.638583""","=""33273.8588""","=""5f.6d.7s2""","=""3D*""","=""1""","=""""","=""""","=""1"""
"=""628.0359""","=""0.0004""","=""628.035757""","=""0.000006""","=""21""",,"=""""","=""15618.98461""","=""31537.24226""","=""5f.6d2.7s""","=""5H*""","=""3""","=""""","=""""","=""3"""
"=""628.0890""","=""0.0003""","=""628.087564""","=""0.000010""","=""24""",,"=""""","=""17501.17592""","=""33418.1206""","=""5f.6d2.7s""","=""5I*""","=""5""","=""6d4""","=""""","=""4"""
"=""628.11648""","=""0.00024""","=""628.117021""","=""0.000016""","=""33""",,"=""""","=""23093.98148""","=""39010.1797""","=""""","=""*""","=""2""","=""""","=""""","=""3"""
"=""628.15227""","=""0.00024""","=""628.15205""","=""0.00003""","=""39""",,"=""""","=""26508.02820""","=""42423.3388""","=""""","=""*""","=""3""","=""""","=""""","=""4"""
"=""628.1543""","=""0.0004""","=""628.154428""","=""0.000020""","=""54""",,"=""""","=""18382.82669""","=""34298.0771""","=""6d2.7s.7p""","=""5D*""","=""0""","=""""","=""""","=""1"""
"=""628.1653""","=""0.0004""","=""628.16707""","=""0.00004""","=""10""",,"=""""","=""27266.02670""","=""43180.9567""","=""""","=""*""","=""4""","=""""","=""""","=""5"""
"=""628.2449""","=""0.0004""","=""628.244885""","=""0.000012""","=""21""",,"=""""","=""18431.686609""","=""34344.6455""","=""5f.7s2.7p""","=""3G""","=""3""","=""""","=""*""","=""4"""
"=""628.3141""","=""0.0003""","=""628.31451""","=""0.00003""","=""28""",,"=""""","=""23049.45870""","=""38960.6542""","=""""","=""*""","=""1""","=""""","=""""","=""2"""
"=""628.3213""","=""0.0004""","=""628.321353""","=""0.000020""","=""5""",,"=""""","=""23609.16775""","=""39520.1900""","=""""","=""*""","=""5""","=""""","=""""","=""4"""
"=""628.5146""","=""0.0003""","=""628.514513""","=""0.000012""","=""14""",,"=""""","=""20522.71449""","=""36428.8469""","=""6d2.7s.7p""","=""3F*""","=""2""","=""""","=""""","=""2"""
"=""628.5453""","=""0.0004""","=""628.546090""","=""0.000024""","=""10""",,"=""""","=""22855.29928""","=""38760.6326""","=""""","=""*""","=""3""","=""""","=""""","=""4"""
"=""628.5971""","=""0.0003""","=""628.597829""","=""0.000024""","=""22""",,"=""""","=""19516.98043""","=""35421.0046""","=""6d2.7s.7p""","=""5D*""","=""2""","=""""","=""""","=""1"""
"=""628.60453""","=""0.00006""","=""628.604509""","=""0.000004""","=""200""",,"=""""","=""13945.307389""","=""29849.16255""","=""6d.7s2.7p""","=""3F*""","=""3""","=""""","=""""","=""4"""
"=""628.6714""","=""0.0003""","=""628.671048""","=""0.000012""","=""15""",,"=""""","=""19503.143490""","=""35405.3154""","=""6d2.7s.7p""","=""5F*""","=""3""","=""""","=""""","=""3"""
"=""628.725515""","=""0.000024""","=""628.725526""","=""0.000004""","=""520""",,"=""""","=""8800.249723""","=""24701.04375""","=""6d3.(4F).7s""","=""5F""","=""4""","=""""","=""*""","=""5"""
"=""628.75704""","=""0.00008""","=""628.757056""","=""0.000012""","=""90""",,"=""""","=""15970.09583""","=""31870.0925""","=""6d3.(2D2).7s""","=""""","=""3""","=""""","=""*""","=""2"""
"=""628.8074""","=""0.0004""","=""628.807105""","=""0.000016""","=""21""",,"=""""","=""17398.39526""","=""33297.1264""","=""6d3.(4F).7s""","=""""","=""3""","=""""","=""*""","=""2"""
"=""628.9159""","=""0.0004""","=""628.915342""","=""0.000024""","=""21""",,"=""""","=""20922.12244""","=""36818.1174""","=""""","=""*""","=""2""","=""""","=""""","=""2"""
"=""628.92713""","=""0.00024""","=""628.92781""","=""0.00005""","=""50""",,"=""""","=""27591.80212""","=""43487.4820""","=""6d4""","=""3H""","=""5""","=""""","=""*""","=""4"""
"=""628.9585""","=""0.0003""","=""628.95998""","=""0.00005""","=""19""",,"=""""","=""28140.86799""","=""44035.7349""","=""""","=""*""","=""4""","=""""","=""""","=""4"""
"=""628.9692""","=""0.0003""","=""628.96809""","=""0.00003""","=""27""",,"=""""","=""24421.05861""","=""40315.7205""","=""""","=""*""","=""3""","=""""","=""""","=""4"""
"=""629.04035""","=""0.00020""","=""629.040136""","=""0.000012""","=""66""",,"=""""","=""19503.143490""","=""35395.9849""","=""6d2.7s.7p""","=""5F*""","=""3""","=""""","=""""","=""2"""
"=""629.119129""","=""0.000009""","=""629.119142""","=""0.000005""","=""1700""",,"=""""","=""14481.86965""","=""30372.71524""","=""5f.6d.7s2""","=""3H*""","=""6""","=""""","=""""","=""6"""
"=""629.16286""","=""0.00006""","=""629.162846""","=""0.000005""","=""170""",,"=""""","=""13945.307389""","=""29835.04913""","=""6d.7s2.7p""","=""3F*""","=""3""","=""""","=""""","=""3"""
"=""629.20601""","=""0.00005""","=""629.205979""","=""0.000006""","=""300""",,"=""""","=""14243.993748""","=""30132.64625""","=""5f.6d.7s2""","=""3P*""","=""1""","=""""","=""""","=""2"""
"=""629.2187""","=""0.0004""","=""629.218554""","=""0.000016""","=""43""",,"=""""","=""19516.98043""","=""35405.3154""","=""6d2.7s.7p""","=""5D*""","=""2""","=""""","=""""","=""3"""
"=""629.289121""","=""0.000020""","=""629.289111""","=""0.000004""","=""680""",,"=""""","=""6362.395980""","=""22248.94952""","=""6d3.(4F).7s""","=""5F""","=""2""","=""""","=""*""","=""2"""
"=""629.3036""","=""0.0004""","=""629.303553""","=""0.000020""","=""32""",,"=""""","=""20922.12244""","=""36808.3114""","=""""","=""*""","=""2""","=""""","=""""","=""3"""
"=""629.324233""","=""0.000010""","=""629.324234""","=""0.000004""","=""1400""",,"=""""","=""9804.806547""","=""25690.47345""","=""6d3.(4F).7s""","=""5F""","=""5""","=""""","=""*""","=""5"""
"=""629.41556""","=""0.00024""","=""629.414859""","=""0.000016""","=""36""",,"=""""","=""18699.62342""","=""34583.0031""","=""5f.7s2.7p""","=""3F""","=""2""","=""""","=""*""","=""3"""
"=""629.4283""","=""0.0004""","=""629.427948""","=""0.000024""","=""21""",,"=""""","=""22877.58322""","=""38760.6326""","=""""","=""*""","=""5""","=""""","=""""","=""4"""
"=""629.4340""","=""0.0004""","=""629.434112""","=""0.000020""","=""21""",,"=""""","=""19948.395175""","=""35831.2890""","=""6d2.7s.7p""","=""5F*""","=""4""","=""""","=""""","=""3"""
"=""629.5166""","=""0.0003""","=""629.516348""","=""0.000016""","=""28""",,"=""""","=""18549.40528""","=""34430.2243""","=""6d3.(4P).7s""","=""""","=""2""","=""""","=""*""","=""3"""
"=""629.61045""","=""0.00007""","=""629.610455""","=""0.000024""","=""110""",,"=""""","=""21252.60286""","=""37131.0482""","=""""","=""*""","=""2""","=""""","=""""","=""3"""
"=""629.6426""","=""0.0004""","=""629.64131""","=""0.00003""","=""10""",,"=""""","=""22401.20793""","=""38278.8753""","=""6d3.(2P).7s""","=""""","=""1""","=""""","=""*""","=""1"""
"=""629.7426""","=""0.0004""","=""629.742699""","=""0.000007""","=""32""",,"=""""","=""17224.302340""","=""33099.41329""","=""6d2.7s.7p""","=""5F*""","=""2""","=""""","=""""","=""3"""
"=""629.7581""","=""0.0004""","=""629.758161""","=""0.000024""","=""10""",,"=""""","=""24032.22651""","=""39906.9477""","=""5f.6d.7s.7p""","=""5G""","=""4""","=""""","=""*""","=""4"""
"=""629.7777""","=""0.0004""","=""629.776794""","=""0.000007""","=""110""",,"=""""","=""17847.07751""","=""33721.32901""","=""5f.6d.7s2""","=""3P*""","=""2""","=""""","=""""","=""2"""
"=""629.89027""","=""0.00005""","=""629.890227""","=""0.000007""","=""250""",,"=""""","=""11802.93238""","=""27674.32522""","=""6d3.(4P).7s""","=""5P""","=""2""","=""""","=""*""","=""2"""
"=""629.94464""","=""0.00024""","=""629.944065""","=""0.000012""","=""37""",,"=""""","=""23655.13881""","=""39525.1752""","=""""","=""*""","=""4""","=""""","=""""","=""5"""
"=""629.9527""","=""0.0003""","=""629.95171""","=""0.00004""","=""21""",,"=""""","=""21738.05013""","=""37607.8939""","=""5f.6d2.7s""","=""5G*""","=""2""","=""""","=""""","=""1"""
"=""630.091639""","=""0.000012""","=""630.091632""","=""0.000004""","=""1100""",,"=""""","=""12114.36618""","=""27980.68586""","=""5f.6d.7s2""","=""1D*""","=""2""","=""""","=""""","=""3"""
"=""630.14128""","=""0.00004""","=""630.141303""","=""0.000016""","=""490""",,"=""""","=""21539.59257""","=""37404.6616""","=""""","=""*""","=""4""","=""""","=""""","=""3"""
"=""630.24707""","=""0.00008""","=""630.246953""","=""0.000012""","=""100""",,"=""""","=""22399.39666""","=""38261.8062""","=""5f.6d2.7s""","=""3I*""","=""5""","=""""","=""""","=""5"""
"=""630.3077""","=""0.0004""","=""630.30784""","=""0.00004""","=""12""",,"=""""","=""26790.42715""","=""42651.3045""","=""""","=""*""","=""4""","=""""","=""""","=""3"""
"=""630.325070""","=""0.000012""","=""630.325068""","=""0.000007""","=""1000""",,"=""""","=""13297.43316""","=""29157.87692""","=""6d3.(2G).7s""","=""3G""","=""4""","=""""","=""*""","=""3"""
"=""630.52767""","=""0.00005""","=""630.527661""","=""0.000005""","=""230""",,"=""""","=""16346.64962""","=""32201.99736""","=""5f.6d2.7s""","=""5H*""","=""4""","=""""","=""""","=""5"""
"=""630.53570""","=""0.00007""","=""630.535630""","=""0.000008""","=""140""",,"=""""","=""19227.33665""","=""35082.48400""","=""5f.6d2.7s""","=""5I*""","=""6""","=""""","=""""","=""6"""
"=""630.74327""","=""0.00024""","=""630.744233""","=""0.000020""","=""46""",,"=""""","=""24202.56462""","=""40052.4683""","=""""","=""*""","=""4""","=""""","=""""","=""4"""
"=""630.78641""","=""0.00020""","=""630.786605""","=""0.000020""","=""77""",,"=""""","=""15863.88829""","=""31712.7273""","=""6d3.(2D2).7s""","=""""","=""2""","=""""","=""*""","=""1"""
"=""630.9756""","=""0.0004""","=""630.975657""","=""0.000005""","=""43""",,"=""""","=""13088.56115""","=""28932.65158""","=""6d3.(2G).7s""","=""3G""","=""3""","=""""","=""*""","=""4"""
"=""631.081047""","=""0.000012""","=""631.081024""","=""0.000004""","=""1200""",,"=""""","=""10414.13700""","=""26255.58209""","=""5f.6d.7s2""","=""1G*""","=""4""","=""""","=""""","=""4"""
"=""631.1097""","=""0.0004""","=""631.109675""","=""0.000016""","=""54""",,"=""""","=""17959.89498""","=""33800.6209""","=""6d3.(4F).7s""","=""3F""","=""4""","=""""","=""*""","=""3"""
"=""631.1453""","=""0.0004""","=""631.145188""","=""0.000016""","=""110""",,"=""""","=""17959.89498""","=""33799.7296""","=""6d3.(4F).7s""","=""3F""","=""4""","=""""","=""*""","=""4"""
"=""631.19451""","=""0.00020""","=""631.194482""","=""0.000008""","=""85""",,"=""""","=""13847.77037""","=""29686.36795""","=""6d3.(4F).7s""","=""3F""","=""2""","=""""","=""*""","=""3"""
"=""631.26222""","=""0.00004""","=""631.262263""","=""0.000005""","=""340""",,"=""""","=""15490.077832""","=""31326.97478""","=""5f.6d.7s2""","=""3G*""","=""5""","=""""","=""""","=""4"""
"=""631.42693""","=""0.00008""","=""631.426922""","=""0.000004""","=""110""",,"=""""","=""12847.96912""","=""28680.73627""","=""6d3.(4P).7s""","=""5P""","=""3""","=""""","=""*""","=""4"""
"=""631.4440""","=""0.0004""","=""631.442625""","=""0.000020""","=""21""",,"=""""","=""20214.92997""","=""36047.3034""","=""6d2.7s.7p""","=""5D*""","=""3""","=""""","=""""","=""2"""
"=""631.577496""","=""0.000016""","=""631.577467""","=""0.000004""","=""890""",,"=""""","=""3687.987189""","=""19516.98043""","=""6d2.7s2""","=""""","=""2""","=""6d2.7s.7p""","=""5D*""","=""2"""
"=""631.6061""","=""0.0004""","=""631.606209""","=""0.000008""","=""53""",,"=""""","=""12847.96912""","=""28676.24203""","=""6d3.(4P).7s""","=""5P""","=""3""","=""""","=""*""","=""3"""
"=""631.71830""","=""0.00003""","=""631.718265""","=""0.000008""","=""460""",,"=""""","=""12847.96912""","=""28673.43441""","=""6d3.(4P).7s""","=""5P""","=""3""","=""""","=""*""","=""2"""
"=""631.7611""","=""0.0003""","=""631.76057""","=""0.00004""","=""29""",,"=""""","=""27266.02670""","=""43090.4322""","=""""","=""*""","=""4""","=""""","=""""","=""4"""
"=""631.83019""","=""0.00024""","=""631.829968""","=""0.000024""","=""42""",,"=""""","=""22877.58322""","=""38700.2507""","=""""","=""*""","=""5""","=""""","=""""","=""4"""
"=""631.8399""","=""0.0004""","=""631.839877""","=""0.000016""","=""10""",,"=""""","=""18549.40528""","=""34371.8246""","=""6d3.(4P).7s""","=""""","=""2""","=""""","=""*""","=""2"""
"=""631.86936""","=""0.00020""","=""631.869471""","=""0.000007""","=""92""",,"=""""","=""14465.221873""","=""30286.90016""","=""6d2.7s.7p""","=""5G*""","=""2""","=""""","=""""","=""1"""
"=""631.91635""","=""0.00005""","=""631.916329""","=""0.000007""","=""240""",,"=""""","=""18011.38030""","=""33831.88538""","=""5f.6d2.7s""","=""5H*""","=""5""","=""""","=""""","=""4"""
"=""631.92640""","=""0.00016""","=""631.926226""","=""0.000020""","=""110""",,"=""""","=""19713.03109""","=""35533.2884""","=""6d3.(2F).7s""","=""3F""","=""3""","=""""","=""*""","=""2"""
"=""631.9753""","=""0.0004""","=""631.975588""","=""0.000016""","=""21""",,"=""""","=""19532.41646""","=""35351.4381""","=""6d3.(2F).7s""","=""3F""","=""4""","=""""","=""*""","=""4"""
"=""632.13004""","=""0.00006""","=""632.130049""","=""0.000003""","=""190""",,"=""""","=""3687.987189""","=""19503.143490""","=""6d2.7s2""","=""""","=""2""","=""6d2.7s.7p""","=""5F*""","=""3"""
"=""632.17075""","=""0.00024""","=""632.171570""","=""0.000016""","=""32""",,"=""""","=""24259.77463""","=""40073.8922""","=""""","=""*""","=""4""","=""""","=""""","=""5"""
"=""632.18187""","=""0.00004""","=""632.181936""","=""0.000004""","=""270""",,"=""""","=""7280.123222""","=""23093.98148""","=""6d2.7s2""","=""""","=""2""","=""""","=""*""","=""2"""
"=""632.1965""","=""0.0004""","=""632.196730""","=""0.000016""","=""21""",,"=""""","=""20522.71449""","=""36336.2027""","=""6d2.7s.7p""","=""3F*""","=""2""","=""""","=""""","=""3"""
"=""632.28662""","=""0.00020""","=""632.286775""","=""0.000012""","=""59""",,"=""""","=""20322.26571""","=""36133.5019""","=""5f.6d.7s2""","=""1H*""","=""5""","=""""","=""""","=""5"""
"=""632.3055""","=""0.0004""","=""632.305649""","=""0.000010""","=""21""",,"=""""","=""15970.09583""","=""31780.86008""","=""6d3.(2D2).7s""","=""""","=""3""","=""""","=""*""","=""3"""
"=""632.4104""","=""0.0004""","=""632.410572""","=""0.000020""","=""31""",,"=""""","=""21077.152101""","=""36885.2932""","=""6d2.7s.7p""","=""5F*""","=""5""","=""""","=""""","=""4"""
"=""632.43978""","=""0.00005""","=""632.439736""","=""0.000007""","=""240""",,"=""""","=""14206.91694""","=""30014.32907""","=""5f.6d.7s2""","=""3F*""","=""4""","=""6d4""","=""""","=""4"""
"=""632.4662""","=""0.0004""","=""632.466202""","=""0.000020""","=""21""",,"=""""","=""28346.81854""","=""44153.5692""","=""""","=""""","=""1""","=""""","=""*""","=""2"""
"=""632.50048""","=""0.00016""","=""632.500525""","=""0.000004""","=""120""",,"=""""","=""8111.004545""","=""23916.89747""","=""6d2.7s2""","=""1G""","=""4""","=""""","=""*""","=""4"""
"=""632.5590""","=""0.0004""","=""632.559019""","=""0.000005""","=""860""",,"=""""","=""14206.91694""","=""30011.34827""","=""5f.6d.7s2""","=""3F*""","=""4""","=""""","=""""","=""3"""
"=""632.6178""","=""0.0004""","=""632.617762""","=""0.000005""","=""84""",,"=""""","=""14032.085336""","=""29835.04913""","=""6d.7s2.7p""","=""3D*""","=""2""","=""""","=""""","=""3"""
"=""632.636681""","=""0.000006""","=""632.636681""","=""0.000004""","=""2400""",,"=""""","=""11241.73043""","=""27044.22163""","=""5f.6d.7s2""","=""3F*""","=""3""","=""""","=""""","=""3"""
"=""632.727763""","=""0.000004""","=""632.727764""","=""0.000004""","=""6900""",,"=""""","=""11197.031257""","=""26997.24767""","=""5f.6d.7s2""","=""3H*""","=""5""","=""5f.6d.7s.7p""","=""5I""","=""6"""
"=""632.8263""","=""0.0004""","=""632.826414""","=""0.000006""","=""21""",,"=""""","=""15166.900593""","=""30964.65395""","=""6d2.7s.7p""","=""5G*""","=""3""","=""""","=""""","=""3"""
"=""632.88079""","=""0.00007""","=""632.880806""","=""0.000005""","=""130""",,"=""""","=""13088.56115""","=""28884.95681""","=""6d3.(2G).7s""","=""3G""","=""3""","=""""","=""*""","=""3"""
"=""632.92989""","=""0.00006""","=""632.929770""","=""0.000020""","=""150""",,"=""""","=""28358.39555""","=""44153.5692""","=""""","=""""","=""3""","=""""","=""*""","=""2"""
"=""633.0287""","=""0.0004""","=""633.029162""","=""0.000020""","=""7""",,"=""""","=""24259.77463""","=""40052.4683""","=""""","=""*""","=""4""","=""""","=""""","=""4"""
"=""633.03757""","=""0.00020""","=""633.037477""","=""0.000012""","=""65""",,"=""""","=""13847.77037""","=""29640.2566""","=""6d3.(4F).7s""","=""3F""","=""2""","=""""","=""*""","=""1"""
"=""633.14137""","=""0.00003""","=""633.141378""","=""0.000009""","=""990""",,"=""""","=""15493.21943""","=""31283.11407""","=""6d3.(2H).7s""","=""3H""","=""4""","=""""","=""*""","=""3"""
"=""633.2684""","=""0.0004""","=""633.268455""","=""0.000020""","=""84""",,"=""""","=""22399.39666""","=""38186.1228""","=""5f.6d2.7s""","=""3I*""","=""5""","=""""","=""""","=""4"""
"=""633.3017""","=""0.0004""","=""633.30020""","=""0.00003""","=""10""",,"=""""","=""21902.26981""","=""37688.2046""","=""5f.6d2.7s""","=""3H*""","=""4""","=""""","=""""","=""3"""
"=""633.4923""","=""0.0003""","=""633.493214""","=""0.000024""","=""13""",,"=""""","=""25575.04516""","=""41356.1703""","=""""","=""*""","=""4""","=""""","=""""","=""5"""
"=""633.50117""","=""0.00016""","=""633.501293""","=""0.000006""","=""100""",,"=""""","=""15490.077832""","=""31271.00174""","=""5f.6d.7s2""","=""3G*""","=""5""","=""""","=""""","=""5"""
"=""633.57015""","=""0.00007""","=""633.570161""","=""0.000004""","=""140""",,"=""""","=""6362.395980""","=""22141.60454""","=""6d3.(4F).7s""","=""5F""","=""2""","=""""","=""*""","=""3"""
"=""633.60801""","=""0.00016""","=""633.607947""","=""0.000007""","=""110""",,"=""""","=""18053.617845""","=""33831.88538""","=""6d.7s2.7p""","=""3F*""","=""4""","=""""","=""""","=""4"""
"=""633.64159""","=""0.00006""","=""633.641592""","=""0.000012""","=""210""",,"=""""","=""18930.29333""","=""34707.7231""","=""6d2.7s.7p""","=""3G*""","=""3""","=""""","=""""","=""3"""
"=""633.7528""","=""0.0004""","=""633.752114""","=""0.000016""","=""21""",,"=""""","=""18549.40528""","=""34324.0836""","=""6d3.(4P).7s""","=""""","=""2""","=""""","=""*""","=""2"""
"=""633.762020""","=""0.000009""","=""633.762015""","=""0.000004""","=""1600""",,"=""""","=""11197.031257""","=""26971.46312""","=""5f.6d.7s2""","=""3H*""","=""5""","=""""","=""""","=""4"""
"=""633.93061""","=""0.00005""","=""633.930532""","=""0.000005""","=""250""",,"=""""","=""9804.806547""","=""25575.04516""","=""6d3.(4F).7s""","=""5F""","=""5""","=""""","=""*""","=""4"""
"=""633.95693""","=""0.00020""","=""633.957052""","=""0.000016""","=""64""",,"=""""","=""20566.62381""","=""36336.2027""","=""6d2.7s.7p""","=""5D*""","=""4""","=""""","=""""","=""3"""
"=""633.966801""","=""0.000012""","=""633.966838""","=""0.000004""","=""940""",,"=""""","=""7280.123222""","=""23049.45870""","=""6d2.7s2""","=""""","=""2""","=""""","=""*""","=""1"""
"=""634.0299""","=""0.0003""","=""634.029902""","=""0.000007""","=""14""",,"=""""","=""16783.84708""","=""32551.61408""","=""5f.6d2.7s""","=""5I*""","=""4""","=""""","=""""","=""3"""
"=""634.03887""","=""0.00024""","=""634.03866""","=""0.00003""","=""44""",,"=""""","=""21539.59257""","=""37307.1417""","=""""","=""*""","=""4""","=""6d4""","=""""","=""3"""
"=""634.1793""","=""0.0004""","=""634.17825""","=""0.00004""","=""6""",,"=""""","=""24421.05861""","=""40185.1371""","=""""","=""*""","=""3""","=""""","=""""","=""2"""
"=""634.1872""","=""0.0003""","=""634.187683""","=""0.000020""","=""21""",,"=""""","=""21539.59257""","=""37303.4367""","=""""","=""*""","=""4""","=""""","=""""","=""4"""
"=""634.285945""","=""0.000003""","=""634.285945""","=""0.000003""","=""15000""",,"=""""","=""8800.249723""","=""24561.65178""","=""6d3.(4F).7s""","=""5F""","=""4""","=""""","=""*""","=""3"""
"=""634.3728""","=""0.0004""","=""634.373665""","=""0.000008""","=""10""",,"=""""","=""17847.07751""","=""33606.30012""","=""5f.6d.7s2""","=""3P*""","=""2""","=""""","=""""","=""2"""
"=""634.4331""","=""0.0004""","=""634.433018""","=""0.000016""","=""40""",,"=""""","=""20054.77119""","=""35812.5195""","=""6d3.(2F).7s""","=""3F""","=""2""","=""""","=""*""","=""3"""
"=""634.5250""","=""0.0004""","=""634.52388""","=""0.00003""","=""8""",,"=""""","=""29397.1521""","=""45152.6440""","=""""","=""*""","=""5 or 6 or 7""","=""""","=""""","=""6 or 7"""
"=""634.5807""","=""0.0004""","=""634.58120""","=""0.00003""","=""12""",,"=""""","=""24561.65178""","=""40315.7205""","=""""","=""*""","=""3""","=""""","=""""","=""4"""
"=""634.612081""","=""0.000020""","=""634.612083""","=""0.000006""","=""710""",,"=""""","=""13297.43316""","=""29050.73523""","=""6d3.(2G).7s""","=""3G""","=""4""","=""""","=""*""","=""5"""
"=""634.81252""","=""0.00012""","=""634.812650""","=""0.000016""","=""100""",,"=""""","=""23015.15141""","=""38763.4763""","=""""","=""*""","=""5""","=""""","=""""","=""5"""
"=""634.8213""","=""0.0004""","=""634.821343""","=""0.000016""","=""20""",,"=""""","=""20737.28686""","=""36485.3961""","=""""","=""*""","=""1""","=""""","=""""","=""2"""
"=""634.873742""","=""0.000006""","=""634.873740""","=""0.000004""","=""2600""",,"=""""","=""8243.602091""","=""23990.41162""","=""5f.6d.7s2""","=""3F*""","=""2""","=""5f.6d.7s.7p""","=""5F""","=""2"""
"=""635.08958""","=""0.00024""","=""635.089337""","=""0.000016""","=""32""",,"=""""","=""19532.41646""","=""35273.8804""","=""6d3.(2F).7s""","=""3F""","=""4""","=""6d3.7p""","=""5G*""","=""5"""
"=""635.27066""","=""0.00020""","=""635.270777""","=""0.000003""","=""73""",,"=""""","=""0.000000""","=""15736.968041""","=""6d2.7s2""","=""3F""","=""2""","=""6d2.7s.7p""","=""5F*""","=""1"""
"=""635.5283""","=""0.0004""","=""635.527913""","=""0.000016""","=""100""",,"=""""","=""18699.62342""","=""34430.2243""","=""5f.7s2.7p""","=""3F""","=""2""","=""""","=""*""","=""3"""
"=""635.562986""","=""0.000012""","=""635.562991""","=""0.000004""","=""930""",,"=""""","=""11241.73043""","=""26971.46312""","=""5f.6d.7s2""","=""3F*""","=""3""","=""""","=""""","=""4"""
"=""635.591070""","=""0.000007""","=""635.591074""","=""0.000004""","=""2200""",,"=""""","=""10526.544406""","=""26255.58209""","=""5f.6d.7s2""","=""3G*""","=""3""","=""""","=""""","=""4"""
"=""635.6139""","=""0.0004""","=""635.613801""","=""0.000020""","=""20""",,"=""""","=""16351.93901""","=""32080.4143""","=""6d2.7s2""","=""""","=""0""","=""""","=""*""","=""1"""
"=""635.6603""","=""0.0004""","=""635.660322""","=""0.000016""","=""20""",,"=""""","=""22163.13360""","=""37890.4578""","=""""","=""*""","=""4""","=""""","=""""","=""5"""
"=""635.7363""","=""0.0004""","=""635.735208""","=""0.000020""","=""20""",,"=""""","=""22877.51748""","=""38602.9891""","=""""","=""*""","=""1""","=""""","=""""","=""2"""
"=""635.96743""","=""0.00003""","=""635.967422""","=""0.000008""","=""490""",,"=""""","=""17166.10472""","=""32885.83448""","=""6d3.(2H).7s""","=""3H""","=""5""","=""""","=""*""","=""6"""
"=""636.0466""","=""0.0004""","=""636.046474""","=""0.000008""","=""51""",,"=""""","=""17847.07751""","=""33564.85352""","=""5f.6d.7s2""","=""3P*""","=""2""","=""""","=""""","=""3"""
"=""636.1796""","=""0.0004""","=""636.179485""","=""0.000009""","=""30""",,"=""""","=""14247.30742""","=""29961.79723""","=""5f.6d.7s2""","=""3P*""","=""0""","=""""","=""""","=""1"""
"=""636.22519""","=""0.00004""","=""636.225164""","=""0.000007""","=""440*""",,"=""""","=""17501.17592""","=""33214.53748""","=""5f.6d2.7s""","=""5I*""","=""5""","=""5f.6d.7s.7p""","=""3I""","=""5"""
"=""636.2583""","=""0.0004""","=""636.257930""","=""0.000013""","=""20""",,"=""""","=""19588.36224""","=""35300.9146""","=""6d2.7s.7p""","=""5G*""","=""5""","=""5f.6d2.7p""","=""5K""","=""5"""
"=""636.2797""","=""0.0004""","=""636.279512""","=""0.000007""","=""20""",,"=""""","=""16217.482038""","=""31929.50145""","=""6d.7s2.7p""","=""1D*""","=""2""","=""""","=""""","=""3"""
"=""636.4254""","=""0.0003""","=""636.426029""","=""0.000017""","=""21""",,"=""""","=""19532.41646""","=""35240.8187""","=""6d3.(2F).7s""","=""3F""","=""4""","=""""","=""*""","=""3"""
"=""636.44280""","=""0.00008""","=""636.442725""","=""0.000006""","=""94""",,"=""""","=""15618.98461""","=""31326.97478""","=""5f.6d2.7s""","=""5H*""","=""3""","=""""","=""""","=""4"""
"=""636.46470""","=""0.00007""","=""636.464683""","=""0.000017""","=""120""",,"=""""","=""22399.39666""","=""38106.8449""","=""5f.6d2.7s""","=""3I*""","=""5""","=""""","=""""","=""5"""
"=""636.48021""","=""0.00020""","=""636.480862""","=""0.000021""","=""54""",,"=""""","=""26232.29174""","=""41939.3407""","=""5f.6d2.7s""","=""3H*""","=""6""","=""""","=""""","=""5"""
"=""636.5984""","=""0.0004""","=""636.597899""","=""0.000013""","=""20""",,"=""""","=""21077.152101""","=""36781.3134""","=""6d2.7s.7p""","=""5F*""","=""5""","=""""","=""""","=""5"""
"=""636.6406""","=""0.0005""","=""636.642835""","=""0.000021""","=""3""",,"=""""","=""28450.51635""","=""44153.5692""","=""""","=""""","=""1""","=""""","=""*""","=""2"""
"=""636.7066""","=""0.0004""","=""636.706479""","=""0.000008""","=""30""",,"=""""","=""15493.21943""","=""31194.70265""","=""6d3.(2H).7s""","=""3H""","=""4""","=""5f.6d3""","=""5I*""","=""4"""
"=""636.7663""","=""0.0004""","=""636.76646""","=""0.00004""","=""10""",,"=""""","=""29123.8479""","=""44823.8521""","=""""","=""*""","=""6 or 5""","=""""","=""""","=""5 or 6"""
"=""636.90661""","=""0.00007""","=""636.906644""","=""0.000013""","=""140""",,"=""""","=""11601.03035""","=""27297.5790""","=""6d3.(4P).7s""","=""5P""","=""1""","=""""","=""*""","=""1"""
"=""636.913901""","=""0.000016""","=""636.913921""","=""0.000010""","=""800""",,"=""""","=""17166.10472""","=""32862.47402""","=""6d3.(2H).7s""","=""3H""","=""5""","=""""","=""*""","=""4"""
"=""636.9876""","=""0.0004""","=""636.987350""","=""0.000021""","=""20""",,"=""""","=""21143.42198""","=""36837.9819""","=""6d3.(2H).7s""","=""1H""","=""5""","=""""","=""*""","=""5"""
"=""637.07959""","=""0.00007""","=""637.079673""","=""0.000010""","=""120""",,"=""""","=""15736.968041""","=""31429.25358""","=""6d2.7s.7p""","=""5F*""","=""1""","=""""","=""""","=""1"""
"=""637.194351""","=""0.000005""","=""637.194352""","=""0.000004""","=""3000""",,"=""""","=""5563.141519""","=""21252.60286""","=""6d3.(4F).7s""","=""5F""","=""1""","=""""","=""*""","=""2"""
"=""637.21247""","=""0.00004""","=""637.212500""","=""0.000005""","=""330""",,"=""""","=""11877.839132""","=""27566.85363""","=""6d.7s2.7p""","=""3D*""","=""1""","=""""","=""""","=""2"""
"=""637.24602""","=""0.00006""","=""637.246035""","=""0.000007""","=""170""",,"=""""","=""17411.224415""","=""33099.41329""","=""6d.7s2.7p""","=""3D*""","=""3""","=""""","=""""","=""3"""
"=""637.4270""","=""0.0003""","=""637.426840""","=""0.000021""","=""21""",,"=""""","=""18614.33811""","=""34298.0771""","=""6d2.7s.7p""","=""5D*""","=""1""","=""""","=""""","=""1"""
"=""637.6022""","=""0.0004""","=""637.602861""","=""0.000021""","=""8""",,"=""""","=""21890.13254""","=""37569.5418""","=""""","=""*""","=""3""","=""""","=""""","=""2"""
"=""637.67075""","=""0.00006""","=""637.670883""","=""0.000013""","=""200""",,"=""""","=""13962.51989""","=""29640.2566""","=""6d3.(2D2).7s""","=""""","=""1""","=""""","=""*""","=""1"""
"=""637.693047""","=""0.000004""","=""637.693048""","=""0.000004""","=""6700""",,"=""""","=""14204.26476""","=""29881.45655""","=""6d3.(2G).7s""","=""""","=""5""","=""""","=""*""","=""4"""
"=""637.8092""","=""0.0004""","=""637.809376""","=""0.000006""","=""10""",,"=""""","=""16783.84708""","=""32458.17957""","=""5f.6d2.7s""","=""5I*""","=""4""","=""""","=""""","=""4"""
"=""637.8958""","=""0.0004""","=""637.896115""","=""0.000017""","=""10""",,"=""""","=""18699.62342""","=""34371.8246""","=""5f.7s2.7p""","=""3F""","=""2""","=""""","=""*""","=""2"""
"=""637.9003""","=""0.0003""","=""637.900346""","=""0.000013""","=""20""",,"=""""","=""21539.59257""","=""37211.6898""","=""""","=""*""","=""4""","=""""","=""""","=""5"""
"=""637.9105""","=""0.0004""","=""637.910443""","=""0.000008""","=""30""",,"=""""","=""21077.152101""","=""36749.00126""","=""6d2.7s.7p""","=""5F*""","=""5""","=""""","=""""","=""6"""
"=""637.96731""","=""0.00003""","=""637.967328""","=""0.000004""","=""440""",,"=""""","=""13175.113345""","=""28845.56513""","=""5f.6d.7s2""","=""3G*""","=""4""","=""5f.6d.7s.7p""","=""5H""","=""4"""
"=""638.0445""","=""0.0004""","=""638.043959""","=""0.000013""","=""30""",,"=""""","=""19039.153374""","=""34707.7231""","=""6d.7s2.7p""","=""3P*""","=""2""","=""""","=""""","=""3"""
"=""638.13598""","=""0.00004""","=""638.136062""","=""0.000006""","=""330""",,"=""""","=""16346.64962""","=""32012.95790""","=""5f.6d2.7s""","=""5H*""","=""4""","=""""","=""""","=""4"""
"=""638.1620""","=""0.0004""","=""638.160969""","=""0.000021""","=""8""",,"=""""","=""25690.47345""","=""41356.1703""","=""""","=""*""","=""5""","=""""","=""""","=""5"""
"=""638.17588""","=""0.00007""","=""638.175964""","=""0.000008""","=""150""",,"=""""","=""12847.96912""","=""28513.29787""","=""6d3.(4P).7s""","=""5P""","=""3""","=""""","=""*""","=""2"""
"=""638.2798""","=""0.0003""","=""638.280330""","=""0.000025""","=""23""",,"=""""","=""24210.80979""","=""39873.5771""","=""6d4""","=""5D""","=""4""","=""""","=""*""","=""5"""
"=""638.3911""","=""0.0004""","=""638.391259""","=""0.000013""","=""20""",,"=""""","=""15863.88829""","=""31523.9340""","=""6d3.(2D2).7s""","=""""","=""2""","=""""","=""*""","=""3"""
"=""638.5059""","=""0.0004""","=""638.505950""","=""0.000017""","=""200""",,"=""""","=""21143.42198""","=""36800.6548""","=""6d3.(2H).7s""","=""1H""","=""5""","=""""","=""*""","=""4"""
"=""638.5462""","=""0.0003""","=""638.546261""","=""0.000013""","=""25""",,"=""""","=""21902.26981""","=""37558.5142""","=""5f.6d2.7s""","=""3H*""","=""4""","=""""","=""""","=""4"""
"=""638.5757""","=""0.0005""","=""638.57537""","=""0.00004""","=""4""",,"=""""","=""26995.77389""","=""42651.3045""","=""""","=""*""","=""3""","=""""","=""""","=""3"""
"=""638.6780""","=""0.0003""","=""638.677823""","=""0.000025""","=""14""",,"=""""","=""21165.098037""","=""36818.1174""","=""5f.6d.7s2""","=""3D*""","=""3""","=""""","=""""","=""2"""
"=""638.70860""","=""0.00020""","=""638.708668""","=""0.000007""","=""55""",,"=""""","=""18069.065569""","=""33721.32901""","=""6d.7s2.7p""","=""1F*""","=""3""","=""""","=""""","=""2"""
"=""638.739546""","=""0.000007""","=""638.739552""","=""0.000004""","=""2300""",,"=""""","=""3865.473772""","=""19516.98043""","=""6d2.7s2""","=""3P""","=""1""","=""6d2.7s.7p""","=""5D*""","=""2"""
"=""638.7595""","=""0.0004""","=""638.760606""","=""0.000008""","=""19""",,"=""""","=""18809.88631""","=""34460.87707""","=""6d2.7s.7p""","=""5G*""","=""4""","=""""","=""""","=""5"""
"=""638.84180""","=""0.00004""","=""638.841808""","=""0.000007""","=""360""",,"=""""","=""16346.64962""","=""31995.65103""","=""5f.6d2.7s""","=""5H*""","=""4""","=""""","=""""","=""4"""
"=""638.881345""","=""0.000016""","=""638.881354""","=""0.000008""","=""780""",,"=""""","=""15493.21943""","=""31141.25221""","=""6d3.(2H).7s""","=""3H""","=""4""","=""""","=""*""","=""5"""
"=""638.93753""","=""0.00010""","=""638.937757""","=""0.000013""","=""100bl""",,"=""""","=""15618.98461""","=""31265.63604""","=""5f.6d2.7s""","=""5H*""","=""3""","=""""","=""""","=""3"""
"=""638.93901""","=""0.00003""","=""638.939199""","=""0.000010""","=""590bl""",,"=""""","=""19503.143490""","=""35149.75961""","=""6d2.7s.7p""","=""5F*""","=""3""","=""""","=""""","=""2"""
"=""638.94839""","=""0.00025""","=""638.947952""","=""0.000017""","=""47""",,"=""""","=""23306.82782""","=""38953.2296""","=""5f.6d2.7s""","=""3I*""","=""6""","=""""","=""""","=""5"""
"=""639.01290""","=""0.00005""","=""639.012918""","=""0.000009""","=""240""",,"=""""","=""11802.93238""","=""27447.74347""","=""6d3.(4P).7s""","=""5P""","=""2""","=""""","=""*""","=""2"""
"=""639.0389""","=""0.0004""","=""639.039105""","=""0.000017""","=""10""",,"=""""","=""20566.62381""","=""36210.7938""","=""6d2.7s.7p""","=""5D*""","=""4""","=""""","=""""","=""5"""
"=""639.11775""","=""0.00007""","=""639.117723""","=""0.000005""","=""160""",,"=""""","=""14206.91694""","=""29849.16255""","=""5f.6d.7s2""","=""3F*""","=""4""","=""""","=""""","=""4"""
"=""639.23685""","=""0.00007""","=""639.236864""","=""0.000025""","=""140""",,"=""""","=""21594.67329""","=""37234.0035""","=""6d3.(2F).7s""","=""1F""","=""3""","=""""","=""*""","=""2"""
"=""639.3199""","=""0.0003""","=""639.320352""","=""0.000010""","=""16""",,"=""""","=""18809.88631""","=""34447.17423""","=""6d2.7s.7p""","=""5G*""","=""4""","=""""","=""""","=""4"""
"=""639.404950""","=""0.000025""","=""639.404974""","=""0.000006""","=""510""",,"=""""","=""13297.43316""","=""28932.65158""","=""6d3.(2G).7s""","=""3G""","=""4""","=""""","=""*""","=""4"""
"=""639.4589""","=""0.0004""","=""639.459157""","=""0.000013""","=""29""",,"=""""","=""19948.395175""","=""35582.2888""","=""6d2.7s.7p""","=""5F*""","=""4""","=""""","=""""","=""5"""
"=""639.50479""","=""0.00016""","=""639.504743""","=""0.000010""","=""120""",,"=""""","=""19516.98043""","=""35149.75961""","=""6d2.7s.7p""","=""5D*""","=""2""","=""""","=""""","=""2"""
"=""639.5279""","=""0.0004""","=""639.528764""","=""0.000008""","=""29""",,"=""""","=""12847.96912""","=""28480.16113""","=""6d3.(4P).7s""","=""5P""","=""3""","=""""","=""*""","=""4"""
"=""639.6518""","=""0.0004""","=""639.652146""","=""0.000017""","=""29""",,"=""""","=""15970.09583""","=""31599.2726""","=""6d3.(2D2).7s""","=""""","=""3""","=""""","=""*""","=""2"""
"=""639.67158""","=""0.00020""","=""639.672196""","=""0.000021""","=""76""",,"=""""","=""23655.13881""","=""39283.8257""","=""""","=""*""","=""4""","=""""","=""""","=""4"""
"=""639.69500""","=""0.00004""","=""639.694900""","=""0.000006""","=""590""",,"=""""","=""14206.91694""","=""29835.04913""","=""5f.6d.7s2""","=""3F*""","=""4""","=""""","=""""","=""3"""
"=""639.74537""","=""0.00007""","=""639.745211""","=""0.000008""","=""140""",,"=""""","=""15618.98461""","=""31245.88778""","=""5f.6d2.7s""","=""5H*""","=""3""","=""""","=""""","=""2"""
"=""639.7610""","=""0.0003""","=""639.76256""","=""0.00003""","=""15i""",,"=""""","=""27260.16801""","=""42886.6475""","=""""","=""*""","=""3""","=""""","=""""","=""4 or 5"""
"=""639.8451""","=""0.0004""","=""639.845240""","=""0.000017""","=""150""",,"=""""","=""18699.62342""","=""34324.0836""","=""5f.7s2.7p""","=""3F""","=""2""","=""""","=""*""","=""2"""
"=""639.8602""","=""0.0004""","=""639.860924""","=""0.000025""","=""9""",,"=""""","=""20054.77119""","=""35678.8484""","=""6d3.(2F).7s""","=""3F""","=""2""","=""""","=""*""","=""1"""
"=""639.99498""","=""0.00007""","=""639.994803""","=""0.000005""","=""160""",,"=""""","=""8800.249723""","=""24421.05861""","=""6d3.(4F).7s""","=""5F""","=""4""","=""""","=""*""","=""3"""
