obs_wl_air(nm)	ritz_wl_air(nm)	intens	Aki(s^-1)	Acc	Type	
"380.01130"	"380.010890"	"320"	""			
"380.03721"	"380.037193"	"290"	""			
"380.05895"	"380.058939"	"250"	""			
"380.13211"	"380.132151"	"78"	""			
"380.19175"	"380.191714"	"100"	""			
"380.21481"	"380.214817"	"110"	""			
"380.23201"	"380.232291"	"15"	""			
"380.33690"	"380.337084"	"31"	""			
"380.43350"	"380.433110"	"130"	""			
"380.49944"	"380.499408"	"110"	""			
"380.53141"	"380.531762"	"7900"	""			
"380.53461"	"380.534605"	"270"	""			
"380.581969"	"380.581983"	"760"	""			
"380.59689"	"380.596847"	"400"	""			
"380.62300"	"380.623035"	"31"	""			
"380.62661"	"380.626529"	"78"	""			
"380.76694"	"380.767029"	"120"	""			
"380.787431"	"380.787428"	"2000"	""			
"380.81294"	"380.812944"	"270"	""			
"380.85128"	"380.851322"	"65"	""			
"380.86878"	"380.868915"	"56"	""			
"380.90868"	"380.908679"	"150"	""			
"380.91320"	"380.913340"	"50"	""			
"380.94538"	"380.945432"	"200"	""			
"380.96291"	"380.963057"	"16"	""			
"380.98349"	"380.983486"	"420"	""			
"381.02951"	"381.029500"	"250"	""			
"381.04995"	"381.049961"	"86"	""			
"381.05580"	"381.056217"	"33"	""			
"381.13580"	"381.135856"	"100"	""			
"381.19750"	"381.197287"	"50"	""			
"381.23000"	"381.230579"	"16"	""			
"381.306742"	"381.306743"	"2400"	""			
"381.33252"	"381.332540"	"92"	""			
"381.34000"	"381.340135"	"17"	""			
"381.36658"	"381.366636"	"260"	""			
"381.37513"	"381.375094"	"140"	""			
"381.50267"	"381.502700"	"230"	""			
"381.65612"	"381.656189"	"63"	""			
"381.66070"	"381.660944"	"84"	""			
"381.67945"	"381.679391"	"60"	""			
"381.72905"	"381.729131"	"56"	""			
"381.73661"	"381.736621"	"370"	""			
"381.80991"	"381.809920"	"84"	""			
"381.91611"	"381.916170"	"33"	""			
"381.92861"	"381.928615"	"89"	""			
"381.93426"	"381.934157"	"54"	""			
"381.99417"	"381.994219"	"130"	""			
"382.10321"	"382.102727"	"33"	""			
"382.143061"	"382.143060"	"1000"	""			
"382.17559"	"382.175541"	"56"	""			
"382.214561"	"382.214547"	"690"	""			
"382.33216"	"382.332188"	"180"	""			
"382.358502"	"382.358507"	"560"	""			
"382.38731"	"382.387168"	"16"	""			
"382.46451"	"382.464271"	"82"	""			
"382.47563"	"382.475538"	"99"	""			
"382.503399"	"382.503392"	"690"	""			
"382.55460"	"382.554815"	"33"	""			
"382.60214"	"382.602189"	"110"	""			
"382.69492"	"382.694927"	"290"	""			
"382.93044"	"382.930317"	"100"	""			
"382.94149"	"382.941508"	"87"	""			
"382.98337"	"382.98330"	"87*"	""			
"382.98337"	"382.98334"	"87*"	""			
"383.05098"	"383.051017"	"120"	""			
"383.08361"	"383.083960"	"400"	""			
"383.09460"	"383.094602"	"140"	""			
"383.15250"	"383.152464"	"130"	""			
"383.173639"	"383.173635"	"640"	""			
"383.18233"	"383.182268"	"84"	""			
"383.23469"	"383.234636"	"31"	""			
"383.27889"	"383.278874"	"190"	""			
"383.29717"	"383.297114"	"160"	""			
"383.32310"	"383.323066"	"160"	""			
"383.36955"	"383.369663"	"66"	""			
"383.40800"	"383.408113"	"31"	""			
"383.77940"	"383.779399"	"32"	""			
"383.88501"	"383.885145"	"32"	""			
"383.89640"	"383.896747"	"16"	""			
"383.94226"	"383.942292"	"130"	""			
"383.974735"	"383.974614"	"2800bl"	""			
"384.13580"	"384.135867"	"66"	""			
"384.195998"	"384.196002"	"2000"	""			
"384.29190"	"384.292339"	"410"	""			
"384.52230"	"384.522739"	"160"	""			
"384.55368"	"384.553673"	"230"	""			
"384.62490"	"384.624878"	"260"	""			
"384.67538"	"384.675401"	"200"	""			
"384.68318"	"384.683206"	"130"	""			
"384.68501"	"384.685035"	"290"	""			
"384.88231"	"384.882692"	"32"	""			
"384.95420"	"384.954358"	"16"	""			
"385.00920"	"385.009658"	"32"	""			
"385.01339"	"385.013380"	"330"	""			
"385.02827"	"385.028291"	"230*"	""			
"385.07680"	"385.077012"	"32"	""			
"385.29589"	"385.295876"	"160"	""			
"385.30831"	"385.308712"	"32"	""			
"385.34370"	"385.343948"	"16"	""			
"385.43229"	"385.432235"	"79"	""			
"385.451069"	"385.451073"	"2200"	""			
"385.48773"	"385.487678"	"170"	""			
"385.49201"	"385.491980"	"47"	""			
"385.60600"	"385.60593"	"31"	""			
"385.61122"	"385.611209"	"77"	""			
"385.61894"	"385.618808"	"86"	""			
"385.73470"	"385.734800"	"160"	""			
"385.75087"	"385.750876"	"310"	""			
"385.97473"	"385.974740"	"150"	""			
"385.983945"	"385.983943"	"1800"	""			
"385.99328"	"385.993315"	"190"	""			
"386.15407"	"386.154077"	"200"	""			
"386.20520"	"386.205182"	"290"	""			
"386.23970"	"386.239660"	"360"	""			
"386.25570"	"386.255733"	"78"	""			
"386.26578"	"386.265819"	"390"	""			
"386.27027"	"386.270292"	"150"	""			
"386.32050"	"386.320418"	"78"	""			
"386.340573"	"386.340559"	"2600"	""			
"386.35930"	"386.359204"	"62"	""			
"386.41180"	"386.411975"	"31"	""			
"386.43635"	"386.436334"	"78"	""			
"386.49930"	"386.499561"	"46"	""			
"386.60681"	"386.606803"	"240"	""			
"386.66320"	"386.663340"	"46"	""			
"386.66571"	"386.665695"	"15"	""			
"386.68761"	"386.687553"	"230"	""			
"386.71971"	"386.719885"	"15"	""			
"386.75785"	"386.757852"	"180"	""			
"386.76961"	"386.769693"	"15"	""			
"386.78503"	"386.785013"	"150"	""			
"386.78830"	"386.788500"	"30"	""			
"386.81610"	"386.816421"	"15"	""			
"386.99708"	"386.997100"	"150"	""			
"387.09230"	"387.092393"	"77"	""			
"387.10714"	"387.107617"	"53"	""			
"387.11420"	"387.114266"	"46"	""			
"387.12450"	"387.124557"	"77"	""			
"387.14562"	"387.145612"	"170"	""			
"387.16173"	"387.161725"	"450"	""			
"387.17811"	"387.177956"	"15"	""			
"387.19251"	"387.192622"	"46"	""			
"387.23600"	"387.235930"	"220"	""			
"387.272207"	"387.272213"	"1600"	""			
"387.39822"	"387.398282"	"76"	""			
"387.55181"	"387.551897"	"62"	""			
"387.65101"	"387.651033"	"30"	""			
"387.69461"	"387.694434"	"15"	""			
"387.72381"	"387.724000"	"76"	""			
"387.79543"	"387.795424"	"88"	""			
"387.80470"	"387.804459"	"310"	""			
"387.97960"	"387.979796"	"210"	""			
"388.14978"	"388.149828"	"190"	""			
"388.21428"	"388.214278"	"230"	""			
"388.22141"	"388.221365"	"14"	""			
"388.43180"	"388.431936"	"28"	""			
"388.45243"	"388.452407"	"260"	""			
"388.48190"	"388.482486"	"7000"	""			
"388.49504"	"388.495012"	"79"	""			
"388.50673"	"388.506698"	"220*"	""			
"388.51516"	"388.515152"	"130"	""			
"388.56391"	"388.563980"	"110"	""			
"388.57680"	"388.576779"	"290"	""			
"388.60047"	"388.600448"	"280"	""			
"388.74340"	"388.743374"	"41"	""			
"388.80480"	"388.805304"	"27"	""			
"388.84601"	"388.846144"	"41"	""			
"388.86730"	"388.867297"	"700"	""			
"389.00570"	"389.005935"	"13"	""			
"389.03510"	"389.035285"	"55"	""			
"389.08210"	"389.081709"	"210"	""			
"389.09810"	"389.098107"	"140"	""			
"389.10539"	"389.105410"	"180"	""			
"389.23079"	"389.230814"	"260"	""			
"389.24321"	"389.243318"	"55"	""			
"389.30275"	"389.302760"	"82"	""			
"389.31133"	"389.311319"	"140"	""			
"389.34228"	"389.342251"	"95"	""			
"389.44097"	"389.440967"	"100"	""			
"389.48995"	"389.490034"	"86"	""			
"389.58541"	"389.585964"	"14"	""			
"389.59821"	"389.59865"	"14"	""			
"389.74560"	"389.745509"	"14"	""			
"389.80621"	"389.806157"	"14"	""			
"389.84880"	"389.848817"	"56"	""			
"389.90308"	"389.903164"	"210"	""			
"389.93180"	"389.931840"	"14"	""			
"389.96741"	"389.967393"	"28"	""			
"390.00369"	"390.003655"	"160"	""			
"390.01321"	"390.013199"	"150"	""			
"390.087830"	"390.087823"	"2100"	""			
"390.11520"	"390.115226"	"250"	""			
"390.21174"	"390.211838"	"93"	""			
"390.24740"	"390.247484"	"110"	""			
"390.27310"	"390.273130"	"41"	""			
"390.37640"	"390.376423"	"27"	""			
"390.408264"	"390.408253"	"720"	""			
"390.42000"	"390.420082"	"140"	""			
"390.518634"	"390.518630"	"720"	""			
"390.53561"	"390.535646"	"180"	""			
"390.60330"	"390.603307"	"41"	""			
"390.68280"	"390.682808"	"41"	""			
"390.73361"	"390.733512"	"140"	""			
"390.79073"	"390.790629"	"74"	""			
"390.84881"	"390.848816"	"41"	""			
"391.22808"	"391.228072"	"450"	""			
"391.30051"	"391.300522"	"430"	""			
"391.31951"	"391.319288"	"13"	""			
"391.38237"	"391.382357"	"370"	""			
"391.44702"	"391.44709"	"81"	""			
"391.45337"	"391.453352"	"280"	""			
"391.67241"	"391.672429"	"360"	""			
"391.67963"	"391.679619"	"360"	""			
"391.80086"	"391.800873"	"150"	""			
"391.82850"	"391.828510"	"140"	""			
"392.01700"	"392.017410"	"13"	""			
"392.03124"	"392.031222"	"290"	""			
"392.05201"	"392.052023"	"68"	""			
"392.09535"	"392.095321"	"50"	""			
"392.20980"	"392.210079"	"110"	""			
"392.22190"	"392.221879"	"160"	""			
"392.46280"	"392.462437"	"40"	""			
"392.49870"	"392.498587"	"270"	""			
"392.67063"	"392.670646"	"100"	""			
"392.71760"	"392.717568"	"370"	""			
"392.74215"	"392.742160"	"490"	""			
"392.82391"	"392.823779"	"13"	""			
"392.86989"	"392.869810"	"76"	""			
"392.89416"	"392.894037"	"80"	""			
"392.91920"	"392.919411"	"26"	""			
"392.93951"	"392.939361"	"270*"	""			
"392.93951"	"392.939489"	"270*"	""			
"392.96458"	"392.964572"	"520"	""			
"392.966909"	"392.966915"	"9100"	""			
"392.98446"	"392.984450"	"610"	""			
"393.12565"	"393.12565"	"340"	""			
"393.20021"	"393.200432"	"200"	""			
"393.22262"	"393.222608"	"420"	""			
"393.33533"	"393.335400"	"120"	""			
"393.35711"	"393.357219"	"26"	""			
"393.41750"	"393.417432"	"66"	""			
"393.52400"	"393.523862"	"26"	""			
"393.56307"	"393.563118"	"200"	""			
"393.59386"	"393.593806"	"170"	""			
"393.61250"	"393.612138"	"13"	""			
"393.62960"	"393.630236"	"53"	""			
"393.66041"	"393.660602"	"980"	""			
"393.68380"	"393.683858"	"13"	""			
"393.70404"	"393.704029"	"590"	""			
"393.79235"	"393.792367"	"560"	""			
"393.84225"	"393.842248"	"120"	""			
"393.85800"	"393.857858"	"65"	""			
"393.87263"	"393.872735"	"170"	""			
"393.87807"	"393.878036"	"320"	""			
"393.97930"	"393.979431"	"200"	""			
"394.03684"	"394.036883"	"90"	""			
"394.13625"	"394.136209"	"77"	""			
"394.17263"	"394.172575"	"61"	""			
"394.20390"	"394.203986"	"83"	""			
"394.26428"	"394.264286"	"210"	""			
"394.27001"	"394.270063"	"65"	""			
"394.28535"	"394.285433"	"80"	""			
"394.32590"	"394.325942"	"230"	""			
"394.339403"	"394.339413"	"860"	""			
"394.36901"	"394.369024"	"450"	""			
"394.550700"	"394.550713"	"1100"	""			
"394.581993"	"394.581997"	"660"	""			
"394.614530"	"394.614528"	"1700"	""			
"394.64830"	"394.648222"	"570*"	""			
"394.65960"	"394.659524"	"25"	""			
"394.896377"	"394.896376"	"1000"	""			
"394.90013"	"394.899985"	"93*"	""			
"394.90013"	"394.899998"	"93*"	""			
"394.92060"	"394.920730"	"52"	""			
"395.00880"	"395.008604"	"13"	""			
"395.11082"	"395.110802"	"160"	""			
"395.151468"	"395.151480"	"1000"	""			
"395.24481"	"395.244868"	"39"	""			
"395.29010"	"395.290362"	"26"	""			
"395.39000"	"395.390219"	"26"	""			
"395.39701"	"395.396958"	"26"	""			
"395.44640"	"395.446383"	"130"	""			
"395.45910"	"395.45939"	"13"	""			
"395.51011"	"395.510045"	"65"	""			
"395.52538"	"395.525385"	"86"	""			
"395.659339"	"395.659347"	"1000"	""			
"395.669062"	"395.669057"	"2100"	""			
"395.70552"	"395.705431"	"120"	""			
"395.71571"	"395.715645"	"190"	""			
"395.74800"	"395.747685"	"26"	""			
"395.76290"	"395.76285"	"74"	""			
"395.80140"	"395.80152"	"13"	""			
"395.90255"	"395.902626"	"72"	""			
"395.92216"	"395.922059"	"120"	""			
"396.00191"	"396.001859"	"100"	""			
"396.03325"	"396.033313"	"160"	""			
"396.03600"	"396.036104"	"52"	""			
"396.09550"	"396.095776"	"26"	""			
"396.13041"	"396.13039"	"110"	""			
"396.15030"	"396.150162"	"26"	""			
"396.19660"	"396.196518"	"52"	""			
"396.23348"	"396.233463"	"170"	""			
"396.29210"	"396.292099"	"39"	""			
"396.32197"	"396.322001"	"190"	""			
"396.34686"	"396.346866"	"230"	""			
"396.47381"	"396.473860"	"2600"	""			
"396.48650"	"396.486462"	"130"	""			
"396.60529"	"396.605682"	"34"	""			
"396.62310"	"396.623087"	"200"	""			
"396.67070"	"396.670722"	"39"	""			
"396.72120"	"396.721195"	"660"	""			
"396.75602"	"396.756072"	"88"	""			
"396.84840"	"396.848462"	"1300"	""			
"396.900250"	"396.900255"	"1200"	""			
"396.92910"	"396.929025"	"76"	""			
"396.93359"	"396.933702"	"89"	""			
"396.95293"	"396.952898"	"150"	""			
"396.95611"	"396.956418"	"1000"	""			
"396.98261"	"396.982611"	"40"	""			
"396.98540"	"396.985581"	"66"	""			
"397.11873"	"397.11780"	"23"	""			
"397.39930"	"397.399201"	"12"	""			
"397.42246"	"397.422447"	"150"	""			
"397.43975"	"397.439744"	"140"	""			
"397.48730"	"397.487306"	"12"	""			
"397.52216"	"397.522197"	"120"	""			
"397.64147"	"397.641460"	"660"	""			
"397.65249"	"397.652123"	"58"	""			
"397.77950"	"397.779567"	"38"	""			
"397.90380"	"397.90384"	"2600"	""			
"397.90431"	"397.90429"	"150"	""			
"398.01430"	"398.014710"	"63"	""			
"398.07549"	"398.075476"	"590"	""			
"398.110631"	"398.110631"	"910"	""			
"398.15340"	"398.153627"	"130"	""			
"398.21019"	"398.210183"	"340"	""			
"398.22285"	"398.223414"	"66"	""			
"398.43756"	"398.437531"	"100"	""			
"398.46200"	"398.462053"	"130"	""			
"398.50651"	"398.506655"	"25"	""			
"398.54114"	"398.541051"	"170"	""			
"398.54640"	"398.546208"	"190"	""			
"398.70710"	"398.707145"	"58"	""			
"398.72191"	"398.72197"	"2400"	""			
"398.74831"	"398.748419"	"120"	""			
"398.77061"	"398.770615"	"180"	""			
"398.79963"	"398.799625"	"370"	""			
"398.80271"	"398.802572"	"550bl"	""			
"398.85995"	"398.859945"	"430"	""			
"398.88454"	"398.884552"	"390"	""			
"398.95680"	"398.956778"	"23"	""			
"399.00731"	"399.007283"	"200"	""			
"399.01180"	"399.012137"	"23"	""			
"399.10660"	"399.106570"	"120"	""			
"399.13386"	"399.133887"	"99"	""			
"399.20460"	"399.204560"	"95"	""			
"399.22725"	"399.227260"	"280"	""			
"399.37226"	"399.372223"	"110"	""			
"399.43408"	"399.434065"	"120"	""			
"399.454919"	"399.454924"	"3900"	""			
"399.50323"	"399.503141"	"72"	""			
"399.57010"	"399.57034"	"24"	""			
"399.606155"	"399.606164"	"1100"	""			
"399.74686"	"399.746900"	"210"	""			
"399.78653"	"399.786537"	"710"	""			
"399.79770"	"399.797855"	"180"	""			
"399.99447"	"399.994412"	"28"	""			
"400.173375"	"400.173377"	"220"	""			
"400.21060"	"400.210691"	"34"	""			
"400.310552"	"400.310545"	"420"	""			
"400.330850"	"400.330857"	"1200"	""			
"400.33883"	"400.338919"	"19"	""			
"400.552897"	"400.552848"	"270*"	""			
"400.557410"	"400.557431"	"250*"	""			
"400.638050"	"400.638079"	"440"	""			
"400.68739"	"400.687517"	"11"	""			
"400.69363"	"400.694372"	"35"	""			
"400.701867"	"400.701877"	"940"	""			
"400.70614"	"400.706192"	"120"	""			
"400.87431"	"400.874563"	"22"	""			
"400.95357"	"400.953595"	"17"	""			
"401.03259"	"401.03229"	"11"	""			
"401.04265"	"401.042588"	"17"	""			
"401.05332"	"401.053337"	"37"	""			
"401.09840"	"401.098605"	"22"	""			
"401.17750"	"401.177379"	"570"	""			
"401.32601"	"401.325955"	"27"	""			
"401.451413"	"401.451411"	"310"	""			
"401.49371"	"401.493993"	"11"	""			
"401.51421"	"401.514384"	"22"	""			
"401.55890"	"401.559015"	"20"	""			
"401.58271"	"401.582722"	"59"	""			
"401.63003"	"401.630031"	"39"	""			
"401.64381"	"401.643169"	"10"	""			
"401.74881"	"401.748798"	"94"	""			
"401.77091"	"401.770954"	"21"	""			
"401.87697"	"401.877023"	"33"	""			
"401.912875"	"401.912876"	"20000"	""			
"401.93698"	"401.936996"	"83"	""			
"402.01021"	"402.010135"	"47"	""			
"402.09150"	"402.091674"	"32"	""			
"402.209590"	"402.209582"	"1000"	""			
"402.35421"	"402.354093"	"21"	""			
"402.37651"	"402.37664"	"10"	""			
"402.44688"	"402.446872"	"96"	""			
"402.47150"	"402.47139"	"31*"	""			
"402.56187"	"402.561910"	"89*"	""			
"402.56187"	"402.56201"	"89*"	""			
"402.565546"	"402.565555"	"620"	""			
"402.59449"	"402.594488"	"47"	""			
"402.60430"	"402.604563"	"100"	""			
"402.616122"	"402.616120"	"550"	""			
"402.734172"	"402.734168"	"160"	""			
"402.74117"	"402.741166"	"31"	""			
"402.76513"	"402.765149"	"110"	""			
"402.86293"	"402.862783"	"32*"	""			
"402.86990"	"402.869887"	"79"	""			
"402.90254"	"402.902512"	"43"	""			
"402.93220"	"402.932197"	"67"	""			
"402.95194"	"402.951929"	"130"	""			
"403.05253"	"403.052472"	"17"	""			
"403.10923"	"403.109227"	"61"	""			
"403.12251"	"403.122556"	"31"	""			
"403.13310"	"403.133128"	"57"	""			
"403.17810"	"403.178113"	"31"	""			
"403.20350"	"403.203503"	"21"	""			
"403.22394"	"403.223875"	"22"	""			
"403.247006"	"403.247062"	"210"	""			
"403.28927"	"403.289433"	"18*"	""			
"403.424599"	"403.424613"	"540"	""			
"403.43641"	"403.436082"	"21"	""			
"403.492170"	"403.492174"	"290"	""			
"403.52360"	"403.523963"	"31"	""			
"403.656505"	"403.656508"	"2500"	""			
"403.71320"	"403.712910"	"85"	""			
"403.74281"	"403.742944"	"17"	""			
"403.83510"	"403.83524"	"540"	""			
"403.84270"	"403.842833"	"85"	""			
"403.89030"	"403.890362"	"10"	""			
"403.94351"	"403.943515"	"120"	""			
"404.039300"	"404.039298"	"190"	""			
"404.120344"	"404.120354"	"970"	""			
"404.18119"	"404.181185"	"22"	""			
"404.29763"	"404.297644"	"65"	""			
"404.313012"	"404.313014"	"630"	""			
"404.38520"	"404.384933"	"10"	""			
"404.562739"	"404.562741"	"200"	""			
"404.80317"	"404.803162"	"62"	""			
"404.97470"	"404.974567"	"97"	""			
"404.98233"	"404.982282"	"29"	""			
"405.12771"	"405.127846"	"20"	""			
"405.24431"	"405.244732"	"79"	""			
"405.34850"	"405.348435"	"32"	""			
"405.41812"	"405.418102"	"15"	""			
"405.47651"	"405.476411"	"29"	""			
"405.52340"	"405.523413"	"40"	""			
"405.70300"	"405.703009"	"15"	""			
"405.73311"	"405.733131"	"57"	""			
"405.77768"	"405.777704"	"31"	""			
"405.97660"	"405.976665"	"30"	""			
"405.98144"	"405.981433"	"26"	""			
"405.98893"	"405.988936"	"66"	""			
"405.99063"	"405.990669"	"23"	""			
"406.23050"	"406.230351"	"83"	""			
"406.26581"	"406.265827"	"15"	""			
"406.27527"	"406.27516"	"36*"	""			
"406.36919"	"406.369202"	"100"	""			
"406.37550"	"406.375474"	"32"	""			
"406.46101"	"406.461017"	"42"	""			
"406.49936"	"406.49938"	"64"	""			
"406.52530"	"406.525314"	"20"	""			
"406.56880"	"406.568803"	"89"	""			
"406.60022"	"406.600195"	"23"	""			
"406.61691"	"406.617008"	"10"	""			
"406.75934"	"406.759311"	"34"	""			
"406.78759"	"406.787584"	"52"	""			
"406.80241"	"406.802423"	"24"	""			
"406.920134"	"406.920134"	"3400"	""			
"406.93058"	"406.930486"	"45"	""			
"406.94182"	"406.941844"	"18"	""			
"406.97607"	"406.976057"	"110*"	""			
"406.97607"	"406.976123"	"110*"	""			
"407.06724"	"407.067243"	"70"	""			
"407.13021"	"407.130222"	"11"	""			
"407.14661"	"407.146722"	"56"	""			
"407.21799"	"407.217956"	"23"	""			
"407.29090"	"407.290913"	"79"	""			
"407.37097"	"407.370963"	"110"	""			
"407.46419"	"407.464194"	"53"	""			
"407.56116"	"407.561133"	"28"	""			
"407.571109"	"407.571112"	"190"	""			
"407.91353"	"407.913531"	"69"	""			
"407.94340"	"407.943489"	"11"	""			
"407.96024"	"407.960233"	"40"	""			
"407.98984"	"407.989805"	"31"	""			
"408.02940"	"408.029434"	"77"	""			
"408.04700"	"408.047013"	"21"	""			
"408.05901"	"408.059448"	"21"	""			
"408.09815"	"408.098153"	"17"	""			
"408.18277"	"408.182825"	"24"	""			
"408.18555"	"408.185510"	"27"	""			
"408.225697"	"408.225697"	"230"	""			
"408.33854"	"408.338435"	"36"	""			
"408.40080"	"408.401014"	"10"	""			
"408.42768"	"408.427709"	"18"	""			
"408.44982"	"408.449745"	"15"	""			
"408.48158"	"408.481559"	"23"	""			
"408.49530"	"408.495679"	"110"	""			
"408.504204"	"408.504207"	"3000"	""			
"408.58155"	"408.581544"	"49"	""			
"408.63361"	"408.633984"	"32"	""			
"408.64123"	"408.641244"	"93"	""			
"408.652038"	"408.652040"	"7500"	""			
"409.01031"	"409.009867"	"22"	""			
"409.03670"	"409.036742"	"33"	""			
"409.13470"	"409.134113"	"550"	""			
"409.15296"	"409.152965"	"57"	""			
"409.23140"	"409.231558"	"11"	""			
"409.23380"	"409.233995"	"310"	""			
"409.32550"	"409.325391"	"22"	""			
"409.33271"	"409.332666"	"22"	""			
"409.339200"	"409.339188"	"280"	""			
"409.35561"	"409.355515"	"33"	""			
"409.44881"	"409.448831"	"19"	""			
"409.474690"	"409.474692"	"6100"	""			
"409.63319"	"409.632541"	"86"	""			
"409.73365"	"409.733682"	"130"	""			
"409.76910"	"409.768751"	"160"	""			
"409.80931"	"409.809128"	"21"	""			
"409.893264"	"409.893263"	"800"	""			
"410.081891"	"410.081896"	"230"	""			
"410.08472"	"410.084701"	"93"	""			
"410.13279"	"410.132780"	"43"	""			
"410.24621"	"410.245961"	"21"	""			
"410.31100"	"410.310891"	"22"	""			
"410.32626"	"410.326263"	"71"	""			
"410.34601"	"410.346059"	"110"	""			
"410.36641"	"410.366521"	"35"	""			
"410.438203"	"410.438202"	"560"	""			
"410.49156"	"410.491278"	"28"	""			
"410.533004"	"410.533006"	"640"	""			
"410.534941"	"410.534973"	"360"	""			
"410.54756"	"410.547560"	"75"	""			
"410.591490"	"410.591507"	"420"	""			
"410.61195"	"410.612043"	"52"	""			
"410.69497"	"410.694909"	"34"	""			
"410.73720"	"410.737202"	"140"	""			
"410.77926"	"410.779320"	"100"	""			
"410.841975"	"410.841977"	"4800"	""			
"411.00743"	"411.007421"	"38"	""			
"411.05141"	"411.051439"	"150"	""			
"411.063507"	"411.063506"	"550"	""			
"411.086653"	"411.086630"	"310"	""			
"411.09721"	"411.097138"	"18"	""			
"411.11347"	"411.113464"	"41"	""			
"411.14271"	"411.142504"	"32"	""			
"411.14585"	"411.145832"	"16"	""			
"411.19861"	"411.197907"	"32"	""			
"411.23144"	"411.231451"	"89"	""			
"411.24850"	"411.248606"	"10"	""			
"411.35574"	"411.355715"	"92"	""			
"411.41451"	"411.414568"	"21"	""			
"411.51351"	"411.513537"	"20"	""			
"411.56512"	"411.565209"	"52"	""			
"411.63121"	"411.631255"	"25"	""			
"411.671359"	"411.671357"	"4500"	""			
"411.78454"	"411.784509"	"21"	""			
"411.85973"	"411.859713"	"91"	""			
"411.93900"	"411.938665"	"21"	""			
"412.00141"	"412.001262"	"32"	""			
"412.18543"	"412.185407"	"40"	""			
"412.26738"	"412.267385"	"150"	""			
"412.29653"	"412.296533"	"72"	""			
"412.32701"	"412.326993"	"21"	""			
"412.34011"	"412.340224"	"21"	""			
"412.353068"	"412.353073"	"410"	""			
"412.39546"	"412.395364"	"23"	""			
"412.45128"	"412.451279"	"55"	""			
"412.46658"	"412.466563"	"78"	""			
"412.66071"	"412.660590"	"10"	""			
"412.72891"	"412.728502"	"32"	""			
"412.83000"	"412.829816"	"32"	""			
"412.89121"	"412.891217"	"10"	""			
"412.99176"	"412.991771"	"22"	""			
"413.06648"	"413.066476"	"27"	""			
"413.142647"	"413.142644"	"580"	""			
"413.15308"	"413.153074"	"110"	""			
"413.20901"	"413.208520"	"21"	""			
"413.22871"	"413.228878"	"21"	""			
"413.275326"	"413.275316"	"2200"	""			
"413.29790"	"413.298508"	"10"	""			
"413.33961"	"413.339886"	"21"	""			
"413.411306"	"413.411312"	"950"	""			
"413.44141"	"413.441485"	"10"	""			
"413.46141"	"413.461420"	"42"	""			
"413.49890"	"413.499058"	"21"	""			
"413.61010"	"413.610104"	"21"	""			
"413.63990"	"413.639895"	"470"	""			
"413.70681"	"413.706727"	"21"	""			
"413.76121"	"413.761422"	"21"	""			
"413.88422"	"413.884214"	"91"	""			
"413.97581"	"413.97563"	"10"	""			
"413.99309"	"413.993543"	"18"	""			
"414.023494"	"414.023492"	"1500"	""			
"414.038544"	"414.038548"	"500"	""			
"414.12250"	"414.122974"	"21"	""			
"414.163207"	"414.163205"	"220"	""			
"414.19470"	"414.194769"	"10"	""			
"414.247404"	"414.247392"	"740"	""			
"414.270089"	"414.270089"	"3500"	""			
"414.29725"	"414.297251"	"43"	""			
"414.36046"	"414.360477"	"35"	""			
"414.56640"	"414.56605"	"10"	""			
"414.58342"	"414.583402"	"23"	""			
"414.60690"	"414.607541"	"21"	""			
"414.62560"	"414.62607"	"10"	""			
"414.66641"	"414.66616"	"21"	""			
"414.80257"	"414.802580"	"22"	""			
"414.818150"	"414.818149"	"930"	""			
"414.83464"	"414.834631"	"150"	""			
"414.84251"	"414.842630"	"21"	""			
"414.86835"	"414.868367"	"51"	""			
"414.87725"	"414.877293"	"29"	""			
"414.97073"	"414.970745"	"34"	""			
"414.998694"	"414.998689"	"1500"	""			
"415.03685"	"415.036844"	"31"	""			
"415.04836"	"415.048431"	"20"	""			
"415.14511"	"415.145106"	"54"	""			
"415.37217"	"415.372180"	"15"	""			
"415.54740"	"415.547648"	"10"	""			
"415.623816"	"415.623809"	"430"	""			
"415.651648"	"415.651643"	"1300"	""			
"415.69870"	"415.698669"	"10"	""			
"415.965981"	"415.965975"	"360"	""			
"416.15894"	"416.158984"	"52"	""			
"416.18834"	"416.188377"	"34"	""			
"416.24523"	"416.24561"	"79"	""			
"416.267894"	"416.267903"	"300"	""			
"416.31807"	"416.318073"	"43"	""			
"416.364686"	"416.364692"	"690"	""			
"416.373618"	"416.373634"	"180"	""			
"416.425496"	"416.425490"	"440"	""			
"416.50741"	"416.507404"	"120"	""			
"416.64927"	"416.649237"	"17"	""			
"416.72741"	"416.727372"	"20"	""			
"416.863403"	"416.863404"	"740"	""			
"417.046522"	"417.046636"	"530bl"	""			
"417.078556"	"417.078573"	"190"	""			
"417.134094"	"417.134089"	"250"	""			
"417.35301"	"417.352287"	"44"	""			
"417.36376"	"417.363994"	"26"	""			
"417.39591"	"417.396099"	"11"	""			
"417.54821"	"417.54786"	"11"	""			
"417.61934"	"417.61944"	"29"	""			
"417.63356"	"417.633552"	"60"	""			
"417.68950"	"417.689743"	"22"	""			
"417.805969"	"417.805965"	"2400"	""			
"417.971483"	"417.971489"	"2400"	""			
"417.996004"	"417.995998"	"900"	""			
"418.05612"	"418.056109"	"28"	""			
"418.10411"	"418.103946"	"22"	""			
"418.10806"	"418.108095"	"23"	""			
"418.11648"	"418.116482"	"85"	""			
"418.13513"	"418.135311"	"26*"	""			
"418.215701"	"418.215707"	"210"	""			
"418.34141"	"418.34147"	"11"	""			
"418.35644"	"418.356446"	"150"	""			
"418.39466"	"418.394684"	"15"	""			
"418.42821"	"418.428221"	"45"	""			
"418.47111"	"418.471111"	"100"	""			
"418.50381"	"418.503787"	"35"	""			
"418.81054"	"418.810526"	"16"	""			
"418.81965"	"418.818831"	"22"	""			
"418.85782"	"418.857840"	"24"	""			
"419.05620"	"419.056202"	"25"	""			
"419.182689"	"419.182681"	"170"	""			
"419.19950"	"419.199617"	"11"	""			
"419.40825"	"419.408260"	"43"	""			
"419.55577"	"419.555777"	"150"	""			
"419.583252"	"419.583218"	"240"	""			
"419.59501"	"419.595020"	"110"	""			
"419.79394"	"419.793918"	"21"	""			
"419.90147"	"419.901468"	"82"	""			
"420.10050"	"420.100576"	"10"	""			
"420.16020"	"420.160831"	"85"	""			
"420.184662"	"420.184662"	"610"	""			
"420.57908"	"420.578931"	"27"	""			
"420.66560"	"420.665634"	"83"	""			
"420.79220"	"420.792183"	"10"	""			
"420.889058"	"420.889055"	"3200"	""			
"421.04001"	"421.04050"	"10"	""			
"421.15152"	"421.151524"	"76"	""			
"421.18833"	"421.188352"	"40"	""			
"421.24521"	"421.24523"	"20"	""			
"421.37950"	"421.379309"	"12"	""			
"421.39953"	"421.399524"	"39"	""			
"421.40730"	"421.407583"	"10"	""			
"421.42270"	"421.423205"	"10"	""			
"421.45375"	"421.453745"	"30"	""			
"421.46273"	"421.462601"	"19"	""			
"421.60352"	"421.603416"	"37"	""			
"421.722527"	"421.722520"	"290"	""			
"421.77577"	"421.775915"	"25"	""			
"421.81863"	"421.818566"	"110"	""			
"421.82277"	"421.822714"	"25"	""			
"421.854200"	"421.854188"	"260"	""			
"421.86361"	"421.864083"	"20"	""			
"421.88200"	"421.882373"	"10"	""			
"421.93832"	"421.938403"	"38"	""			
"421.94140"	"421.941705"	"20"	""			
"421.96806"	"421.968062"	"16"	""			
"422.21851"	"422.218512"	"20"	""			
"422.25790"	"422.258183"	"30"	""			
"422.27521"	"422.275193"	"31"	""			
"422.41422"	"422.414240"	"20"	""			
"422.424126"	"422.424130"	"440"	""			
"422.46150"	"422.461498"	"120"	""			
"422.5803"	"422.58009"	"49"	""			
"422.672670"	"422.672546"	"42000bl"	""			
"422.76542"	"422.765386"	"27"	""			
"422.76746"	"422.767420"	"31"	""			
"422.87013"	"422.870113"	"120"	""			
"422.89887"	"422.898866"	"40"	""			
"422.945460"	"422.945467"	"370"	""			
"423.1174"	"423.117449"	"29"	""			
"423.17940"	"423.179305"	"19"	""			
"423.1983"	"423.198122"	"29"	""			
"423.2525"	"423.252301"	"29"	""			
"423.32873"	"423.328737"	"150"	""			
"423.3511"	"423.351063"	"19"	""			
"423.4083"	"423.408171"	"9"	""			
"423.43030"	"423.430267"	"47"	""			
"423.4375"	"423.437831"	"29"	""			
"423.49838"	"423.498442"	"150*"	""			
"423.5849"	"423.585223"	"10"	""			
"423.6390"	"423.638566"	"80"	""			
"423.6915"	"423.691445"	"20"	""			
"423.71115"	"423.711185"	"36"	""			
"423.7657"	"423.76556"	"10"	""			
"423.7685"	"423.768769"	"20"	""			
"423.8884"	"423.888431"	"9"	""			
"423.89790"	"423.897922"	"30"	""			
"423.9030"	"423.902950"	"19"	""			
"423.9673"	"423.967808"	"49"	""			
"424.059467"	"424.059479"	"290"	""			
"424.0676"	"424.068194"	"39"	""			
"424.1865"	"424.186836"	"19"	""			
"424.23392"	"424.233903"	"36"	""			
"424.27197"	"424.271974"	"130"	""			
"424.3375"	"424.337461"	"19"	""			
"424.3674"	"424.36767"	"9"	""			
"424.39240"	"424.392409"	"190"	""			
"424.46820"	"424.468103"	"17"	""			
"424.48240"	"424.48236"	"11"	""			
"424.54612"	"424.546170"	"58"	""			
"424.59751"	"424.596652"	"17"	""			
"424.6363"	"424.636404"	"29"	""			
"424.66879"	"424.668608"	"19"	""			
"424.759875"	"424.759882"	"440"	""			
"424.798854"	"424.798916"	"690"	""			
"424.967906"	"424.967911"	"220"	""			
"424.9969"	"424.996913"	"29"	""			
"425.0014"	"425.001343"	"9"	""			
"425.034311"	"425.034213"	"1300bl"	""			
"425.15927"	"425.159309"	"11"	""			
"425.1781"	"425.178087"	"9"	""			
"425.1958"	"425.195951"	"9"	""			
"425.2876"	"425.287326"	"9"	""			
"425.3017"	"425.301351"	"9"	""			
"425.3239"	"425.323920"	"19"	""			
"425.3259"	"425.326091"	"29"	""			
"425.38674"	"425.386726"	"140"	""			
"425.3975"	"425.397609"	"19"	""			
"425.40179"	"425.401785"	"26"	""			
"425.4169"	"425.41691"	"9"	""			
"425.44532"	"425.445311"	"110"	""			
"425.4739"	"425.473703"	"9"	""			
"425.53812"	"425.538207"	"20*"	""			
"425.609588"	"425.609589"	"420"	""			
"425.8466"	"425.846656"	"28"	""			
"425.8828"	"425.882821"	"19"	""			
"425.9857"	"425.985695"	"28"	""			
"426.0936"	"426.093447"	"38"	""			
"426.12753"	"426.127532"	"190"	""			
"426.27392"	"426.273906"	"29"	""			
"426.335607"	"426.335605"	"350"	""			
"426.37719"	"426.377130"	"19"	""			
"426.41064"	"426.410655"	"98"	""			
"426.43792"	"426.437753"	"47"	""			
"426.49451"	"426.494528"	"22"	""			
"426.50361"	"426.50354"	"15"	""			
"426.54900"	"426.548983"	"53"	""			
"426.5661"	"426.566291"	"9"	""			
"426.6823"	"426.682419"	"9"	""			
"426.75191"	"426.751916"	"130"	""			
"426.77175"	"426.771760"	"21"	""			
"426.86088"	"426.86031"	"31"	""			
"427.03290"	"427.032908"	"170"	""			
"427.0911"	"427.091537"	"9"	""			
"427.10824"	"427.108198"	"61"	""			
"427.11048"	"427.110483"	"180"	""			
"427.1240"	"427.12409"	"27"	""			
"427.15500"	"427.154982"	"20"	""			
"427.1913"	"427.191678"	"27"	""			
"427.335735"	"427.335741"	"2200"	""			
"427.40249"	"427.402474"	"380"	""			
"427.43201"	"427.431995"	"110"	""			
"427.5203"	"427.520425"	"18"	""			
"427.5240"	"427.524067"	"18"	""			
"427.5439"	"427.543797"	"27"	""			
"427.5612"	"427.56171"	"8"	""			
"427.65557"	"427.655840"	"27"	""			
"427.680724"	"427.680715"	"970"	""			
"427.69107"	"427.691096"	"22"	""			
"427.696545"	"427.696551"	"220*"	""			
"427.696545"	"427.696581"	"220*"	""			
"427.69862"	"427.698783"	"27"	""			
"427.70408"	"427.704083"	"110"	""			
"427.731385"	"427.731385"	"6000"	""			
"427.8110"	"427.810345"	"9"	""			
"427.85106"	"427.851083"	"16"	""			
"428.02220"	"428.022208"	"24"	""			
"428.02553"	"428.025542"	"20"	""			
"428.106775"	"428.106776"	"1200"	""			
"428.141444"	"428.141447"	"770"	""			
"428.15506"	"428.15591"	"10"	""			
"428.1758"	"428.175711"	"18"	""			
"428.204125"	"428.204125"	"4500"	""			
"428.21571"	"428.216463"	"26"	""			
"428.23695"	"428.236796"	"45"	""			
"428.351836"	"428.351831"	"680"	""			
"428.39005"	"428.389362"	"11"	""			
"428.4181"	"428.418241"	"26"	""			
"428.4215"	"428.421490"	"17"	""			
"428.4431"	"428.443057"	"26"	""			
"428.45130"	"428.451287"	"19"	""			
"428.49281"	"428.492775"	"16"	""			
"428.497486"	"428.497489"	"210"	""			
"428.51823"	"428.518213"	"110"	""			
"428.54547"	"428.545474"	"23"	""			
"428.61821"	"428.618241"	"80"	""			
"428.67006"	"428.670030"	"38"	""			
"428.76849"	"428.768504"	"18"	""			
"428.80469"	"428.804697"	"150"	""			
"429.0829"	"429.082299"	"8"	""			
"429.13852"	"429.138518"	"40"	""			
"429.25165"	"429.251629"	"58"	""			
"429.3089"	"429.309153"	"8"	""			
"429.3218"	"429.321789"	"8"	""			
"429.50362"	"429.503613"	"110"	""			
"429.51280"	"429.512780"	"94"	""			
"429.65753"	"429.657578"	"17"	""			
"429.73702"	"429.737168"	"85"	""			
"429.8283"	"429.827583"	"8"	""			
"429.88275"	"429.882759"	"100"	""			
"429.88707"	"429.887019"	"19"	""			
"429.88925"	"429.889280"	"67"	""			
"429.9435"	"429.943781"	"26"	""			
"430.0135"	"430.013864"	"17"	""			
"430.0700"	"430.070385"	"17"	""			
"430.07966"	"430.079645"	"45"	""			
"430.12858"	"430.128618"	"15"	""			
"430.2109"	"430.211391"	"17"	""			
"430.2929"	"430.29387"	"7"	""			
"430.4070"	"430.407164"	"17"	""			
"430.53351"	"430.533039"	"21"	""			
"430.6159"	"430.615858"	"9"	""			
"430.6365"	"430.637210"	"1800"	""			
"430.79572"	"430.79586"	"16"	""			
"430.82586"	"430.825861"	"46"	""			
"430.9215"	"430.921969"	"8"	""			
"430.999259"	"430.999252"	"1100"	""			
"431.01827"	"431.018228"	"49"	""			
"431.0550"	"431.055374"	"8"	""			
"431.0644"	"431.064927"	"17"	""			
"431.2156"	"431.216093"	"26"	""			
"431.330841"	"431.330846"	"220"	""			
"431.35133"	"431.351196"	"13"	""			
"431.38642"	"431.38572"	"35"	""			
"431.40110"	"431.401098"	"120"	""			
"431.55830"	"431.558275"	"16"	""			
"431.57097"	"431.570948"	"51"	""			
"431.59484"	"431.594855"	"84"	""			
"431.72266"	"431.722662"	"19"	""			
"431.7670"	"431.767209"	"17"	""			
"431.7756"	"431.775823"	"17"	""			
"431.82938"	"431.829355"	"190"	""			
"431.841578"	"431.841578"	"1800"	""			
"431.8959"	"431.896358"	"17"	""			
"431.90973"	"431.909733"	"120"	""			
"432.012633"	"432.012636"	"1400"	""			
"432.04511"	"432.045128"	"73"	""			
"432.059378"	"432.059366"	"310"	""			
"432.06602"	"432.066047"	"23"	""			
"432.10185"	"432.101845"	"64"	""			
"432.2001"	"432.199984"	"26"	""			
"432.2386"	"432.238080"	"17"	""			
"432.27404"	"432.273822"	"34"	""			
"432.30449"	"432.304360"	"13"	""			
"432.3165"	"432.316371"	"8"	""			
"432.4442"	"432.444862"	"34"	""			
"432.49634"	"432.495804"	"15"	""			
"432.5189"	"432.518851"	"17"	""			
"432.5663"	"432.566165"	"17"	""			
"432.5920"	"432.591393"	"17"	""			
"432.6179"	"432.617920"	"25"	""			
"432.6341"	"432.634410"	"16"	""			
"432.65829"	"432.658009"	"10"	""			
"432.70932"	"432.709316"	"180"	""			
"432.723113"	"432.723138"	"250"	""			
"432.74494"	"432.744931"	"19"	""			
"432.75461"	"432.754567"	"16"	""			
"432.82849"	"432.828698"	"13"	""			
"432.86878"	"432.868811"	"110"	""			
"432.9107"	"432.910129"	"82"	""			
"432.949125"	"432.949119"	"280"	""			
"432.99108"	"432.99049"	"10"	""			
"433.0351"	"433.035105"	"16"	""			
"433.19247"	"433.192469"	"160"	""			
"433.39369"	"433.393667"	"90"	""			
"433.4254"	"433.42578"	"40"	""			
"433.4316"	"433.431909"	"40"	""			
"433.47451"	"433.475333"	"12"	""			
"433.53129"	"433.531278"	"79"	""			
"433.567835"	"433.567833"	"290"	""			
"433.570922"	"433.570879"	"310"	""			
"433.580178"	"433.580252"	"240"	""			
"433.64975"	"433.649759"	"31"	""			
"433.738297"	"433.738280"	"220"	""			
"433.78636"	"433.786426"	"16"	""			
"433.8383"	"433.838458"	"31"	""			
"433.9650"	"433.964515"	"31"	""			
"434.10239"	"434.102383"	"88"	""			
"434.1992"	"434.199419"	"7"	""			
"434.225455"	"434.225486"	"210"	""			
"434.22728"	"434.227242"	"67"	""			
"434.3238"	"434.323528"	"79"	""			
"434.36035"	"434.360302"	"120"	""			
"434.395142"	"434.395144"	"720"	""			
"434.432657"	"434.432651"	"1600"	""			
"434.4984"	"434.497976"	"24"	""			
"434.50579"	"434.505848"	"33"	""			
"434.62652"	"434.626510"	"15"	""			
"434.7092"	"434.709500"	"8"	""			
"434.71928"	"434.719275"	"64"	""			
"434.72461"	"434.724618"	"83"	""			
"434.7430"	"434.74322"	"8"	""			
"434.8236"	"434.824062"	"40"	""			
"434.83169"	"434.831653"	"27"	""			
"434.8713"	"434.871713"	"24"	""			
"434.8943"	"434.894850"	"32"	""			
"435.0572"	"435.057380"	"32"	""			
"435.08293"	"435.082899"	"32"	""			
"435.1073"	"435.107303"	"24"	""			
"435.15242"	"435.152433"	"42"	""			
"435.21863"	"435.218645"	"18"	""			
"435.26799"	"435.268001"	"150"	""			
"435.28201"	"435.282014"	"110"	""			
"435.34006"	"435.340080"	"200"	""			
"435.50837"	"435.508211"	"19"	""			
"435.532044"	"435.532053"	"380"	""			
"435.5911"	"435.591322"	"16"	""			
"435.7074"	"435.707524"	"33"	""			
"435.761317"	"435.761323"	"420"	""			
"435.85349"	"435.853420"	"28"	""			
"435.85551"	"435.855511"	"87"	""			
"435.86686"	"435.866855"	"15"	""			
"435.88190"	"435.881849"	"22"	""			
"435.91286"	"435.912860"	"17"	""			
"435.92856"	"435.92777"	"31"	""			
"435.9804"	"435.98047"	"8"	""			
"436.130704"	"436.130827"	"230bl"	""			
"436.17944"	"436.179440"	"48"	""			
"436.23621"	"436.236215"	"19"	""			
"436.4187"	"436.419254"	"17"	""			
"436.49436"	"436.493664"	"12"	""			
"436.8314"	"436.831241"	"8"	""			
"436.8706"	"436.870573"	"17"	""			
"436.9061"	"436.906756"	"44"	""			
"436.93182"	"436.931793"	"180"	""			
"437.0773"	"437.076973"	"36"	""			
"437.1767"	"437.176887"	"36"	""			
"437.20953"	"437.20965"	"160"	""			
"437.2814"	"437.281237"	"18"	""			
"437.390332"	"437.390337"	"320"	""			
"437.478509"	"437.478504"	"1400"	""			
"437.50321"	"437.503236"	"56"	""			
"437.50882"	"437.50890"	"91"	""			
"437.55894"	"437.558908"	"49"	""			
"437.64297"	"437.642434"	"7"	""			
"437.7261"	"437.726070"	"27"	""			
"437.73147"	"437.731483"	"64"	""			
"437.88372"	"437.883722"	"20"	""			
"437.8957"	"437.895855"	"27"	""			
"437.9587"	"437.959003"	"27"	""			
"437.99409"	"437.994075"	"36"	""			
"438.0144"	"438.014573"	"18"	""			
"438.140174"	"438.140170"	"980"	""			
"438.186008"	"438.186008"	"5000"	""			
"438.2007"	"438.200861"	"18"	""			
"438.34483"	"438.34529"	"17"	""			
"438.3933"	"438.39292"	"9"	""			
"438.4019"	"438.402416"	"46"	""			
"438.6107"	"438.61062"	"18"	""			
"438.71071"	"438.710725"	"43"	""			
"438.7479"	"438.747902"	"28"	""			
"438.84006"	"438.84001"	"18"	""			
"438.9438"	"438.94457"	"9"	""			
"439.0409"	"439.041348"	"18"	""			
"439.0580"	"439.05730"	"9"	""			
"439.111045"	"439.111046"	"6100"	""			
"439.11601"	"439.115963"	"92"	""			
"439.2611"	"439.261017"	"9"	""			
"439.30532"	"439.305225"	"63"	""			
"439.48945"	"439.489455"	"230"	""			
"439.647831"	"439.647840"	"370"	""			
"439.71215"	"439.71199"	"25*"	""			
"439.7260"	"439.726000"	"9"	""			
"439.7752"	"439.774414"	"18"	""			
"439.791491"	"439.791490"	"620"	""			
"439.8020"	"439.80200"	"9"	""			
"439.8837"	"439.883470"	"9"	""			
"439.90939"	"439.909395"	"150"	""			
"440.03862"	"440.038613"	"140"	""			
"440.0646"	"440.064918"	"9"	""			
"440.1050"	"440.104918"	"9"	""			
"440.12071"	"440.120721"	"25"	""			
"440.16616"	"440.166033"	"48"	""			
"440.19897"	"440.198977"	"28"	""			
"440.27341"	"440.273402"	"20"	""			
"440.4917"	"440.491602"	"19"	""			
"440.5724"	"440.572183"	"9"	""			
"440.6329"	"440.632761"	"9"	""			
"440.64267"	"440.642611"	"15"	""			
"440.6785"	"440.678130"	"19"	""			
"440.6997"	"440.699880"	"9"	""			
"440.7510"	"440.750702"	"9"	""			
"440.90088"	"440.900868"	"45"	""			
"441.04084"	"441.040850"	"37"	""			
"441.04877"	"441.048775"	"67"	""			
"441.16387"	"441.163837"	"15"	""			
"441.252996"	"441.252979"	"280"	""			
"441.273922"	"441.273927"	"1300"	""			
"441.27991"	"441.279892"	"58"	""			
"441.289294"	"441.289289"	"620"	""			
"441.33745"	"441.337446"	"49"	""			
"441.46238"	"441.462279"	"44"	""			
"441.4853"	"441.485140"	"9"	""			
"441.5592"	"441.558998"	"29"	""			
"441.623700"	"441.623690"	"460"	""			
"441.70325"	"441.703064"	"13"	""			
"441.86617"	"441.866185"	"48"	""			
"441.90055"	"441.900552"	"39"	""			
"441.93173"	"441.931828"	"12"	""			
"442.0737"	"442.072948"	"50"	""			
"442.1664"	"442.167199"	"10"	""			
"442.18312"	"442.183175"	"28"	""			
"442.27828"	"442.278277"	"150"	""			
"442.39007"	"442.390033"	"80"	""			
"442.3933"	"442.393892"	"250"	""			
"442.51158"	"442.511403"	"49"	""			
"442.59843"	"442.598420"	"68"	""			
"442.6050"	"442.60503"	"10"	""			
"442.76544"	"442.765437"	"99"	""			
"442.7786"	"442.778663"	"40"	""			
"442.92568"	"442.925659"	"86"	""			
"442.95898"	"442.958985"	"40"	""			
"443.1628"	"443.163248"	"10"	""			
"443.2420"	"443.242039"	"20"	""			
"443.296283"	"443.296274"	"1700"	""			
"443.30134"	"443.301387"	"32"	""			
"443.3723"	"443.372260"	"20"	""			
"443.40575"	"443.405671"	"23"	""			
"443.43320"	"443.433220"	"23"	""			
"443.4516"	"443.451372"	"10"	""			
"443.48266"	"443.482650"	"74"	""			
"443.58977"	"443.58965"	"14"	""			
"443.60484"	"443.604833"	"160"	""			
"443.61425"	"443.614573"	"19"	""			
"443.628438"	"443.628440"	"240"	""			
"443.6375"	"443.637476"	"10"	""			
"443.65511"	"443.655115"	"150"	""			
"443.7722"	"443.772403"	"210"	""			
"443.90723"	"443.907139"	"16"	""			
"443.912365"	"443.912361"	"590"	""			
"444.057368"	"444.057364"	"710"	""			
"444.086588"	"444.086601"	"800"	""			
"444.1905"	"444.190116"	"20"	""			
"444.2370"	"444.236820"	"10"	""			
"444.308633"	"444.308640"	"290"	""			
"444.49823"	"444.498231"	"66"	""			
"444.7787"	"444.77912"	"83"	""			
"444.783461"	"444.783468"	"630"	""			
"444.8133"	"444.812879"	"10"	""			
"444.85541"	"444.855410"	"170"	""			
"445.10493"	"445.104925"	"33"	""			
"445.2791"	"445.279054"	"10"	""			
"445.32888"	"445.328792"	"11"	""			
"445.45133"	"445.451315"	"140"	""			
"445.50448"	"445.504458"	"34"	""			
"445.5294"	"445.528857"	"52"	""			
"445.5424"	"445.542622"	"21"	""			
"445.5576"	"445.558095"	"31"	""			
"445.57131"	"445.571336"	"39"	""			
"445.67080"	"445.670810"	"170"	""			
"445.70785"	"445.708180"	"10"	""			
"445.74418"	"445.744326"	"10"	""			
"445.75264"	"445.752430"	"11"	""			
"446.10629"	"446.106295"	"92"	""			
"446.11247"	"446.112426"	"150*"	""			
"446.17016"	"446.170018"	"63"	""			
"446.3080"	"446.308223"	"10"	""			
"446.31870"	"446.318690"	"28"	""			
"446.534060"	"446.534066"	"1300"	""			
"446.58301"	"446.582889"	"9"	""			
"446.5931"	"446.592834"	"21"	""			
"446.97533"	"446.975356"	"23"	""			
"447.00047"	"447.000483"	"14"	""			
"447.17554"	"447.175510"	"17"	""			
"447.17720"	"447.177181"	"25"	""			
"447.19764"	"447.197600"	"110"	""			
"447.2105"	"447.210289"	"10"	""			
"447.22765"	"447.227688"	"160"	""			
"447.28462"	"447.28470"	"190*"	""			
"447.40730"	"447.407297"	"220"	""			
"447.74676"	"447.74729"	"16"	""			
"447.91576"	"447.915765"	"72"	""			
"448.08142"	"448.081415"	"390"	""			
"448.0909"	"448.091309"	"21"	""			
"448.11772"	"448.117747"	"25"	""			
"448.16394"	"448.163951"	"74"	""			
"448.41038"	"448.410432"	"24"	""			
"448.4235"	"448.42343"	"21"	""			
"448.42908"	"448.429077"	"53"	""			
"448.57950"	"448.579500"	"120"	""			
"448.66285"	"448.662845"	"200"	""			
"448.749546"	"448.749544"	"920"	""			
"448.86195"	"448.862000"	"31"	""			
"448.86630"	"448.866358"	"180"	""			
"448.868092"	"448.868083"	"970"	""			
"448.95205"	"448.952083"	"51"	""			
"448.9611"	"448.96072"	"21"	""			
"449.01958"	"449.019583"	"47"	""			
"449.03518"	"449.035182"	"18"	""			
"449.13752"	"449.137576"	"16"	""			
"449.17039"	"449.170415"	"18"	""			
"449.1773"	"449.177583"	"5"	""			
"449.18791"	"449.187764"	"32"	""			
"449.22336"	"449.223349"	"140"	""			
"449.3651"	"449.364609"	"10"	""			
"449.40731"	"449.407345"	"35"	""			
"449.49616"	"449.496156"	"75"	""			
"449.52378"	"449.523754"	"51"	""			
"449.54879"	"449.548804"	"47"	""			
"449.63155"	"449.631594"	"110"	""			
"449.81035"	"449.810411"	"21"	""			
"450.6071"	"450.607646"	"22"	""			
"450.74988"	"450.75089"	"13"	""			
"450.81631"	"450.816362"	"96"	""			
"450.86392"	"450.863923"	"19"	""			
"450.8841"	"450.883909"	"11"	""			
"450.95786"	"450.957809"	"18"	""			
"451.052585"	"451.052579"	"1200"	""			
"451.09446"	"451.094454"	"23"	""			
"451.248313"	"451.248319"	"250"	""			
"451.28302"	"451.28312"	"17"	""			
"451.70351"	"451.703525"	"59*"	""			
"451.70351"	"451.703551"	"59*"	""			
"451.86373"	"451.863759"	"52"	""			
"451.9621"	"451.962140"	"11"	""			
"451.97334"	"451.973323"	"65"	""			
"451.97867"	"451.978614"	"24*"	""			
"451.97867"	"451.97887"	"24*"	""			
"452.0034"	"452.003685"	"34"	""			
"452.09458"	"452.094630"	"19"	""			
"452.27537"	"452.275456"	"30"	""			
"452.27837"	"452.278345"	"35"	""			
"452.4432"	"452.442446"	"11"	""			
"452.4560"	"452.455566"	"11"	""			
"452.483784"	"452.483790"	"260"	""			
"452.50901"	"452.509005"	"230"	""			
"452.60286"	"452.602855"	"55"	""			
"452.74434"	"452.743422"	"12"	""			
"452.77086"	"452.770788"	"57"	""			
"452.84097"	"452.840943"	"50"	""			
"452.89740"	"452.897404"	"51"	""			
"452.9067"	"452.906353"	"6"	""			
"452.9376"	"452.937237"	"23"	""			
"452.94842"	"452.948419"	"110"	""			
"453.0656"	"453.065717"	"11"	""			
"453.11944"	"453.119418"	"33"	""			
"453.16113"	"453.161139"	"19"	""			
"453.17134"	"453.171343"	"150"	""			
"453.225765"	"453.225772"	"370"	""			
"453.24307"	"453.243074"	"46"	""			
"453.3240"	"453.324848"	"590"	""			
"453.330419"	"453.330417"	"860"	""			
"453.411975"	"453.411972"	"680"	""			
"453.5708"	"453.570089"	"23"	""			
"453.64264"	"453.642574"	"20"	""			
"453.70717"	"453.707123"	"180"	""			
"453.71851"	"453.718655"	"19"	""			
"453.8182"	"453.818614"	"11"	""			
"453.88403"	"453.883957"	"18"	""			
"454.0087"	"454.009313"	"47"	""			
"454.04061"	"454.040615"	"140"	""			
"454.12056"	"454.120577"	"57"	""			
"454.16155"	"454.161576"	"24"	""			
"454.24282"	"454.242874"	"12"	""			
"454.32087"	"454.320844"	"58"	""			
"454.451414"	"454.451410"	"450"	""			
"454.48982"	"454.489830"	"110"	""			
"454.5270"	"454.526710"	"23"	""			
"454.53498"	"454.534981"	"18"	""			
"454.5824"	"454.582354"	"23"	""			
"455.03760"	"455.03771"	"16"	""			
"455.0429"	"455.042641"	"23"	""			
"455.1205"	"455.120630"	"11"	""			
"455.15414"	"455.154007"	"27"	""			
"455.2359"	"455.235897"	"23"	""			
"455.30285"	"455.302867"	"63"	""			
"455.3118"	"455.31108"	"23"	""			
"455.3162"	"455.316391"	"23"	""			
"455.38376"	"455.383759"	"77"	""			
"455.40832"	"455.408346"	"17"	""			
"455.4565"	"455.456414"	"35"	""			
"455.4657"	"455.465428"	"23"	""			
"455.47926"	"455.479155"	"14"	""			
"455.50622"	"455.506234"	"20"	""			
"455.68075"	"455.680737"	"12"	""			
"455.80285"	"455.802821"	"25"	""			
"456.03946"	"456.039443"	"43"	""			
"456.2439"	"456.243861"	"35"	""			
"456.25632"	"456.256392"	"7"	""			
"456.26321"	"456.262630"	"11"	""			
"456.32177"	"456.321754"	"130"	""			
"456.329154"	"456.329144"	"340"	""			
"456.36226"	"456.362180"	"77"	""			
"456.3727"	"456.373068"	"36"	""			
"456.41782"	"456.417813"	"140"	""			
"456.6247"	"456.62446"	"24"	""			
"456.6282"	"456.627841"	"12"	""			
"456.664967"	"456.664942"	"340"	""			
"456.8236"	"456.823556"	"24"	""			
"456.90310"	"456.90309"	"110"	""			
"456.93554"	"456.934733"	"11"	""			
"456.95718"	"456.95736"	"35*"	""			
"456.9812"	"456.980944"	"24"	""			
"457.0614"	"457.060883"	"24"	""			
"457.2935"	"457.293302"	"12"	""			
"457.370378"	"457.370374"	"330"	""			
"457.52338"	"457.523329"	"130"	""			
"457.54258"	"457.542596"	"100"	""			
"457.8995"	"457.898863"	"37"	""			
"457.92918"	"457.929207"	"46"	""			
"458.0758"	"458.075743"	"24"	""			
"458.12297"	"458.123021"	"69"	""			
"458.15820"	"458.158194"	"130"	""			
"458.1815"	"458.18218"	"12"	""			
"458.24343"	"458.243283"	"22"	""			
"458.27788"	"458.277718"	"12"	""			
"458.36544"	"458.365437"	"70"	""			
"458.4159"	"458.415254"	"12"	""			
"458.43670"	"458.436705"	"170"	""			
"458.6061"	"458.605678"	"630"	""			
"458.62723"	"458.627222"	"61"	""			
"458.66206"	"458.662039"	"38"	""			
"458.72080"	"458.720821"	"25"	""			
"458.77559"	"458.775651"	"59"	""			
"458.82252"	"458.822517"	"130"	""			
"458.91222"	"458.912216"	"260"	""			
"458.9445"	"458.944044"	"12"	""			
"458.96709"	"458.967093"	"170"	""			
"458.98362"	"458.983623"	"20"	""			
"459.2781"	"459.27815"	"100"	""			
"459.32812"	"459.328136"	"54"	""			
"459.35134"	"459.35128"	"15*"	""			
"459.35474"	"459.354726"	"33"	""			
"459.39793"	"459.397957"	"20"	""			
"459.4749"	"459.474767"	"12"	""			
"459.6937"	"459.693326"	"12"	""			
"459.7357"	"459.735381"	"12"	""			
"459.7915"	"459.79124"	"13"	""			
"459.80545"	"459.805685"	"9"	""			
"459.93538"	"459.935298"	"34"	""			
"459.9519"	"459.952236"	"7"	""			
"460.1952"	"460.195476"	"26"	""			
"460.28862"	"460.288622"	"270"	""			
"460.3907"	"460.391320"	"26"	""			
"460.4160"	"460.415556"	"26"	""			
"460.46530"	"460.465254"	"35"	""			
"460.5232"	"460.522880"	"26"	""			
"460.6299"	"460.629951"	"26"	""			
"460.65021"	"460.650209"	"150"	""			
"460.937069"	"460.937076"	"310"	""			
"461.185971"	"461.185968"	"590"	""			
"461.2168"	"461.216878"	"26"	""			
"461.3263"	"461.326362"	"26"	""			
"461.34671"	"461.346714"	"21"	""			
"461.3762"	"461.375955"	"26"	""			
"461.38755"	"461.387606"	"30"	""			
"461.39786"	"461.397813"	"26"	""			
"461.947939"	"461.947938"	"660"	""			
"461.95615"	"461.956090"	"190"	""			
"462.07258"	"462.072592"	"18"	""			
"462.28537"	"462.285625"	"9"	""			
"462.33966"	"462.339700"	"20"	""			
"462.38911"	"462.389072"	"73*"	""			
"462.38911"	"462.389252"	"73*"	""			
"462.41365"	"462.413636"	"99"	""			
"462.46776"	"462.46771"	"110*"	""			
"462.50538"	"462.505385"	"100"	""			
"462.6133"	"462.613370"	"26"	""			
"462.66074"	"462.660641"	"15"	""			
"462.6818"	"462.682071"	"13"	""			
"462.76300"	"462.762974"	"31"	""			
"462.90074"	"462.900777"	"24"	""			
"462.9375"	"462.936720"	"330"	""			
"462.97690"	"462.976909"	"78"	""			
"463.03551"	"463.035586"	"21"	""			
"463.13488"	"463.134845"	"37"	""			
"463.176167"	"463.176162"	"1300"	""			
"463.38357"	"463.383569"	"300"	""			
"463.6539"	"463.65395"	"5"	""			
"463.90930"	"463.909401"	"21"	""			
"463.970365"	"463.970363"	"300"	""			
"464.004618"	"464.004613"	"750"	""			
"464.11784"	"464.117789"	"58"	""			
"464.1435"	"464.144161"	"26"	""			
"464.20541"	"464.205456"	"28"	""			
"464.2272"	"464.226918"	"13"	""			
"464.28869"	"464.288687"	"19"	""			
"464.53760"	"464.53771"	"17"	""			
"464.55003"	"464.549975"	"24"	""			
"464.6140"	"464.61385"	"13"	""			
"464.79133"	"464.791253"	"16"	""			
"465.07579"	"465.075632"	"16"	""			
"465.08199"	"465.082077"	"270"	""			
"465.09224"	"465.092224"	"280"	""			
"465.155536"	"465.155526"	"790"	""			
"465.198955"	"465.198953"	"680"	""			
"465.24187"	"465.241898"	"22"	""			
"465.2851"	"465.285674"	"27"	""			
"465.30891"	"465.308718"	"13"	""			
"465.33065"	"465.330844"	"60"	""			
"465.48004"	"465.48029"	"15"	""			
"465.50322"	"465.503146"	"210*"	""			
"465.5727"	"465.57292"	"13"	""			
"465.6748"	"465.674940"	"27"	""			
"465.8492"	"465.849239"	"140"	""			
"465.8727"	"465.872914"	"28"	""			
"465.9799"	"465.979902"	"70"	""			
"465.9846"	"465.985000"	"14"	""			
"466.13770"	"466.137025"	"20"	""			
"466.14242"	"466.142451"	"35"	""			
"466.1500"	"466.14956"	"8"	""			
"466.3372"	"466.337469"	"14"	""			
"466.4542"	"466.454651"	"14"	""			
"466.59487"	"466.594841"	"16"	""			
"466.600506"	"466.600507"	"770"	""			
"466.69942"	"466.699438"	"88"	""			
"467.0889"	"467.088683"	"14"	""			
"467.4730"	"467.473044"	"14"	""			
"467.4816"	"467.482320"	"14"	""			
"467.52852"	"467.528685"	"15"	""			
"467.59308"	"467.593155"	"35"	""			
"467.65076"	"467.650781"	"27"	""			
"467.6680"	"467.667954"	"14"	""			
"467.6936"	"467.693029"	"43"	""			
"467.81955"	"467.819590"	"17"	""			
"467.8594"	"467.858922"	"14"	""			
"467.86264"	"467.862594"	"27"	""			
"467.9045"	"467.904326"	"14"	""			
"468.064606"	"468.064601"	"500"	""			
"468.1163"	"468.116087"	"29"	""			
"468.1649"	"468.16471"	"29"	""			
"468.3533"	"468.353255"	"14"	""			
"468.41263"	"468.412558"	"15"	""			
"468.54418"	"468.54457"	"8"	""			
"468.54984"	"468.549867"	"24"	""			
"468.58309"	"468.583090"	"27"	""			
"468.59656"	"468.596537"	"29"	""			
"468.65715"	"468.657157"	"82"	""			
"468.82768"	"468.827702"	"37"	""			
"468.916964"	"468.916969"	"980"	""			
"468.9596"	"468.959385"	"14"	""			
"469.03343"	"469.033447"	"90"	""			
"469.06847"	"469.068644"	"43"	""			
"469.10516"	"469.105153"	"210"	""			
"469.409146"	"469.409144"	"1800"	""			
"469.4282"	"469.428152"	"14"	""			
"469.4783"	"469.478951"	"72"	""			
"469.4844"	"469.484130"	"14"	""			
"469.492092"	"469.492080"	"380"	""			
"469.5835"	"469.583420"	"14"	""			
"469.87693"	"469.876940"	"69"	""			
"469.90935"	"469.909328"	"16"	""			
"469.96641"	"469.966369"	"25"	""			
"470.014019"	"470.013999"	"340"	""			
"470.0574"	"470.057202"	"14"	""			
"470.23083"	"470.230844"	"110"	""			
"470.23613"	"470.236081"	"66"	""			
"470.3404"	"470.339788"	"42"	""			
"470.3577"	"470.357536"	"14"	""			
"470.46560"	"470.465587"	"58"	""			
"470.50708"	"470.507940"	"10"	""			
"470.52986"	"470.529845"	"65"	""			
"470.56175"	"470.561751"	"280"	""			
"470.576070"	"470.576055"	"1100"	""			
"470.625108"	"470.625097"	"310"	""			
"470.75853"	"470.758490"	"16"	""			
"470.81005"	"470.810007"	"120"	""			
"470.94812"	"470.947878"	"110"	""			
"470.9598"	"470.959761"	"28"	""			
"471.1141"	"471.114432"	"28"	""			
"471.23921"	"471.239308"	"210"	""			
"471.38432"	"471.384468"	"16"	""			
"471.44187"	"471.44178"	"18"	""			
"471.48687"	"471.486855"	"16"	""			
"471.54309"	"471.543084"	"260"	""			
"471.60008"	"471.600124"	"34"	""			
"471.6606"	"471.660939"	"27"	""			
"471.7277"	"471.727685"	"13"	""			
"471.74823"	"471.74793"	"17"	""			
"471.861649"	"471.861636"	"370"	""			
"471.92537"	"471.925366"	"59"	""			
"471.99795"	"471.997949"	"250"	""			
"472.18803"	"472.188021"	"20"	""			
"472.2948"	"472.294789"	"13"	""			
"472.2974"	"472.297945"	"27"	""			
"472.378373"	"472.378353"	"2000"	""			
"472.4155"	"472.415741"	"27"	""			
"472.4553"	"472.455267"	"27"	""			
"472.477236"	"472.477226"	"520"	""			
"472.48285"	"472.482832"	"100"	""			
"472.5305"	"472.530724"	"41"	""			
"472.59429"	"472.594318"	"35"	""			
"472.6254"	"472.625564"	"27"	""			
"472.63360"	"472.633632"	"100"	""			
"472.64647"	"472.646432"	"96"	""			
"472.9084"	"472.908372"	"690"	""			
"472.987953"	"472.987944"	"410"	""			
"473.08816"	"473.088127"	"97"	""			
"473.26704"	"473.267013"	"56"	""			
"473.3023"	"473.302056"	"41"	""			
"473.41601"	"473.416910"	"20"	""			
"473.46294"	"473.463023"	"16"	""			
"473.47626"	"473.476285"	"38"	""			
"473.5245"	"473.524314"	"27"	""			
"473.5702"	"473.570444"	"27"	""			
"473.57822"	"473.578117"	"15"	""			
"473.64020"	"473.640172"	"29"	""			
"473.76579"	"473.765713"	"66"	""			
"473.98634"	"473.986397"	"53"	""			
"474.052921"	"474.052922"	"1500"	""			
"474.092769"	"474.092673"	"330*"	""			
"474.13846"	"474.138509"	"77"	""			
"474.22656"	"474.226550"	"180"	""			
"474.28924"	"474.28918"	"9"	""			
"474.368700"	"474.368536"	"450bl"	""			
"474.67253"	"474.672591"	"24"	""			
"474.75582"	"474.754932"	"26"	""			
"474.85911"	"474.859114"	"100"	""			
"475.05071"	"475.050290"	"9"	""			
"475.0559"	"475.05466"	"3"	""			
"475.1117"	"475.110879"	"26"	""			
"475.13318"	"475.133178"	"29"	""			
"475.241405"	"475.241400"	"2100"	""			
"475.38140"	"475.381481"	"13"	""			
"475.44040"	"475.44037"	"20"	""			
"475.66185"	"475.661809"	"26"	""			
"475.95854"	"475.958492"	"67"	""			
"476.00542"	"476.005463"	"20"	""			
"476.09397"	"476.093915"	"30"	""			
"476.111013"	"476.111013"	"640"	""			
"476.1353"	"476.134814"	"13"	""			
"476.1631"	"476.16311"	"0"	""			
"476.18614"	"476.186118"	"57"	""			
"476.25243"	"476.252474"	"120"	""			
"476.3398"	"476.339630"	"0"	""			
"476.37192"	"476.371906"	"25"	""			
"476.3890"	"476.389467"	"13"	""			
"476.56607"	"476.565978"	"42"	""			
"476.6016"	"476.60158"	"0"	""			
"476.69615"	"476.696146"	"68"	""			
"476.74826"	"476.748162"	"18"	""			
"476.7871"	"476.787385"	"13"	""			
"476.80578"	"476.805778"	"190"	""			
"476.81666"	"476.817112"	"140"	""			
"476.8761"	"476.876403"	"41"	""			
"476.9429"	"476.942889"	"13"	""			
"477.07451"	"477.074537"	"33"	""			
"477.0945"	"477.09433"	"0"	""			
"477.1123"	"477.11225"	"13"	""			
"477.1867"	"477.186593"	"9"	""			
"477.1952"	"477.19518"	"13"	""			
"477.31042"	"477.310433"	"73"	""			
"477.3482"	"477.347790"	"0"	""			
"477.3955"	"477.395539"	"13"	""			
"477.3991"	"477.399394"	"13"	""			
"477.425137"	"477.425134"	"950"	""			
"477.4331"	"477.432818"	"27"	""			
"477.4499"	"477.450526"	"27"	""			
"477.50661"	"477.506879"	"12"	""			
"477.5357"	"477.535837"	"41"	""			
"477.7350"	"477.734440"	"0"	""			
"477.76489"	"477.76415"	"32"	""			
"477.8547"	"477.854952"	"13"	""			
"477.8921"	"477.892050"	"13"	""			
"477.95899"	"477.958988"	"240"	""			
"478.1584"	"478.159146"	"40"	""			
"478.2204"	"478.220499"	"27"	""			
"478.276126"	"478.276119"	"500"	""			
"478.3167"	"478.316246"	"0"	""			
"478.36390"	"478.363887"	"170"	""			
"478.39097"	"478.390916"	"49"	""			
"478.45667"	"478.456576"	"16"	""			
"478.49304"	"478.493039"	"46"	""			
"478.5295"	"478.52952"	"0"	""			
"478.5724"	"478.57206"	"9"	""			
"478.73732"	"478.737340"	"62"	""			
"478.76708"	"478.767077"	"31"	""			
"478.78216"	"478.782755"	"39"	""			
"478.8375"	"478.836916"	"27"	""			
"478.99032"	"478.990407"	"17"	""			
"479.0148"	"479.014847"	"0"	""			
"479.04374"	"479.043744"	"140"	""			
"479.3669"	"479.366828"	"27"	""			
"479.4175"	"479.417761"	"13"	""			
"479.4918"	"479.491431"	"27"	""			
"479.6448"	"479.644370"	"0"	""			
"479.6511"	"479.65073"	"0"	""			
"479.75690"	"479.757543"	"21"	""			
"479.9158"	"479.915709"	"0"	""			
"479.97591"	"479.975898"	"50"	""			
"480.00545"	"480.00504"	"38"	""			
"480.017241"	"480.017238"	"360"	""			
"480.2422"	"480.242201"	"13"	""			
"480.2612"	"480.261115"	"0"	""			
"480.34871"	"480.348704"	"180"	""			
"480.39560"	"480.395606"	"200"	""			
"480.5290"	"480.52942"	"0"	""			
"480.55477"	"480.554800"	"26"	""			
"480.5880"	"480.588856"	"27"	""			
"480.59654"	"480.596543"	"42"	""			
"480.60552"	"480.605520"	"44"	""			
"480.70823"	"480.708062"	"16"	""			
"481.08763"	"481.08801"	"13"	""			
"481.1369"	"481.136808"	"27"	""			
"481.18711"	"481.187049"	"47"	""			
"481.20258"	"481.202585"	"50"	""			
"481.2449"	"481.245342"	"13"	""			
"481.2562"	"481.256649"	"13"	""			
"481.3591"	"481.359033"	"0"	""			
"481.41644"	"481.41628"	"15"	""			
"481.53895"	"481.53864"	"25"	""			
"481.5927"	"481.592705"	"0"	""			
"481.61346"	"481.61270"	"13"	""			
"481.68644"	"481.686426"	"94"	""			
"481.73201"	"481.732238"	"15"	""			
"481.78328"	"481.783272"	"44"	""			
"481.864779"	"481.864791"	"580"	""			
"481.90227"	"481.902268"	"31"	""			
"482.1035"	"482.103415"	"0"	""			
"482.12727"	"482.127280"	"220"	""			
"482.20141"	"482.201432"	"120"	""			
"482.31824"	"482.318237"	"280"	""			
"482.3319"	"482.332229"	"40"	""			
"482.36924"	"482.369145"	"66"	""			
"482.4044"	"482.404202"	"13"	""			
"482.46484"	"482.464841"	"160"	""			
"482.84651"	"482.846520"	"50"	""			
"482.89515"	"482.895185"	"15"	""			
"482.98873"	"482.988810"	"25"	""			
"483.1645"	"483.164339"	"0"	""			
"483.280278"	"483.280264"	"1300"	""			
"483.3826"	"483.38177"	"340"	""			
"483.3872"	"483.38688"	"0"	""			
"483.40297"	"483.40227"	"20"	""			
"483.61831"	"483.618309"	"54"	""			
"483.77035"	"483.770354"	"38"	""			
"483.83547"	"483.835448"	"130"	""			
"483.9104"	"483.910305"	"8"	""			
"483.9563"	"483.95622"	"0"	""			
"483.97401"	"483.974008"	"72"	""			
"484.0471"	"484.047146"	"550"	""			
"484.047447"	"484.047611"	"820bl"	""			
"484.1037"	"484.10381"	"0"	""			
"484.1320"	"484.132009"	"27"	""			
"484.1385"	"484.137804"	"13"	""			
"484.2562"	"484.256475"	"13"	""			
"484.3815"	"484.381535"	"0"	""			
"484.416541"	"484.416531"	"600"	""			
"484.42603"	"484.426064"	"42"	""			
"484.47554"	"484.475544"	"140"	""			
"484.59354"	"484.593508"	"40"	""			
"484.7887"	"484.789140"	"27"	""			
"484.88328"	"484.883269"	"17"	""			
"484.90409"	"484.904111"	"230"	""			
"484.94486"	"484.944813"	"41"	""			
"485.00268"	"485.002773"	"38"	""			
"485.043962"	"485.043955"	"1300"	""			
"485.0797"	"485.078333"	"4"	""			
"485.19088"	"485.190103"	"14"	""			
"485.4647"	"485.46519"	"13"	""			
"485.62757"	"485.627628"	"44"	""			
"485.6957"	"485.696457"	"13"	""			
"485.7159"	"485.715977"	"27"	""			
"485.80945"	"485.809449"	"110"	""			
"485.8241"	"485.824170"	"0"	""			
"485.833278"	"485.833280"	"880"	""			
"486.04238"	"486.042375"	"52"	""			
"486.15887"	"486.158787"	"45"	""			
"486.19279"	"486.193234"	"17"	""			
"486.2128"	"486.212854"	"13"	""			
"486.2203"	"486.22000"	"0"	""			
"486.3163"	"486.316412"	"4200"	""			
"486.317300"	"486.317353"	"4000bl"	""			
"486.7030"	"486.70328"	"9"	""			
"486.82742"	"486.827423"	"130"	""			
"487.21409"	"487.214120"	"30"	""			
"487.2537"	"487.253559"	"14"	""			
"487.2971"	"487.297194"	"0"	""			
"487.33517"	"487.335172"	"12"	""			
"487.4030"	"487.402638"	"14"	""			
"487.4152"	"487.415416"	"28"	""			
"487.700155"	"487.700148"	"380"	""			
"487.7421"	"487.74164"	"10"	""			
"487.75569"	"487.75475"	"18"	""			
"487.7704"	"487.770375"	"14"	""			
"487.781285"	"487.781274"	"330"	""			
"487.91565"	"487.915669"	"99"	""			
"487.9186"	"487.919108"	"0"	""			
"487.934975"	"487.934984"	"320"	""			
"488.02318"	"488.023212"	"29"	""			
"488.1106"	"488.11034"	"0"	""			
"488.19131"	"488.191052"	"22"	""			
"488.24463"	"488.244649"	"130"	""			
"488.36493"	"488.36497"	"18"	""			
"488.46832"	"488.46840"	"25"	""			
"488.5529"	"488.552030"	"14"	""			
"488.55402"	"488.554011"	"34"	""			
"488.59844"	"488.598439"	"53"	""			
"488.8365"	"488.837153"	"28"	""			
"488.8498"	"488.849677"	"28"	""			
"488.98553"	"488.985502"	"110"	""			
"489.04350"	"489.043484"	"39"	""			
"489.3517"	"489.351665"	"14"	""			
"489.4351"	"489.43505"	"0"	""			
"489.4397"	"489.439635"	"14"	""			
"489.56631"	"489.566298"	"50*"	""			
"489.6263"	"489.626850"	"6"	""			
"489.79266"	"489.793052"	"27"	""			
"489.84599"	"489.845995"	"210"	""			
"489.88044"	"489.880452"	"280"	""			
"489.91532"	"489.915354"	"76"	""			
"490.01781"	"490.017331"	"29"	""			
"490.31301"	"490.312987"	"40"	""			
"490.3312"	"490.332438"	"9"	""			
"490.6064"	"490.606633"	"8"	""			
"491.03176"	"491.031726"	"43"	""			
"491.0418"	"491.041716"	"0"	""			
"491.08123"	"491.08125"	"180"	""			
"491.11358"	"491.113580"	"120"	""			
"491.14512"	"491.145102"	"84"	""			
"491.252928"	"491.252927"	"930"	""			
"491.41210"	"491.412100"	"110"	""			
"491.74663"	"491.746725"	"35"	""			
"491.981584"	"491.981584"	"5000"	""			
"492.052503"	"492.052508"	"410"	""			
"492.05615"	"492.056115"	"180"	""			
"492.08383"	"492.083610"	"11"	""			
"492.0899"	"492.08984"	"8"	""			
"492.161347"	"492.161342"	"1000"	""			
"492.1876"	"492.187363"	"0"	""			
"492.294426"	"492.294423"	"440"	""			
"492.34307"	"492.341926"	"11"	""			
"492.442238"	"492.442227"	"420"	""			
"492.47969"	"492.479677"	"47"	""			
"492.49990"	"492.499908"	"78"	""			
"492.54255"	"492.542574"	"260"	""			
"492.57903"	"492.579023"	"180"	""			
"492.75095"	"492.751331"	"14"	""			
"492.75827"	"492.758171"	"53*"	""			
"492.75827"	"492.758286"	"53*"	""			
"492.93742"	"492.937389"	"54"	""			
"492.96942"	"492.969476"	"15"	""			
"492.998502"	"492.998478"	"400"	""			
"493.23446"	"493.234496"	"33"	""			
"493.25286"	"493.252748"	"77*"	""			
"493.25865"	"493.258358"	"24"	""			
"493.34800"	"493.347986"	"78"	""			
"493.35658"	"493.356588"	"110"	""			
"493.385216"	"493.385226"	"650"	""			
"493.45325"	"493.453260"	"29"	""			
"493.69604"	"493.69687"	"14"	""			
"493.7405"	"493.740542"	"27"	""			
"493.7962"	"493.796509"	"27"	""			
"493.9808"	"493.981205"	"68"	""			
"493.99527"	"493.994896"	"17"	""			
"494.1621"	"494.16250"	"13"	""			
"494.2616"	"494.260988"	"41"	""			
"494.28451"	"494.284457"	"58"	""			
"494.5249"	"494.524482"	"27"	""			
"494.58612"	"494.586101"	"59"	""			
"494.757525"	"494.757525"	"800"	""			
"494.99577"	"494.995919"	"29"	""			
"495.01658"	"495.016592"	"53"	""			
"495.062640"	"495.062633"	"1000"	""			
"495.1388"	"495.138793"	"10"	""			
"495.18278"	"495.183091"	"20"	""			
"495.43400"	"495.433342"	"22"	""			
"495.455704"	"495.455688"	"380"	""			
"495.466061"	"495.466066"	"500"	""			
"495.5960"	"495.59535"	"27"	""			
"495.6370"	"495.637805"	"13"	""			
"495.6836"	"495.68389"	"68"	""			
"495.87241"	"495.872419"	"100"	""			
"495.8974"	"495.897615"	"13"	""			
"495.9438"	"495.943282"	"40"	""			
"495.9738"	"495.974369"	"13"	""			
"496.04949"	"496.049483"	"270"	""			
"496.29633"	"496.296320"	"150"	""			
"496.318813"	"496.318974"	"330*"	""			
"496.3550"	"496.354657"	"40"	""			
"496.37874"	"496.378684"	"50"	""			
"496.411853"	"496.411860"	"420"	""			
"496.49806"	"496.498031"	"27"	""			
"496.70628"	"496.706271"	"55"	""			
"496.8377"	"496.837530"	"26"	""			
"496.875562"	"496.875396"	"410bl"	""			
"496.91281"	"496.912901"	"48"	""			
"497.00291"	"497.002919"	"220"	""			
"497.1186"	"497.118027"	"26"	""			
"497.21772"	"497.217718"	"200"	""			
"497.26058"	"497.260564"	"67"	""			
"497.26784"	"497.267843"	"32"	""			
"497.3050"	"497.305497"	"110"	""			
"497.3092"	"497.30965"	"67"	""			
"497.33928"	"497.339319"	"210"	""			
"497.34289"	"497.342881"	"110"	""			
"497.3596"	"497.360485"	"67"	""			
"497.3769"	"497.377368"	"67"	""			
"497.4441"	"497.44455"	"13"	""			
"497.47387"	"497.473630"	"13"	""			
"497.4994"	"497.499596"	"11"	""			
"497.5572"	"497.558060"	"40"	""			
"497.59485"	"497.594856"	"270"	""			
"497.65938"	"497.659374"	"160"	""			
"497.80343"	"497.803497"	"26"	""			
"497.8308"	"497.831029"	"26"	""			
"497.9135"	"497.913845"	"67"	""			
"497.9438"	"497.943774"	"13"	""			
"497.95620"	"497.956146"	"29"	""			
"497.9976"	"497.997670"	"40"	""			
"498.095132"	"498.095134"	"300"	""			
"498.1228"	"498.122612"	"40"	""			
"498.4301"	"498.430018"	"13"	""			
"498.6029"	"498.603366"	"53"	""			
"498.60483"	"498.60448"	"15"	""			
"498.63346"	"498.63369"	"34*"	""			
"498.714702"	"498.714727"	"560"	""			
"499.00324"	"499.003231"	"83"	""			
"499.0472"	"499.047292"	"9"	""			
"499.1007"	"499.100517"	"130"	""			
"499.1925"	"499.192274"	"39"	""			
"499.2275"	"499.227310"	"26"	""			
"499.39419"	"499.394207"	"33"	""			
"499.6873"	"499.68632"	"65"	""			
"499.6982"	"499.697933"	"39"	""			
"499.73265"	"499.732637"	"40"	""			
"499.76677"	"499.766797"	"110"	""			
"499.78190"	"499.781897"	"150"	""			
"499.91054"	"499.910547"	"49"	""			
"499.99399"	"499.993985"	"350"	""			
"500.25677"	"500.256756"	"33"	""			
"500.35018"	"500.35029"	"22"	""			
"500.5738"	"500.57384"	"25"	""			
"500.6821"	"500.682083"	"38"	""			
"500.73791"	"500.737912"	"25"	""			
"500.81898"	"500.818996"	"110"	""			
"500.8377"	"500.838672"	"12"	""			
"500.9078"	"500.907756"	"25"	""			
"500.94484"	"500.944836"	"45"	""			
"500.99762"	"500.997623"	"70"	""			
"501.35972"	"501.359692"	"29"	""			
"501.3994"	"501.39926"	"12"	""			
"501.588942"	"501.588939"	"800"	""			
"501.725419"	"501.725420"	"2200"	""			
"501.8220"	"501.821931"	"25"	""			
"501.93241"	"501.932418"	"320"	""			
"501.9614"	"501.960650"	"25"	""			
"502.05459"	"502.054642"	"170"	""			
"502.17554"	"502.175559"	"44"	""			
"502.30477"	"502.304760"	"74"	""			
"502.58622"	"502.586200"	"28"	""			
"502.6083"	"502.608682"	"7"	""			
"502.6238"	"502.623296"	"9"	""			
"502.860554"	"502.860566"	"1300"	""			
"502.96296"	"502.962965"	"240"	""			
"503.2373"	"503.23853"	"11"	""			
"503.33102"	"503.331050"	"38"	""			
"503.39010"	"503.39021"	"27"	""			
"503.5269"	"503.52702"	"15"	""			
"503.72816"	"503.728120"	"36"	""			
"503.7729"	"503.77284"	"25"	""			
"504.0555"	"504.05454"	"100"	""			
"504.3103"	"504.31022"	"7"	""			
"504.74283"	"504.742867"	"230"	""			
"504.979609"	"504.979611"	"2400"	""			
"505.1180"	"505.118331"	"11"	""			
"505.13428"	"505.134283"	"85"	""			
"505.21745"	"505.217705"	"24"	""			
"505.3309"	"505.331860"	"50"	""			
"505.534734"	"505.534735"	"960"	""			
"505.6306"	"505.63172"	"15"	""			
"505.64470"	"505.64554"	"17"	""			
"505.7848"	"505.784521"	"24"	""			
"505.856009"	"505.856007"	"460"	""			
"505.85920"	"505.859234"	"230"	""			
"506.122261"	"506.122271"	"380"	""			
"506.28243"	"506.283483"	"19"	""			
"506.43343"	"506.433427"	"230"	""			
"506.68370"	"506.683558"	"33"	""			
"506.76602"	"506.766173"	"27"	""			
"506.8239"	"506.82297"	"0"	""			
"506.9856"	"506.98600"	"10"	""			
"507.17535"	"507.175363"	"60"	""			
"507.2331"	"507.23315"	"0"	""			
"507.24778"	"507.247762"	"26"	""			
"507.26289"	"507.262897"	"93"	""			
"507.30912"	"507.309162"	"30"	""			
"507.3982"	"507.398015"	"15"	""			
"507.54659"	"507.546601"	"190"	""			
"507.61424"	"507.614476"	"16"	""			
"507.6196"	"507.61874"	"0"	""			
"507.65922"	"507.659058"	"46*"	""			
"507.91374"	"507.913754"	"79"	""			
"508.10841"	"508.109268"	"17"	""			
"508.51224"	"508.512193"	"40"	""			
"508.7503"	"508.750071"	"24"	""			
"508.82907"	"508.829057"	"26"	""			
"508.92193"	"508.921912"	"72"	""			
"509.30874"	"509.308712"	"42"	""			
"509.41066"	"509.410656"	"240"	""			
"509.65776"	"509.656898"	"25"	""			
"509.804320"	"509.804337"	"680"	""			
"509.86584"	"509.865868"	"29"	""			
"510.07370"	"510.073494"	"50"	""			
"510.37653"	"510.376500"	"64"	""			
"510.3931"	"510.39273"	"14"	""			
"510.45664"	"510.456653"	"79"	""			
"510.63223"	"510.632184"	"25"	""			
"510.72364"	"510.723660"	"27"	""			
"510.8743"	"510.87468"	"0"	""			
"511.07172"	"511.07218"	"42"	""			
"511.08638"	"511.086395"	"300"	""			
"511.33822"	"511.338194"	"220"	""			
"511.43876"	"511.43936"	"24"	""			
"511.9564"	"511.956953"	"0"	""			
"512.04561"	"512.04543"	"25"	""			
"512.24493"	"512.244849"	"31"	""			
"512.28966"	"512.289756"	"26"	""			
"512.31570"	"512.31565"	"26"	""			
"512.3485"	"512.348285"	"8"	""			
"512.4430"	"512.443475"	"34"	""			
"512.98452"	"512.984514"	"74"	""			
"513.10721"	"513.107183"	"300"	""			
"513.1490"	"513.149352"	"46"	""			
"513.22390"	"513.223880"	"60"	""			
"513.5232"	"513.52239"	"120"	""			
"513.9771"	"513.97690"	"6"	""			
"514.0065"	"514.00686"	"10"	""			
"514.07172"	"514.071802"	"290"	""			
"514.326734"	"514.326730"	"900"	""			
"514.4145"	"514.41437"	"15"	""			
"514.503837"	"514.503831"	"530"	""			
"514.70881"	"514.708787"	"26"	""			
"514.7464"	"514.745433"	"12"	""			
"514.7962"	"514.796072"	"15"	""			
"514.821149"	"514.821159"	"910"	""			
"515.07262"	"515.072728"	"35"	""			
"515.16916"	"515.168906"	"95bl"	""			
"515.18593"	"515.185916"	"260"	""			
"515.34268"	"515.34309"	"23"	""			
"515.35173"	"515.351718"	"71"	""			
"515.3605"	"515.362043"	"7"	""			
"515.48985"	"515.489866"	"130"	""			
"515.91562"	"515.915658"	"16"	""			
"515.9781"	"515.977584"	"0"	""			
"516.0361"	"516.03689"	"11"	""			
"516.069321"	"516.069339"	"780*"	""			
"516.68789"	"516.687896"	"42"	""			
"516.69236"	"516.69221"	"40*"	""			
"516.69236"	"516.692492"	"40*"	""			
"516.78779"	"516.78782"	"39"	""			
"516.9684"	"516.969138"	"21"	""			
"517.02227"	"517.022273"	"220"	""			
"517.29175"	"517.291757"	"68"	""			
"517.45776"	"517.457689"	"20"	""			
"517.5073"	"517.507286"	"21"	""			
"517.67290"	"517.673133"	"26"	""			
"517.70803"	"517.707933"	"85"	""			
"517.7097"	"517.709106"	"0"	""			
"517.9999"	"517.99953"	"8"	""			
"518.1308"	"518.13152"	"8"	""			
"518.19878"	"518.198759"	"37"	""			
"518.252695"	"518.252695"	"560"	""			
"518.32901"	"518.328953"	"26"	""			
"518.398965"	"518.398961"	"570"	""			
"518.46388"	"518.463893"	"53"	""			
"518.47315"	"518.473132"	"170"	""			
"518.6094"	"518.60936"	"8"	""			
"518.74677"	"518.746778"	"240"	""			
"518.83656"	"518.836564"	"190"	""			
"518.96772"	"518.967722"	"130"	""			
"519.087201"	"519.087207"	"740"	""			
"519.382561"	"519.382568"	"600"	""			
"519.4144"	"519.414075"	"13"	""			
"519.42465"	"519.423548"	"17"	""			
"519.52760"	"519.527455"	"18"	""			
"519.60446"	"519.604325"	"46"	""			
"519.6520"	"519.653104"	"12"	""			
"519.7691"	"519.76908"	"12"	""			
"519.88420"	"519.884165"	"360"	""			
"520.49905"	"520.499071"	"59"	""			
"520.57787"	"520.577882"	"320"	""			
"520.649562"	"520.649552"	"650"	""			
"520.66625"	"520.666263"	"330"	""			
"520.8138"	"520.81464"	"14"	""			
"521.05748"	"521.057582"	"92"	""			
"521.15781"	"521.157684"	"37"	""			
"521.41613"	"521.416159"	"180"	""			
"521.659671"	"521.659664"	"850"	""			
"521.852705"	"521.852704"	"460"	""			
"521.99647"	"521.996390"	"47"	""			
"522.41226"	"522.412245"	"54"	""			
"522.5074"	"522.507616"	"27"	""			
"522.55830"	"522.558268"	"51"	""			
"522.76454"	"522.764518"	"19"	""			
"523.1715"	"523.172015"	"26"	""			
"523.20139"	"523.201372"	"140"	""			
"523.2985"	"523.29935"	"0"	""			
"523.322543"	"523.322545"	"990"	""			
"523.64276"	"523.642774"	"43"	""			
"523.67437"	"523.674382"	"37"	""			
"523.76280"	"523.762840"	"74"	""			
"523.79034"	"523.790326"	"190"	""			
"524.019671"	"524.019682"	"640"	""			
"524.20893"	"524.208925"	"160"	""			
"524.41089"	"524.410742"	"28"	""			
"524.68712"	"524.687179"	"37"	""			
"524.765461"	"524.765463"	"1900"	""			
"524.8668"	"524.86607"	"7"	""			
"524.8855"	"524.885455"	"25"	""			
"524.9657"	"524.966704"	"25"	""			
"524.9853"	"524.98579"	"16"	""			
"525.1930"	"525.192025"	"33"	""			
"525.2280"	"525.22784"	"25"	""			
"525.27554"	"525.275569"	"35"	""			
"525.3249"	"525.325399"	"41"	""			
"525.3443"	"525.345219"	"830bl"	""			
"525.3939"	"525.393550"	"16"	""			
"525.5474"	"525.54818"	"11"	""			
"525.59741"	"525.597409"	"30"	""			
"525.8471"	"525.84734"	"65"	""			
"526.0862"	"526.086582"	"15"	""			
"526.3128"	"526.311519"	"12"	""			
"526.49558"	"526.495621"	"71"	""			
"526.7030"	"526.704112"	"31"	""			
"526.7365"	"526.736397"	"78"	""			
"526.8737"	"526.873244"	"120"	""			
"526.8931"	"526.893270"	"15"	""			
"526.93855"	"526.93857"	"41*"	""			
"526.93855"	"526.938638"	"41*"	""			
"526.96446"	"526.964456"	"22"	""			
"527.0124"	"527.01178"	"15"	""			
"527.0736"	"527.07354"	"16"	""			
"527.1620"	"527.16130"	"15"	""			
"527.26439"	"527.264374"	"150"	""			
"527.4297"	"527.43103"	"12"	""			
"527.5447"	"527.544399"	"23"	""			
"527.5775"	"527.576934"	"23"	""			
"527.6275"	"527.62850"	"16"	""			
"527.64090"	"527.640893"	"150"	""			
"527.72137"	"527.721410"	"38"	""			
"527.750021"	"527.750027"	"1300"	""			
"527.8228"	"527.822643"	"15"	""			
"527.8377"	"527.837828"	"10"	""			
"528.00856"	"528.008497"	"41"	""			
"528.02785"	"528.027847"	"47"	""			
"528.4295"	"528.430513"	"9"	""			
"528.45421"	"528.454212"	"96"	""			
"528.4758"	"528.475587"	"58"	""			
"528.7963"	"528.796163"	"21"	""			
"528.9503"	"528.950409"	"35"	""			
"528.98974"	"528.989753"	"270"	""			
"529.0650"	"529.066143"	"18"	""			
"529.1133"	"529.113464"	"21"	""			
"529.18997"	"529.189819"	"35"	""			
"529.2919"	"529.292674"	"110"	""			
"529.4826"	"529.483080"	"14"	""			
"529.56159"	"529.561665"	"100*"	""			
"529.6676"	"529.667795"	"68"	""			
"530.06593"	"530.06613"	"45"	""			
"530.0969"	"530.097063"	"13"	""			
"530.14043"	"530.140441"	"360"	""			
"530.1649"	"530.165076"	"20"	""			
"530.30489"	"530.304870"	"200"	""			
"530.46227"	"530.462286"	"91"	""			
"530.4675"	"530.468034"	"100"	""			
"530.5495"	"530.548768"	"27"	""			
"530.55771"	"530.557722"	"200"	""			
"530.6033"	"530.602429"	"6"	""			
"530.746550"	"530.746550"	"890"	""			
"530.7710"	"530.77092"	"13"	""			
"530.81529"	"530.815272"	"28"	""			
"530.84319"	"530.843186"	"88"	""			
"530.97312"	"530.973099"	"38"	""			
"531.0103"	"531.009594"	"27"	""			
"531.026668"	"531.026660"	"670"	""			
"531.08662"	"531.086611"	"130"	""			
"531.3612"	"531.36137"	"54"	""			
"531.5755"	"531.57606"	"6"	""			
"531.84268"	"531.842668"	"280"	""			
"532.0494"	"532.04924"	"13"	""			
"532.07699"	"532.076984"	"290"	""			
"532.0991"	"532.099292"	"54"	""			
"532.13159"	"532.131547"	"36*"	""			
"532.2432"	"532.243213"	"27"	""			
"532.2464"	"532.247202"	"20"	""			
"532.4043"	"532.40395"	"20"	""			
"532.4650"	"532.464475"	"140"	""			
"532.514385"	"532.514386"	"840"	""			
"532.5559"	"532.556255"	"20"	""			
"532.93745"	"532.937435"	"440"	""			
"532.94710"	"532.947181"	"120*"	""			
"532.97559"	"532.975571"	"190"	""			
"533.1226"	"533.122825"	"13"	""			
"533.3163"	"533.315970"	"100"	""			
"533.70977"	"533.709647"	"26"	""			
"533.99639"	"533.996495"	"27"	""			
"534.2373"	"534.237446"	"13"	""			
"534.3297"	"534.329096"	"100"	""			
"534.4244"	"534.42410"	"26"	""			
"534.5000"	"534.499768"	"100"	""			
"534.63778"	"534.637772"	"270"	""			
"534.70112"	"534.701032"	"45"	""			
"534.70443"	"534.704414"	"130"	""			
"534.74307"	"534.74315"	"26"	""			
"534.9401"	"534.93999"	"6"	""			
"535.0495"	"535.048513"	"13"	""			
"535.1325"	"535.131772"	"66"	""			
"535.1452"	"535.14492"	"53"	""			
"535.1614"	"535.161272"	"26"	""			
"535.2334"	"535.234498"	"20"	""			
"535.4747"	"535.47426"	"13"	""			
"535.6199"	"535.61907"	"20"	""			
"535.64648"	"535.646460"	"32"	""			
"535.7446"	"535.74420"	"6"	""			
"535.7832"	"535.78303"	"33"	""			
"536.14101"	"536.141042"	"78"	""			
"536.1766"	"536.175555"	"13"	""			
"536.22506"	"536.225004"	"140"	""			
"536.36074"	"536.360671"	"90"	""			
"536.41718"	"536.417124"	"33"	""			
"536.4362"	"536.43630"	"10"	""			
"536.91698"	"536.916915"	"78"	""			
"537.2397"	"537.238671"	"13"	""			
"537.24555"	"537.245603"	"49*"	""			
"537.29398"	"537.294020"	"30"	""			
"537.3148"	"537.314132"	"27"	""			
"537.3223"	"537.322138"	"54"	""			
"537.535246"	"537.535249"	"680"	""			
"537.576884"	"537.576882"	"610"	""			
"537.67485"	"537.674689"	"140"	""			
"538.0211"	"538.021447"	"54"	""			
"538.292741"	"538.292750"	"590"	""			
"538.3746"	"538.373972"	"13"	""			
"538.40356"	"538.403559"	"260"	""			
"538.5164"	"538.516149"	"12"	""			
"538.5731"	"538.572967"	"55"	""			
"538.64200"	"538.642159"	"28"	""			
"538.6476"	"538.647040"	"55"	""			
"538.67885"	"538.678968"	"96"	""			
"538.89061"	"538.890602"	"67"	""			
"538.9126"	"538.91282"	"110"	""			
"538.94566"	"538.945783"	"47"	""			
"538.9913"	"538.990871"	"14"	""			
"539.0197"	"539.019697"	"70"	""			
"539.046715"	"539.046707"	"940"	""			
"539.0658"	"539.06637"	"7"	""			
"539.10761"	"539.107596"	"190"	""			
"539.1942"	"539.19397"	"14"	""			
"539.23577"	"539.235778"	"34"	""			
"539.257275"	"539.257268"	"770"	""			
"539.31126"	"539.311270"	"60"	""			
"539.6539"	"539.653811"	"14"	""			
"539.6705"	"539.671382"	"21"	""			
"539.6902"	"539.69057"	"13"	""			
"540.0865"	"540.086424"	"6"	""			
"540.1733"	"540.17297"	"15"	""			
"540.2780"	"540.27792"	"7"	""			
"540.52097"	"540.520950"	"49"	""			
"540.63348"	"540.633382"	"27"	""			
"540.7078"	"540.70769"	"14"	""			
"541.0258"	"541.02570"	"73"	""			
"541.1005"	"541.10028"	"14"	""			
"541.28106"	"541.280994"	"27"	""			
"541.3139"	"541.312670"	"5"	""			
"541.3805"	"541.379743"	"150"	""			
"541.45246"	"541.452698"	"93*"	""			
"541.543290"	"541.543290"	"780"	""			
"541.9658"	"541.965260"	"22"	""			
"542.12086"	"542.120886"	"69"	""			
"542.18359"	"542.183610"	"370"	""			
"542.41397"	"542.414162"	"100*"	""			
"542.4801"	"542.479952"	"5"	""			
"542.567827"	"542.567830"	"1200"	""			
"542.62615"	"542.626159"	"40"	""			
"542.6526"	"542.651977"	"7"	""			
"542.7835"	"542.784334"	"7"	""			
"542.8048"	"542.803903"	"60"	""			
"542.8961"	"542.895559"	"74"	""			
"543.14180"	"543.141887"	"29"	""			
"543.1774"	"543.176624"	"74"	""			
"543.2580"	"543.257666"	"74"	""			
"543.32920"	"543.329209"	"160"	""			
"543.37005"	"543.370060"	"200"	""			
"543.49460"	"543.494478"	"34*"	""			
"543.49460"	"543.494660"	"34*"	""			
"543.51229"	"543.512271"	"340"	""			
"543.57236"	"543.572362"	"180"	""			
"543.589251"	"543.589247"	"930"	""			
"543.64980"	"543.64995"	"81"	""			
"543.738774"	"543.738789"	"690"	""			
"544.1298"	"544.130326"	"36"	""			
"544.2943"	"544.29423"	"7"	""			
"544.311874"	"544.311876"	"600"	""			
"544.3999"	"544.399795"	"21"	""			
"544.4371"	"544.437316"	"21"	""			
"544.4589"	"544.458764"	"14"	""			
"544.4792"	"544.478907"	"36"	""			
"544.60232"	"544.602361"	"50"	""			
"544.68075"	"544.680753"	"50"	""			
"544.7313"	"544.731533"	"370"	""			
"544.947878"	"544.947881"	"1100"	""			
"544.98974"	"544.989705"	"83"	""			
"545.08846"	"545.08891"	"29"	""			
"545.2334"	"545.233718"	"110"	""			
"545.2518"	"545.252602"	"37"	""			
"545.3355"	"545.33553"	"14"	""			
"545.4851"	"545.48362"	"12"	""			
"545.56089"	"545.560358"	"69"	""			
"545.80946"	"545.810374"	"26"	""			
"545.8403"	"545.840976"	"30"	""			
"545.8809"	"545.88229"	"7"	""			
"546.0349"	"546.036475"	"8"	""			
"546.0456"	"546.045558"	"14"	""			
"546.11564"	"546.115705"	"36"	""			
"546.1399"	"546.14011"	"11"	""			
"546.17358"	"546.173567"	"430"	""			
"546.1890"	"546.189024"	"150"	""			
"546.261293"	"546.261288"	"510"	""			
"546.4787"	"546.478720"	"6"	""			
"546.6266"	"546.626953"	"30"	""			
"546.6685"	"546.668532"	"15"	""			
"546.8740"	"546.873903"	"21"	""			
"546.9708"	"546.970849"	"15"	""			
"547.0937"	"547.093451"	"110"	""			
"547.13888"	"547.138904"	"34*"	""			
"547.13888"	"547.138926"	"34*"	""			
"547.34086"	"547.340849"	"100"	""			
"547.3616"	"547.361647"	"22"	""			
"547.4125"	"547.41213"	"6"	""			
"547.486497"	"547.486476"	"500"	""			
"547.70541"	"547.705391"	"55"	""			
"547.8132"	"547.81340"	"14"	""			
"547.96859"	"547.96854"	"26"	""			
"548.08908"	"548.089084"	"140"	""			
"548.14813"	"548.148156"	"70*"	""			
"548.19630"	"548.196275"	"57"	""			
"548.24042"	"548.24036"	"37*"	""			
"548.24042"	"548.240366"	"37*"	""			
"548.33506"	"548.334504"	"71"	""			
"548.41209"	"548.411994"	"74"	""			
"548.41468"	"548.414673"	"440"	""			
"548.4268"	"548.42636"	"110"	""			
"548.4615"	"548.460544"	"22"	""			
"548.6181"	"548.618187"	"10"	""			
"548.6917"	"548.692197"	"150"	""			
"548.7133"	"548.71318"	"15"	""			
"548.7426"	"548.74270"	"7"	""			
"548.8518"	"548.85083"	"15"	""			
"548.86288"	"548.862872"	"420"	""			
"548.89255"	"548.892515"	"300"	""			
"548.9452"	"548.945919"	"22"	""			
"548.9623"	"548.962278"	"76"	""			
"549.1532"	"549.15328"	"23"	""			
"549.20644"	"549.206336"	"40*"	""			
"549.20644"	"549.20665"	"40*"	""			
"549.3931"	"549.392417"	"15"	""			
"549.45616"	"549.456133"	"130"	""			
"549.58083"	"549.580823"	"87"	""			
"549.6464"	"549.647006"	"15"	""			
"549.77537"	"549.775368"	"30"	""			
"550.1543"	"550.155193"	"190"	""			
"550.19440"	"550.194346"	"300"	""			
"550.2034"	"550.204450"	"15"	""			
"550.32657"	"550.32696"	"130"	""			
"550.4964"	"550.49636"	"22"	""			
"550.6334"	"550.632915"	"22"	""			
"550.79552"	"550.795524"	"80"	""			
"551.06833"	"551.068328"	"200"	""			
"551.2191"	"551.220186"	"60"	""			
"551.3871"	"551.387082"	"60"	""			
"551.4438"	"551.44344"	"30"	""			
"551.4743"	"551.47335"	"75"	""			
"551.77953"	"551.779519"	"43"	""			
"551.87242"	"551.872430"	"42"	""			
"552.03420"	"552.034239"	"34"	""			
"552.0753"	"552.07615"	"75"	""			
"552.3431"	"552.342660"	"150"	""			
"552.42188"	"552.421860"	"230"	""			
"552.46305"	"552.463025"	"180"	""			
"552.80039"	"552.800431"	"56*"	""			
"552.9651"	"552.96486"	"37"	""			
"552.9781"	"552.977921"	"14"	""			
"553.06978"	"553.069770"	"220"	""			
"553.2179"	"553.218084"	"110"	""			
"553.31464"	"553.314656"	"150"	""			
"553.71307"	"553.712979"	"300"	""			
"553.7663"	"553.76665"	"7"	""			
"553.84937"	"553.849379"	"190"	""			
"553.991055"	"553.991061"	"1700"	""			
"554.0102"	"554.010104"	"60"	""			
"554.2472"	"554.24768"	"37"	""			
"554.27572"	"554.276012"	"27"	""			
"554.3373"	"554.337306"	"14"	""			
"554.3672"	"554.36636"	"15"	""			
"554.4405"	"554.440534"	"30"	""			
"554.5323"	"554.53144"	"30"	""			
"554.61204"	"554.612040"	"260"	""			
"554.6494"	"554.649297"	"14"	""			
"554.7824"	"554.782013"	"22"	""			
"554.8516"	"554.851524"	"150"	""			
"555.137202"	"555.137203"	"660"	""			
"555.1515"	"555.15165"	"22"	""			
"555.3347"	"555.333407"	"6"	""			
"555.5112"	"555.511676"	"8"	""			
"555.61487"	"555.614905"	"230"	""			
"555.73085"	"555.730898"	"250"	""			
"555.91427"	"555.914483"	"69"	""			
"556.0054"	"556.006036"	"110"	""			
"556.0339"	"556.03434"	"36"	""			
"556.0547"	"556.055336"	"12"	""			
"556.33745"	"556.337285"	"59"	""			
"556.420118"	"556.420140"	"700"	""			
"556.43690"	"556.436975"	"93"	""			
"556.50080"	"556.500815"	"81"	""			
"556.5106"	"556.510668"	"19"	""			
"556.6730"	"556.672751"	"22"	""			
"556.7393"	"556.739188"	"13"	""			
"556.80133"	"556.801322"	"370"	""			
"557.38709"	"557.387123"	"79"	""			
"557.4876"	"557.487406"	"36"	""			
"557.5264"	"557.526338"	"14"	""			
"557.6510"	"557.65130"	"14"	""			
"557.7489"	"557.748967"	"150"	""			
"557.7905"	"557.78991"	"190"	""			
"558.12826"	"558.128380"	"26"	""			
"558.3074"	"558.30754"	"14"	""			
"558.376213"	"558.376233"	"620"	""			
"558.41667"	"558.416524"	"92"	""			
"558.5121"	"558.511829"	"29"	""			
"558.6453"	"558.645311"	"300"	""			
"558.6658"	"558.665426"	"59"	""			
"558.77351"	"558.773533"	"150"	""			
"558.7856"	"558.785424"	"20"	""			
"558.8662"	"558.866506"	"29"	""			
"558.88686"	"558.886911"	"250"	""			
"558.9671"	"558.966816"	"13"	""			
"559.1124"	"559.111815"	"7"	""			
"559.1270"	"559.126103"	"22"	""			
"559.2125"	"559.211907"	"22"	""			
"559.2796"	"559.280120"	"37"	""			
"559.32683"	"559.326894"	"140"	""			
"559.3480"	"559.347530"	"120"	""			
"559.4583"	"559.457926"	"160"	""			
"559.56097"	"559.561031"	"170"	""			
"559.6152"	"559.615844"	"81"	""			
"559.9300"	"559.930137"	"120"	""			
"560.04670"	"560.046805"	"580"	""			
"560.1136"	"560.113148"	"24"	""			
"560.451562"	"560.451574"	"1100"	""			
"560.4666"	"560.467041"	"120"	""			
"560.5247"	"560.523823"	"120"	""			
"560.6539"	"560.65367"	"66"	""			
"560.8100"	"560.80970"	"66"	""			
"560.9300"	"560.929602"	"170"	""			
"561.1144"	"561.11433"	"8"	""			
"561.1775"	"561.177121"	"24"	""			
"561.26174"	"561.26187"	"330*"	""			
"561.4187"	"561.41878"	"24"	""			
"561.4337"	"561.433809"	"24"	""			
"561.5008"	"561.49996"	"82"	""			
"561.5635"	"561.56289"	"120"	""			
"561.57287"	"561.572903"	"270"	""			
"561.7217"	"561.72159"	"18"	""			
"561.9422"	"561.942322"	"15"	""			
"562.0918"	"562.091652"	"120"	""			
"562.4146"	"562.41481"	"79"	""			
"562.4467"	"562.446907"	"12"	""			
"562.4667"	"562.46660"	"18"	""			
"562.5495"	"562.549751"	"7"	""			
"562.60599"	"562.606015"	"110"	""			
"562.6085"	"562.60791"	"23"	""			
"562.67369"	"562.673748"	"91"	""			
"562.8568"	"562.85680"	"7"	""			
"562.8624"	"562.862280"	"23"	""			
"562.8963"	"562.89614"	"7"	""			
"562.9174"	"562.917327"	"23"	""			
"562.9731"	"562.972940"	"16"	""			
"562.9856"	"562.986529"	"16"	""			
"563.0231"	"563.022179"	"41"	""			
"563.0411"	"563.041014"	"82"	""			
"563.0589"	"563.058723"	"24"	""			
"563.1111"	"563.11097"	"24"	""			
"563.2036"	"563.203594"	"120"	""			
"563.28725"	"563.287245"	"190"	""			
"563.36500"	"563.364948"	"38"	""			
"563.4221"	"563.422090"	"120"	""			
"563.5409"	"563.54084"	"16"	""			
"563.974629"	"563.974631"	"2800"	""			
"564.0081"	"564.007548"	"430"	""			
"564.3596"	"564.35935"	"8"	""			
"564.4231"	"564.423017"	"8"	""			
"564.5084"	"564.50824"	"17"	""			
"564.58499"	"564.584992"	"110"	""			
"564.58948"	"564.589493"	"550"	""			
"564.6359"	"564.636022"	"69"	""			
"564.7108"	"564.711986"	"17"	""			
"564.7878"	"564.787760"	"8"	""			
"564.88561"	"564.885630"	"71"	""			
"564.9218"	"564.92168"	"17"	""			
"565.1446"	"565.144428"	"17"	""			
"565.2164"	"565.216426"	"44"	""			
"565.2433"	"565.24338"	"17"	""			
"565.2664"	"565.26622"	"35"	""			
"565.29020"	"565.290253"	"140"	""			
"565.3209"	"565.320916"	"17"	""			
"565.3915"	"565.39075"	"8"	""			
"565.40234"	"565.402370"	"340"	""			
"565.45185"	"565.45181"	"230"	""			
"565.4607"	"565.460801"	"9"	""			
"565.71804"	"565.718099"	"120"	""			
"565.7295"	"565.72928"	"18"	""			
"566.00163"	"566.001576"	"62"	""			
"566.3445"	"566.345533"	"0"	""			
"566.49992"	"566.499945"	"73"	""			
"566.562823"	"566.562824"	"580"	""			
"566.5772"	"566.577849"	"18"	""			
"566.8338"	"566.833897"	"30"	""			
"566.8786"	"566.87970"	"9"	""			
"566.8890"	"566.889205"	"28"	""			
"566.9232"	"566.923595"	"9"	""			
"566.9842"	"566.984382"	"190"	""			
"567.0673"	"567.066975"	"11"	""			
"567.4119"	"567.41215"	"19"	""			
"567.50277"	"567.502772"	"210"	""			
"567.9420"	"567.94249"	"9"	""			
"568.0489"	"568.04925"	"20"	""			
"568.1249"	"568.124830"	"81"	""			
"568.2436"	"568.24415"	"50"	""			
"568.4171"	"568.417388"	"20"	""			
"568.7682"	"568.76841"	"100"	""			
"568.8931"	"568.89179"	"210"	""			
"569.1092"	"569.109745"	"210"	""			
"569.1628"	"569.163890"	"150"	""			
"569.1804"	"569.180713"	"20"	""			
"569.2850"	"569.285347"	"16"	""			
"569.2940"	"569.293896"	"8"	""			
"569.6084"	"569.608739"	"21"	""			
"569.9220"	"569.92138"	"53"	""			
"569.9376"	"569.937253"	"15"	""			
"570.0060"	"570.007170"	"32"	""			
"570.04584"	"570.045833"	"600"	""			
"570.0521"	"570.053328"	"0"	""			
"570.06963"	"570.069646"	"550"	""			
"570.091760"	"570.091756"	"2200"	""			
"570.32715"	"570.327146"	"81"	""			
"570.39411"	"570.394219"	"98"	""			
"570.6145"	"570.614631"	"53"	""			
"570.710332"	"570.710332"	"2900"	""			
"570.9102"	"570.91054"	"33"	""			
"571.25895"	"571.258928"	"98"	""			
"571.3519"	"571.351606"	"33"	""			
"571.3828"	"571.38291"	"11"	""			
"571.4893"	"571.489202"	"13"	""			
"571.7328"	"571.73282"	"56"	""			
"572.0952"	"572.09533"	"21"	""			
"572.1618"	"572.16126"	"22"	""			
"572.1655"	"572.16684"	"11"	""			
"572.50114"	"572.501162"	"180"	""			
"572.55831"	"572.558289"	"170"	""			
"573.1471"	"573.146581"	"13"	""			
"573.297534"	"573.297513"	"710"	""			
"573.4526"	"573.452667"	"11"	""			
"573.6142"	"573.614345"	"45"	""			
"573.8306"	"573.829817"	"290"	""			
"573.8515"	"573.85098"	"11"	""			
"573.8819"	"573.881712"	"34"	""			
"574.11704"	"574.117028"	"460"	""			
"574.1379"	"574.138376"	"170"	""			
"574.20837"	"574.208371"	"580"	""			
"574.26558"	"574.265499"	"64"	""			
"574.3810"	"574.381610"	"23"	""			
"574.56754"	"574.567513"	"110"	""			
"574.7521"	"574.752806"	"170"	""			
"574.9012"	"574.901571"	"170"	""			
"574.9157"	"574.915882"	"34"	""			
"574.938832"	"574.938828"	"830"	""			
"574.9582"	"574.958526"	"460"	""			
"575.0117"	"575.01183"	"23"	""			
"575.0556"	"575.055918"	"290"	""			
"575.1173"	"575.11762"	"23"	""			
"575.2303"	"575.230686"	"57"	""			
"575.45511"	"575.455181"	"92"	""			
"575.71037"	"575.710308"	"100"	""			
"575.7558"	"575.756412"	"12"	""			
"575.76551"	"575.765427"	"43"	""			
"575.89231"	"575.891734"	"71"	""			
"576.1018"	"576.102474"	"46"	""			
"576.2096"	"576.209919"	"34"	""			
"576.2237"	"576.224004"	"34"	""			
"576.3645"	"576.365068"	"120"	""			
"576.4766"	"576.47732"	"11"	""			
"576.5700"	"576.56967"	"7"	""			
"576.5947"	"576.594975"	"120"	""			
"576.6470"	"576.64712"	"34"	""			
"576.7459"	"576.745935"	"46"	""			
"577.01424"	"577.01523"	"38"	""			
"577.1144"	"577.114405"	"230"	""			
"577.2529"	"577.25291"	"46"	""			
"577.5035"	"577.503984"	"23"	""			
"577.5795"	"577.57967"	"11"	""			
"577.70993"	"577.709738"	"69"	""			
"577.8082"	"577.807959"	"180"	""			
"577.97499"	"577.974353"	"35"	""			
"578.2043"	"578.204553"	"13"	""			
"578.2499"	"578.250281"	"11"	""			
"578.32081"	"578.320411"	"58"	""			
"578.3757"	"578.376328"	"11"	""			
"578.4385"	"578.437717"	"10"	""			
"578.48624"	"578.486267"	"130"	""			
"578.5498"	"578.55098"	"35"	""			
"578.66647"	"578.667482"	"38"	""			
"578.7541"	"578.754693"	"120"	""			
"578.8193"	"578.819490"	"120"	""			
"579.0136"	"579.014103"	"35"	""			
"579.4377"	"579.437962"	"240"	""			
"579.59568"	"579.595275"	"34"	""			
"579.64179"	"579.641766"	"280"	""			
"579.8910"	"579.890452"	"23"	""			
"580.1814"	"580.181139"	"20"	""			
"580.2239"	"580.223367"	"300"	""			
"580.4589"	"580.45855"	"12"	""			
"580.62806"	"580.628039"	"210"	""			
"580.80757"	"580.807601"	"34"	""			
"580.8978"	"580.897229"	"48"	""			
"580.94143"	"580.941944"	"32"	""			
"581.0973"	"581.09709"	"97"	""			
"581.2107"	"581.209451"	"12"	""			
"581.28587"	"581.285701"	"41"	""			
"581.542180"	"581.542183"	"1200"	""			
"581.6994"	"581.70069"	"97"	""			
"581.73168"	"581.731372"	"64"	""			
"581.77347"	"581.773432"	"130"	""			
"581.8624"	"581.86344"	"12"	""			
"582.01688"	"582.016911"	"120"	""			
"582.03798"	"582.037942"	"150"	""			
"582.25217"	"582.252189"	"93"	""			
"582.6770"	"582.67691"	"9"	""			
"582.88670"	"582.88702"	"36"	""			
"583.0492"	"583.05035"	"120"	""			
"583.1919"	"583.192915"	"25"	""			
"583.2941"	"583.29534"	"12"	""			
"583.5881"	"583.588433"	"62"	""			
"583.6678"	"583.667746"	"10"	""			
"583.7485"	"583.748632"	"0"	""			
"583.89501"	"583.895004"	"470"	""			
"584.9999"	"584.999723"	"12"	""			
"585.0259"	"585.02586"	"15"	""			
"585.21763"	"585.217441"	"32"	""			
"585.3059"	"585.30647"	"62"	""			
"585.3770"	"585.376817"	"25"	""			
"585.5023"	"585.50293"	"15"	""			
"585.6385"	"585.638031"	"27"	""			
"585.95252"	"585.952575"	"330"	""			
"585.96686"	"585.966887"	"490"	""			
"586.0879"	"586.08892"	"12"	""			
"586.7348"	"586.734301"	"0"	""			
"586.7621"	"586.761062"	"25"	""			
"587.05526"	"587.055285"	"580"	""			
"587.1447"	"587.145089"	"25"	""			
"587.2312"	"587.231213"	"0"	""			
"587.26027"	"587.260257"	"360"	""			
"587.43513"	"587.435101"	"170"	""			
"587.5279"	"587.528186"	"12"	""			
"587.5500"	"587.549176"	"16"	""			
"587.5568"	"587.556932"	"9"	""			
"587.7164"	"587.71651"	"10"	""			
"587.82763"	"587.827589"	"140*"	""			
"587.9048"	"587.90473"	"25"	""			
"587.9479"	"587.948138"	"63"	""			
"588.1414"	"588.141917"	"25"	""			
"588.4178"	"588.41814"	"25"	""			
"588.63477"	"588.634739"	"100"	""			
"588.7815"	"588.78168"	"12"	""			
"588.82625"	"588.826177"	"160"	""			
"589.34747"	"589.347497"	"130"	""			
"589.63631"	"589.636295"	"350"	""			
"589.94055"	"589.940527"	"210"	""			
"590.1754"	"590.176301"	"0"	""			
"590.1999"	"590.199660"	"25"	""			
"590.2364"	"590.23672"	"20"	""			
"590.41592"	"590.415973"	"310"	""			
"590.63196"	"590.631870"	"34"	""			
"590.8244"	"590.823855"	"63"	""			
"590.8403"	"590.840186"	"320"	""			
"591.0041"	"591.00296"	"64"	""			
"591.0104"	"591.00916"	"18"	""			
"591.0507"	"591.050686"	"64"	""			
"591.1360"	"591.13596"	"64"	""			
"591.2104"	"591.210485"	"51"	""			
"591.438580"	"591.438576"	"930"	""			
"591.6347"	"591.635239"	"12"	""			
"591.8808"	"591.879682"	"190"	""			
"592.43887"	"592.43888"	"170"	""			
"592.589182"	"592.589202"	"620"	""			
"592.6780"	"592.677579"	"38"	""			
"592.69394"	"592.694018"	"58"	""			
"592.7949"	"592.795214"	"12"	""			
"592.9141"	"592.91443"	"12"	""			
"592.94802"	"592.948029"	"200"	""			
"593.0957"	"593.095744"	"25"	""			
"593.21265"	"593.212533"	"58"	""			
"593.2701"	"593.270907"	"0"	""			
"593.4714"	"593.471301"	"12"	""			
"593.6602"	"593.660565"	"12"	""			
"593.85760"	"593.857588"	"220"	""			
"594.21201"	"594.212475"	"44"	""			
"594.27955"	"594.279553"	"320"	""			
"594.4054"	"594.405755"	"25"	""			
"594.4112"	"594.411529"	"12"	""			
"594.5021"	"594.50073"	"11"	""			
"594.5616"	"594.561755"	"12"	""			
"594.6922"	"594.692739"	"12"	""			
"594.8555"	"594.855693"	"21"	""			
"595.0888"	"595.08987"	"25"	""			
"595.2290"	"595.23061"	"5"	""			
"595.2350"	"595.233628"	"64"	""			
"595.5936"	"595.594695"	"19"	""			
"595.6804"	"595.679928"	"15"	""			
"595.7091"	"595.709023"	"26"	""			
"595.7736"	"595.77453"	"65"	""			
"595.8072"	"595.806904"	"39"	""			
"596.0372"	"596.03695"	"52"	""			
"596.19646"	"596.196463"	"220"	""			
"596.21752"	"596.217288"	"100"	""			
"597.2789"	"597.278031"	"52"	""			
"597.48618"	"597.48612"	"97"	""			
"597.6118"	"597.612667"	"13"	""			
"597.6437"	"597.642838"	"39"	""			
"597.8069"	"597.807528"	"65"	""			
"598.1385"	"598.138140"	"13"	""			
"598.18847"	"598.188470"	"220"	""			
"598.39994"	"598.399088"	"47"	""			
"598.52082"	"598.520883"	"49"	""			
"598.904476"	"598.904476"	"3700"	""			
"598.9200"	"598.920781"	"0"	""			
"598.9893"	"598.98940"	"13"	""			
"598.9987"	"598.999207"	"13"	""			
"599.0265"	"599.026659"	"36"	""			
"599.1711"	"599.170921"	"26"	""			
"599.3268"	"599.32731"	"39"	""			
"599.8655"	"599.865843"	"39"	""			
"600.23664"	"600.235926"	"50"	""			
"600.7591"	"600.75891"	"52"	""			
"600.9113"	"600.911038"	"65"	""			
"601.1349"	"601.135067"	"330"	""			
"601.542178"	"601.542187"	"610"	""			
"601.5769"	"601.57669"	"13"	""			
"601.89934"	"601.899401"	"220"	""			
"601.9215"	"601.921451"	"13"	""			
"602.14113"	"602.141164"	"250"	""			
"602.2149"	"602.21418"	"53"	""			
"602.2223"	"602.22204"	"110"	""			
"602.4934"	"602.49326"	"110"	""			
"602.5616"	"602.561416"	"53"	""			
"602.6238"	"602.62475"	"19"	""			
"602.7481"	"602.748232"	"66"	""			
"602.7952"	"602.795215"	"26"	""			
"602.8863"	"602.886463"	"130"	""			
"603.0808"	"603.08124"	"13"	""			
"603.1911"	"603.190847"	"130"	""			
"603.23172"	"603.231742"	"230"	""			
"603.2432"	"603.243814"	"0"	""			
"603.2665"	"603.267367"	"0"	""			
"603.3189"	"603.31824"	"23"	""			
"603.4139"	"603.41356"	"13"	""			
"603.45410"	"603.454004"	"160"	""			
"603.8308"	"603.830896"	"40"	""			
"604.0120"	"604.01201"	"40"	""			
"604.1430"	"604.14236"	"12"	""			
"604.1628"	"604.162576"	"67"	""			
"604.29610"	"604.296017"	"170"	""			
"604.443280"	"604.443272"	"840"	""			
"604.5467"	"604.547413"	"26"	""			
"604.8174"	"604.81641"	"40"	""			
"604.97721"	"604.977282"	"140"	""			
"604.9925"	"604.99283"	"110"	""			
"605.4535"	"605.45380"	"27"	""			
"605.5160"	"605.51600"	"40"	""			
"605.81813"	"605.818138"	"190"	""			
"605.8273"	"605.82727"	"40"	""			
"605.86123"	"605.861294"	"100"	""			
"605.9535"	"605.953852"	"27"	""			
"606.0230"	"606.023382"	"40"	""			
"606.1486"	"606.148980"	"40"	""			
"606.2431"	"606.243294"	"40"	""			
"606.2614"	"606.26157"	"200"	""			
"606.3068"	"606.30692"	"110"	""			
"606.3355"	"606.33586"	"27"	""			
"606.6330"	"606.63197"	"54"	""			
"606.64973"	"606.64968"	"190"	""			
"606.70803"	"606.708052"	"200"	""			
"606.8043"	"606.804779"	"27"	""			
"607.0034"	"607.003530"	"54"	""			
"607.0892"	"607.09007"	"40"	""			
"607.1415"	"607.142053"	"27"	""			
"607.310351"	"607.310364"	"750"	""			
"607.3710"	"607.37146"	"40"	""			
"607.6196"	"607.619658"	"13"	""			
"607.6639"	"607.664259"	"40"	""			
"607.73666"	"607.736435"	"120"	""			
"607.8588"	"607.85927"	"68"	""			
"607.89717"	"607.897170"	"110"	""			
"608.52554"	"608.525563"	"450"	""			
"608.5430"	"608.54351"	"27"	""			
"608.5998"	"608.600813"	"54"	""			
"608.72622"	"608.726226"	"1000"	""			
"608.7387"	"608.740255"	"41"	""			
"608.7576"	"608.758621"	"0"	""			
"609.01119"	"609.011379"	"90"	""			
"609.0816"	"609.081108"	"110"	""			
"609.71945"	"609.719336"	"130"	""			
"609.908329"	"609.908322"	"830"	""			
"609.9804"	"609.98078"	"41"	""			
"610.0578"	"610.058480"	"13"	""			
"610.36417"	"610.364137"	"270"	""			
"610.45823"	"610.458237"	"1000"	""			
"610.6613"	"610.661206"	"26"	""			
"610.8411"	"610.84079"	"140"	""			
"610.8922"	"610.891856"	"41"	""			
"611.283760"	"611.283752"	"1300"	""			
"611.39635"	"611.396331"	"54"	""			
"612.055662"	"612.055648"	"610"	""			
"612.2337"	"612.232999"	"0"	""			
"612.27477"	"612.275354"	"42"	""			
"612.4675"	"612.46682"	"14"	""			
"612.57396"	"612.573904"	"250"	""			
"613.19636"	"613.196451"	"94"	""			
"613.2219"	"613.221929"	"22"	""			
"613.4794"	"613.479811"	"29"	""			
"613.5151"	"613.51353"	"14"	""			
"613.8526"	"613.851747"	"0"	""			
"613.86465"	"613.864643"	"340"	""			
"614.4565"	"614.45621"	"22"	""			
"614.52833"	"614.528281"	"280"	""			
"614.6272"	"614.627019"	"14"	""			
"614.7454"	"614.746681"	"43"	""			
"614.8788"	"614.87786"	"23"	""			
"615.4119"	"615.41342"	"0"	""			
"615.9060"	"615.90499"	"30"	""			
"615.9840"	"615.984137"	"0"	""			
"616.3249"	"616.325208"	"14"	""			
"616.7059"	"616.70624"	"0"	""			
"616.8580"	"616.85913"	"29"	""			
"617.0871"	"617.08641"	"16"	""			
"617.2044"	"617.205271"	"15"	""			
"617.7072"	"617.70765"	"19"	""			
"617.8549"	"617.855181"	"0"	""			
"617.8885"	"617.88872"	"45"	""			
"617.98488"	"617.984902"	"160"	""			
"618.0043"	"618.005711"	"7"	""			
"618.4390"	"618.438809"	"120"	""			
"618.4469"	"618.446801"	"30"	""			
"618.47368"	"618.473638"	"350"	""			
"618.80531"	"618.80514"	"140"	""			
"618.9417"	"618.941779"	"0"	""			
"619.38563"	"619.385659"	"570"	""			
"619.3978"	"619.39853"	"0"	""			
"619.4315"	"619.431658"	"0"	""			
"619.63965"	"619.639660"	"200"	""			
"619.90623"	"619.905937"	"47"	""			
"620.04326"	"620.043266"	"370"	""			
"620.0551"	"620.055250"	"0"	""			
"620.41281"	"620.412772"	"140"	""			
"620.4768"	"620.476897"	"23"	""			
"620.52561"	"620.525664"	"120"	""			
"620.6820"	"620.682498"	"0"	""			
"620.7477"	"620.748366"	"30"	""			
"621.1607"	"621.16071"	"0"	""			
"621.1663"	"621.166419"	"45"	""			
"621.36547"	"621.365539"	"50"	""			
"622.15787"	"622.15786"	"95"	""			
"622.35202"	"622.351956"	"130"	""			
"622.66274"	"622.662818"	"90"	""			
"622.6935"	"622.693498"	"32"	""			
"623.11227"	"623.112312"	"130"	""			
"623.13808"	"623.138137"	"190"	""			
"623.29745"	"623.297457"	"400"	""			
"623.4297"	"623.429878"	"25"	""			
"623.5355"	"623.535324"	"33"	""			
"623.5793"	"623.580018"	"15"	""			
"623.8244"	"623.825183"	"0"	""			
"623.8970"	"623.897671"	"15"	""			
"623.90818"	"623.908304"	"39"	""			
"623.9543"	"623.95446"	"30"	""			
"624.14162"	"624.141909"	"130"	""			
"624.1694"	"624.169220"	"30"	""			
"624.3103"	"624.311811"	"0"	""			
"624.50409"	"624.504076"	"200"	""			
"624.56183"	"624.561857"	"200"	""			
"624.69297"	"624.692954"	"120"	""			
"624.81188"	"624.812009"	"120"	""			
"625.6107"	"625.610979"	"7"	""			
"625.6751"	"625.67508"	"16"	""			
"625.69289"	"625.692807"	"120"	""			
"625.86068"	"625.860671"	"550"	""			
"626.106436"	"626.106414"	"1100"	""			
"626.2805"	"626.280123"	"4"	""			
"626.4314"	"626.43223"	"23"	""			
"626.61737"	"626.617360"	"390"	""			
"627.411664"	"627.411667"	"2000"	""			
"627.5206"	"627.52125"	"12"	""			
"627.72385"	"627.723852"	"580"	""			
"627.91666"	"627.916682"	"790"	""			
"628.52780"	"628.527805"	"630"	""			
"628.94882"	"628.948795"	"300"	""			
"629.50612"	"629.50560"	"44"	""			
"630.2019"	"630.20327"	"4"	""			
"630.42423"	"630.424257"	"320"	""			
"632.11687"	"632.115963"	"64"	""			
"632.1631"	"632.16284"	"12"	""			
"632.2207"	"632.221033"	"24"	""			
"632.2538"	"632.25309"	"10"	""			
"632.38421"	"632.384191"	"190"	""			
"632.87607"	"632.875901"	"100"	""			
"633.25118"	"633.251205"	"210"	""			
"633.8906"	"633.89130"	"23"	""			
"634.85614"	"634.855181"	"60"	""			
"635.62198"	"635.622094"	"77"	""			
"635.86212"	"635.862142"	"480"	""			
"635.91345"	"635.913550"	"230"	""			
"636.22519"	"636.225274"	"440*"	""			
"636.32716"	"636.327195"	"220"	""			
"637.74950"	"637.749577"	"31"	""			
"637.87605"	"637.876004"	"170"	""			
"637.91735"	"637.917218"	"84"	""			
"637.9793"	"637.979638"	"25"	""			
"638.04737"	"638.047698"	"41"	""			
"638.1973"	"638.196776"	"23"	""			
"638.32244"	"638.322506"	"63"	""			
"638.33422"	"638.334270"	"350"	""			
"638.78647"	"638.78648"	"33"	""			
"639.46986"	"639.46972"	"63"	""			
"640.29353"	"640.293954"	"73"	""			
"640.85985"	"640.859836"	"320"	""			
"641.61019"	"641.610177"	"530"	""			
"642.48127"	"642.481276"	"460"	""			
"643.29576"	"643.295319"	"34"	""			
"643.6462"	"643.64775"	"12"	""			
"643.83830"	"643.838303"	"84"	""			
"643.90290"	"643.902932"	"170"	""			
"644.87258"	"644.872844"	"80"	""			
"645.2845"	"645.285781"	"6"	""			
"645.5490"	"645.548982"	"12"	""			
"646.264921"	"646.264851"	"1200bl"	""			
"647.1093"	"647.10896"	"13"	""			
"647.12132"	"647.121316"	"430"	""			
"647.8942"	"647.894160"	"15"	""			
"648.0611"	"648.060981"	"39"	""			
"648.53759"	"648.537667"	"140"	""			
"649.05840"	"649.058027"	"81"	""			
"649.4981"	"649.497812"	"12"	""			
"650.35112"	"650.351097"	"430"	""			
"650.9488"	"650.94833"	"16"	""			
"651.09969"	"651.099687"	"190"	""			
"651.12518"	"651.125292"	"200"	""			
"651.13549"	"651.135725"	"210"	""			
"651.84443"	"651.844257"	"95"	""			
"651.8963"	"651.89703"	"17"	""			
"652.0938"	"652.09466"	"71"	""			
"652.9947"	"652.99549"	"0"	""			
"653.1769"	"653.177267"	"0"	""			
"653.22213"	"653.222249"	"130"	""			
"653.5645"	"653.565390"	"17"	""			
"654.0141"	"654.01525"	"74"	""			
"654.4597"	"654.459591"	"18"	""			
"654.6776"	"654.677239"	"15"	""			
"655.05475"	"655.054817"	"100"	""			
"655.8576"	"655.857287"	"18"	""			
"655.90874"	"655.908722"	"170"	""			
"656.00574"	"656.005798"	"260"	""			
"656.1244"	"656.12485"	"0"	""			
"656.1462"	"656.14606"	"0"	""			
"656.1566"	"656.15535"	"18"	""			
"656.4960"	"656.49617"	"21"	""			
"656.5895"	"656.589392"	"30"	""			
"656.6199"	"656.61927"	"13"	""			
"656.9057"	"656.90743"	"94"	""			
"656.96322"	"656.963231"	"450"	""			
"657.0097"	"657.01150"	"18"	""			
"657.28821"	"657.288139"	"120"	""			
"657.3477"	"657.347613"	"37"	""			
"657.39825"	"657.398159"	"120"	""			
"657.6800"	"657.679936"	"0"	""			
"657.765625"	"657.765630"	"650"	""			
"657.8923"	"657.89165"	"37"	""			
"658.3310"	"658.33096"	"160"	""			
"658.3585"	"658.35791"	"97"	""			
"658.4276"	"658.427910"	"160"	""			
"658.59989"	"658.599865"	"100"	""			
"659.1790"	"659.17936"	"0"	""			
"659.2554"	"659.25454"	"18"	""			
"659.36078"	"659.360526"	"57"	""			
"659.4891"	"659.489896"	"27"	""			
"660.11294"	"660.113041"	"160"	""			
"660.1537"	"660.154866"	"100"	""			
"660.4106"	"660.41046"	"16"	""			
"660.541619"	"660.541639"	"840"	""			
"661.0306"	"661.030680"	"20"	""			
"661.1194"	"661.119796"	"60"	""			
"661.4115"	"661.41244"	"15"	""			
"661.5345"	"661.53438"	"60"	""			
"661.5482"	"661.54790"	"20"	""			
"661.6845"	"661.684058"	"12"	""			
"661.70580"	"661.705788"	"510"	""			
"661.9616"	"661.962196"	"60"	""			
"661.994584"	"661.994581"	"1200"	""			
"662.2127"	"662.212355"	"20"	""			
"662.8168"	"662.816795"	"25"	""			
"662.9021"	"662.90359"	"7"	""			
"663.1806"	"663.18083"	"20"	""			
"663.34578"	"663.345772"	"160"	""			
"663.7032"	"663.702784"	"20"	""			
"664.3374"	"664.337797"	"20"	""			
"664.464969"	"664.465068"	"670"	""			
"664.65407"	"664.654101"	"640"	""			
"664.7693"	"664.769217"	"40"	""			
"664.84954"	"664.849556"	"450"	""			
"664.89586"	"664.895826"	"500"	""			
"665.1000"	"665.09987"	"20"	""			
"665.9496"	"665.948337"	"20"	""			
"666.26321"	"666.263058"	"110"	""			
"666.4956"	"666.496438"	"82"	""			
"668.7124"	"668.71255"	"37"	""			
"669.2128"	"669.21360"	"9"	""			
"669.27262"	"669.272630"	"330"	""			
"670.0487"	"670.049245"	"42"	""			
"670.0518"	"670.05246"	"20"	""			
"670.38966"	"670.389694"	"140"	""			
"670.40510"	"670.404724"	"250*"	""			
"670.40510"	"670.405490"	"250*"	""			
"670.8079"	"670.80710"	"11"	""			
"671.4497"	"671.448956"	"11"	""			
"671.51885"	"671.518852"	"160"	""			
"672.53767"	"672.53805"	"130*"	""			
"673.2242"	"673.224258"	"64"	""			
"674.25009"	"674.250024"	"76"	""			
"675.65370"	"675.653837"	"410"	""			
"675.7310"	"675.730102"	"0"	""			
"676.08923"	"676.089284"	"170"	""			
"676.57183"	"676.571833"	"230"	""			
"676.6341"	"676.634608"	"180"	""			
"676.7943"	"676.794129"	"17"	""			
"676.8164"	"676.816608"	"21"	""			
"676.9126"	"676.913489"	"31"	""			
"676.9387"	"676.938075"	"39"	""			
"677.01068"	"677.010694"	"370"	""			
"677.1323"	"677.132726"	"65"	""			
"677.9987"	"677.998393"	"340"	""			
"678.4159"	"678.41597"	"22"	""			
"678.4629"	"678.46277"	"22"	""			
"678.6363"	"678.636507"	"22"	""			
"678.9687"	"678.969347"	"22"	""			
"679.2470"	"679.24633"	"22"	""			
"679.67827"	"679.678270"	"160"	""			
"679.7834"	"679.78242"	"6"	""			
"680.47382"	"680.473716"	"160"	""			
"681.05494"	"681.054990"	"330"	""			
"681.1500"	"681.14985"	"12"	""			
"681.27752"	"681.277523"	"290"	""			
"683.2186"	"683.217502"	"17"	""			
"683.28927"	"683.289209"	"150"	""			
"684.5132"	"684.51287"	"24"	""			
"684.5867"	"684.586761"	"40"	""			
"685.05389"	"685.053911"	"46"	""			
"685.1210"	"685.121542"	"24"	""			
"685.45128"	"685.451102"	"120"	""			
"686.86383"	"686.864152"	"100"	""			
"686.9274"	"686.925946"	"49"	""			
"687.0152"	"687.015120"	"37"	""			
"687.30543"	"687.305512"	"130"	""			
"687.7874"	"687.787506"	"23"	""			
"688.8720"	"688.87290"	"250"	""			
"688.930330"	"688.930338"	"730"	""			
"689.1087"	"689.10775"	"24"	""			
"689.2639"	"689.26229"	"16"	""			
"689.8146"	"689.81312"	"0"	""			
"690.06135"	"690.06133"	"110"	""			
"690.3086"	"690.308186"	"49"	""			
"690.7374"	"690.737556"	"15"	""			
"690.98491"	"690.984948"	"730"	""			
"691.0690"	"691.067423"	"25"	""			
"691.50055"	"691.500435"	"96"	""			
"691.7036"	"691.703893"	"76"	""			
"692.1432"	"692.143761"	"51"	""			
"692.9689"	"692.968640"	"51"	""			
"693.2458"	"693.245953"	"51"	""			
"693.7080"	"693.706870"	"0"	""			
"693.8967"	"693.89558"	"0"	""			
"694.6781"	"694.67686"	"25"	""			
"695.29666"	"695.296655"	"280"	""			
"695.3230"	"695.322035"	"0"	""			
"695.6332"	"695.632296"	"25"	""			
"697.5478"	"697.54677"	"25"	""			
"698.54719"	"698.547181"	"160"	""			
"699.26966"	"699.269627"	"230"	""			
"699.303709"	"699.303699"	"860"	""			
"699.5930"	"699.592415"	"52"	""			
"700.8051"	"700.804566"	"54"	""			
"704.579704"	"704.579713"	"1100"	""			
"705.36194"	"705.361972"	"620"	""			
"707.50006"	"707.500059"	"120"	""			
"707.533358"	"707.533362"	"850"	""			
"707.8262"	"707.827889"	"140"	""			
"708.4983"	"708.49862"	"55"	""			
"708.7595"	"708.757462"	"0"	""			
"708.93395"	"708.933943"	"670"	""			
"708.9699"	"708.970724"	"110"	""			
"710.05145"	"710.051438"	"430"	""			
"710.9371"	"710.935412"	"0"	""			
"711.39879"	"711.398766"	"170"	""			
"711.9977"	"711.99597"	"0"	""			
"712.0334"	"712.03267"	"29"	""			
"712.4286"	"712.426818"	"0"	""			
"713.2509"	"713.249790"	"120"	""			
"713.9861"	"713.986103"	"150"	""			
"714.04617"	"714.046237"	"250"	""			
"714.5793"	"714.579697"	"90"	""			
"715.1197"	"715.12071"	"90"	""			
"715.7067"	"715.705013"	"0"	""			
"716.0764"	"716.077189"	"30"	""			
"716.6514"	"716.64974"	"0"	""			
"717.2987"	"717.29780"	"30"	""			
"717.41350"	"717.41331"	"300"	""			
"717.61860"	"717.618566"	"140"	""			
"717.67213"	"717.672141"	"370"	""			
"717.9048"	"717.90481"	"30"	""			
"718.1903"	"718.188574"	"30"	""			
"718.7438"	"718.742280"	"61"	""			
"718.8415"	"718.840918"	"91"	""			
"719.113302"	"719.113260"	"1200"	""			
"719.4925"	"719.492639"	"91"	""			
"719.59576"	"719.595829"	"84"	""			
"721.6158"	"721.615467"	"120"	""			
"721.77566"	"721.775639"	"500"	""			
"722.51099"	"722.510967"	"130"	""			
"723.92645"	"723.926199"	"79"	""			
"724.0981"	"724.099071"	"160"	""			
"724.22842"	"724.22863"	"85*"	""			
"725.05895"	"725.059070"	"130"	""			
"725.7189"	"725.719647"	"120"	""			
"728.9438"	"728.944062"	"95"	""			
"730.54043"	"730.540433"	"560"	""			
"730.8515"	"730.850705"	"160"	""			
"731.2255"	"731.225574"	"63"	""			
"732.3851"	"732.384650"	"130"	""			
"733.2015"	"733.201737"	"95"	""			
"733.55772"	"733.557607"	"200"	""			
"733.77812"	"733.778162"	"130"	""			
"733.8591"	"733.859078"	"160"	""			
"734.63428"	"734.634254"	"140"	""			
"734.70430"	"734.704359"	"120"	""			
"734.9315"	"734.931058"	"95"	""			
"735.2581"	"735.25636"	"160"	""			
"735.30168"	"735.301731"	"180"	""			
"735.4610"	"735.460326"	"63"	""			
"735.83449"	"735.834511"	"140"	""			
"735.9069"	"735.906501"	"63"	""			
"738.0156"	"738.015141"	"260"	""			
"738.9264"	"738.926093"	"640"	""			
"739.343796"	"739.343785"	"1100"	""			
"739.60118"	"739.601290"	"65"	""			
"739.97241"	"739.97264"	"70"	""			
"741.17387"	"741.173831"	"330"	""			
"741.2008"	"741.200063"	"130"	""			
"741.4052"	"741.404643"	"160"	""			
"743.1378"	"743.137876"	"160"	""			
"743.1680"	"743.168744"	"130"	""			
"743.7708"	"743.77053"	"64"	""			
"743.8494"	"743.848575"	"64"	""			
"743.9086"	"743.908597"	"260"	""			
"745.4096"	"745.40913"	"64"	""			
"747.9821"	"747.98065"	"100"	""			
"748.3374"	"748.33601"	"66"	""			
"748.4002"	"748.39929"	"33"	""			
"748.77171"	"748.771573"	"100"	""			
"748.8169"	"748.81699"	"66"	""			
"749.01092"	"749.010751"	"100"	""			
"749.7882"	"749.78842"	"130"	""			
"750.87924"	"750.879498"	"66"	""			
"750.9517"	"750.952917"	"33"	""			
"751.13498"	"751.135001"	"390"	""			
"751.4604"	"751.460240"	"33"	""			
"751.48963"	"751.489717"	"75*"	""			
"752.2654"	"752.265358"	"67"	""			
"752.53276"	"752.532805"	"130"	""			
"752.550742"	"752.550765"	"1800"	""			
"752.84891"	"752.848740"	"200"	""			
"753.4224"	"753.423357"	"100"	""			
"753.64364"	"753.643878"	"220"	""			
"754.7309"	"754.729087"	"34"	""			
"755.6892"	"755.688650"	"34"	""			
"756.65296"	"756.652958"	"480"	""			
"760.8659"	"760.866148"	"68"	""			
"761.4810"	"761.478769"	"100"	""			
"761.6576"	"761.655939"	"34"	""			
"762.05895"	"762.058856"	"59"	""			
"762.3440"	"762.343509"	"34"	""			
"762.35682"	"762.356849"	"75"	""			
"762.43122"	"762.431212"	"140"	""			
"763.3890"	"763.390296"	"69"	""			
"763.7767"	"763.775988"	"34"	""			
"764.49649"	"764.496467"	"120"	""			
"767.62195"	"767.621975"	"370"	""			
"768.53073"	"768.530731"	"740"	""			
"770.11081"	"770.110784"	"220"	""			
"770.95522"	"770.955193"	"260*"	""			
"770.95522"	"770.95524"	"260*"	""			
"772.9542"	"772.952291"	"72"	""			
"773.17386"	"773.173827"	"550"	""			
"774.39552"	"774.395523"	"130"	""			
"774.7415"	"774.74292"	"180"	""			
"774.8368"	"774.837719"	"72"	""			
"776.46539"	"776.465419"	"92"	""			
"777.3429"	"777.342109"	"73"	""			
"778.4608"	"778.460462"	"73"	""			
"778.6444"	"778.64306"	"73"	""			
"778.78003"	"778.780029"	"660"	""			
"780.6029"	"780.604505"	"150"	""			
"780.7026"	"780.70370"	"180"	""			
"781.1159"	"781.114963"	"73"	""			
"781.5866"	"781.58481"	"36"	""			
"781.61535"	"781.614873"	"130*"	""			
"781.8331"	"781.83474"	"150"	""			
"782.4041"	"782.404275"	"74"	""			
"783.37737"	"783.377474"	"71"	""			
"783.44578"	"783.445789"	"620"	""			
"783.4805"	"783.482131"	"74"	""			
"783.5266"	"783.526227"	"74"	""			
"783.6081"	"783.605735"	"37"	""			
"783.6703"	"783.66843"	"0"	""			
"784.96255"	"784.962558"	"280"	""			
"785.3482"	"785.345936"	"0"	""			
"786.33999"	"786.339994"	"180"	""			
"787.1284"	"787.13065"	"150"	""			
"787.54627"	"787.546331"	"170"	""			
"787.70757"	"787.707568"	"150"	""			
"788.0761"	"788.077415"	"150"	""			
"788.3986"	"788.39775"	"37"	""			
"789.1743"	"789.176343"	"110"	""			
"789.2892"	"789.28765"	"110"	""			
"789.47914"	"789.478959"	"60"	""			
"789.64260"	"789.642562"	"160"	""			
"792.89545"	"792.895429"	"55"	""			
"793.3275"	"793.325425"	"74"	""			
"793.4889"	"793.48698"	"0"	""			
"793.6475"	"793.64789"	"74"	""			
"794.50700"	"794.50696"	"200"	""			
"794.5845"	"794.58303"	"0"	""			
"797.2881"	"797.28767"	"160"	""			
"797.3517"	"797.35186"	"200"	""			
"798.12264"	"798.122645"	"280"	""			
"798.16774"	"798.167755"	"140"	""			
"798.3722"	"798.371524"	"39"	""			
"798.43686"	"798.436847"	"72"	""			
"800.64583"	"800.645546"	"120*"	""			
"801.56430"	"801.564174"	"96*"	""			
"802.0742"	"802.07422"	"79"	""			
"803.68332"	"803.682905"	"95"	""			
"805.3010"	"805.301411"	"39"	""			
"805.3584"	"805.35784"	"39"	""			
"805.45357"	"805.453562"	"150"	""			
"808.26845"	"808.26907"	"81*"	""			
